/*--------------------------------*- C++ -*----------------------------------*\
| =========                 |                                                 |
| \\      /  F ield         | OpenFOAM: The Open Source CFD Toolbox           |
|  \\    /   O peration     | Version:  2512                                  |
|   \\  /    A nd           | Website:  www.openfoam.com                      |
|    \\/     M anipulation  |                                                 |
\*---------------------------------------------------------------------------*/
FoamFile
{
    version     2.0;
    format      ascii;
    arch        "LSB;label=32;scalar=64";
    note        "nPoints:102480  nCells:50400  nFaces:202440  nInternalFaces:99960";
    class       labelList;
    location    "constant/polyMesh";
    object      neighbour;
}
// * * * * * * * * * * * * * * * * * * * * * * * * * * * * * * * * * * * * * //


99960
(
1
160
2
161
3
162
4
163
5
164
6
165
7
166
8
167
9
168
10
169
11
170
12
171
13
172
14
173
15
174
16
175
17
176
18
177
19
178
20
179
21
180
22
181
23
182
24
183
25
184
26
185
27
186
28
187
29
188
30
189
31
190
32
191
33
192
34
193
35
194
36
195
37
196
38
197
39
198
40
199
41
200
42
201
43
202
44
203
45
204
46
205
47
206
48
207
49
208
50
209
51
210
52
211
53
212
54
213
55
214
56
215
57
216
58
217
59
218
60
219
61
220
62
221
63
222
64
223
65
224
66
225
67
226
68
227
69
228
70
229
71
230
72
231
73
232
74
233
75
234
76
235
77
236
78
237
79
238
80
239
81
240
82
241
83
242
84
243
85
244
86
245
87
246
88
247
89
248
90
249
91
250
92
251
93
252
94
253
95
254
96
255
97
256
98
257
99
258
100
259
101
260
102
261
103
262
104
263
105
264
106
265
107
266
108
267
109
268
110
269
111
270
112
271
113
272
114
273
115
274
116
275
117
276
118
277
119
278
120
279
121
280
122
281
123
282
124
283
125
284
126
285
127
286
128
287
129
288
130
289
131
290
132
291
133
292
134
293
135
294
136
295
137
296
138
297
139
298
140
299
141
300
142
301
143
302
144
303
145
304
146
305
147
306
148
307
149
308
150
309
151
310
152
311
153
312
154
313
155
314
156
315
157
316
158
317
159
318
319
13200
161
320
162
321
163
322
164
323
165
324
166
325
167
326
168
327
169
328
170
329
171
330
172
331
173
332
174
333
175
334
176
335
177
336
178
337
179
338
180
339
181
340
182
341
183
342
184
343
185
344
186
345
187
346
188
347
189
348
190
349
191
350
192
351
193
352
194
353
195
354
196
355
197
356
198
357
199
358
200
359
201
360
202
361
203
362
204
363
205
364
206
365
207
366
208
367
209
368
210
369
211
370
212
371
213
372
214
373
215
374
216
375
217
376
218
377
219
378
220
379
221
380
222
381
223
382
224
383
225
384
226
385
227
386
228
387
229
388
230
389
231
390
232
391
233
392
234
393
235
394
236
395
237
396
238
397
239
398
240
399
241
400
242
401
243
402
244
403
245
404
246
405
247
406
248
407
249
408
250
409
251
410
252
411
253
412
254
413
255
414
256
415
257
416
258
417
259
418
260
419
261
420
262
421
263
422
264
423
265
424
266
425
267
426
268
427
269
428
270
429
271
430
272
431
273
432
274
433
275
434
276
435
277
436
278
437
279
438
280
439
281
440
282
441
283
442
284
443
285
444
286
445
287
446
288
447
289
448
290
449
291
450
292
451
293
452
294
453
295
454
296
455
297
456
298
457
299
458
300
459
301
460
302
461
303
462
304
463
305
464
306
465
307
466
308
467
309
468
310
469
311
470
312
471
313
472
314
473
315
474
316
475
317
476
318
477
319
478
479
13260
321
480
322
481
323
482
324
483
325
484
326
485
327
486
328
487
329
488
330
489
331
490
332
491
333
492
334
493
335
494
336
495
337
496
338
497
339
498
340
499
341
500
342
501
343
502
344
503
345
504
346
505
347
506
348
507
349
508
350
509
351
510
352
511
353
512
354
513
355
514
356
515
357
516
358
517
359
518
360
519
361
520
362
521
363
522
364
523
365
524
366
525
367
526
368
527
369
528
370
529
371
530
372
531
373
532
374
533
375
534
376
535
377
536
378
537
379
538
380
539
381
540
382
541
383
542
384
543
385
544
386
545
387
546
388
547
389
548
390
549
391
550
392
551
393
552
394
553
395
554
396
555
397
556
398
557
399
558
400
559
401
560
402
561
403
562
404
563
405
564
406
565
407
566
408
567
409
568
410
569
411
570
412
571
413
572
414
573
415
574
416
575
417
576
418
577
419
578
420
579
421
580
422
581
423
582
424
583
425
584
426
585
427
586
428
587
429
588
430
589
431
590
432
591
433
592
434
593
435
594
436
595
437
596
438
597
439
598
440
599
441
600
442
601
443
602
444
603
445
604
446
605
447
606
448
607
449
608
450
609
451
610
452
611
453
612
454
613
455
614
456
615
457
616
458
617
459
618
460
619
461
620
462
621
463
622
464
623
465
624
466
625
467
626
468
627
469
628
470
629
471
630
472
631
473
632
474
633
475
634
476
635
477
636
478
637
479
638
639
13320
481
640
482
641
483
642
484
643
485
644
486
645
487
646
488
647
489
648
490
649
491
650
492
651
493
652
494
653
495
654
496
655
497
656
498
657
499
658
500
659
501
660
502
661
503
662
504
663
505
664
506
665
507
666
508
667
509
668
510
669
511
670
512
671
513
672
514
673
515
674
516
675
517
676
518
677
519
678
520
679
521
680
522
681
523
682
524
683
525
684
526
685
527
686
528
687
529
688
530
689
531
690
532
691
533
692
534
693
535
694
536
695
537
696
538
697
539
698
540
699
541
700
542
701
543
702
544
703
545
704
546
705
547
706
548
707
549
708
550
709
551
710
552
711
553
712
554
713
555
714
556
715
557
716
558
717
559
718
560
719
561
720
562
721
563
722
564
723
565
724
566
725
567
726
568
727
569
728
570
729
571
730
572
731
573
732
574
733
575
734
576
735
577
736
578
737
579
738
580
739
581
740
582
741
583
742
584
743
585
744
586
745
587
746
588
747
589
748
590
749
591
750
592
751
593
752
594
753
595
754
596
755
597
756
598
757
599
758
600
759
601
760
602
761
603
762
604
763
605
764
606
765
607
766
608
767
609
768
610
769
611
770
612
771
613
772
614
773
615
774
616
775
617
776
618
777
619
778
620
779
621
780
622
781
623
782
624
783
625
784
626
785
627
786
628
787
629
788
630
789
631
790
632
791
633
792
634
793
635
794
636
795
637
796
638
797
639
798
799
13380
641
800
642
801
643
802
644
803
645
804
646
805
647
806
648
807
649
808
650
809
651
810
652
811
653
812
654
813
655
814
656
815
657
816
658
817
659
818
660
819
661
820
662
821
663
822
664
823
665
824
666
825
667
826
668
827
669
828
670
829
671
830
672
831
673
832
674
833
675
834
676
835
677
836
678
837
679
838
680
839
681
840
682
841
683
842
684
843
685
844
686
845
687
846
688
847
689
848
690
849
691
850
692
851
693
852
694
853
695
854
696
855
697
856
698
857
699
858
700
859
701
860
702
861
703
862
704
863
705
864
706
865
707
866
708
867
709
868
710
869
711
870
712
871
713
872
714
873
715
874
716
875
717
876
718
877
719
878
720
879
721
880
722
881
723
882
724
883
725
884
726
885
727
886
728
887
729
888
730
889
731
890
732
891
733
892
734
893
735
894
736
895
737
896
738
897
739
898
740
899
741
900
742
901
743
902
744
903
745
904
746
905
747
906
748
907
749
908
750
909
751
910
752
911
753
912
754
913
755
914
756
915
757
916
758
917
759
918
760
919
761
920
762
921
763
922
764
923
765
924
766
925
767
926
768
927
769
928
770
929
771
930
772
931
773
932
774
933
775
934
776
935
777
936
778
937
779
938
780
939
781
940
782
941
783
942
784
943
785
944
786
945
787
946
788
947
789
948
790
949
791
950
792
951
793
952
794
953
795
954
796
955
797
956
798
957
799
958
959
13440
801
960
802
961
803
962
804
963
805
964
806
965
807
966
808
967
809
968
810
969
811
970
812
971
813
972
814
973
815
974
816
975
817
976
818
977
819
978
820
979
821
980
822
981
823
982
824
983
825
984
826
985
827
986
828
987
829
988
830
989
831
990
832
991
833
992
834
993
835
994
836
995
837
996
838
997
839
998
840
999
841
1000
842
1001
843
1002
844
1003
845
1004
846
1005
847
1006
848
1007
849
1008
850
1009
851
1010
852
1011
853
1012
854
1013
855
1014
856
1015
857
1016
858
1017
859
1018
860
1019
861
1020
862
1021
863
1022
864
1023
865
1024
866
1025
867
1026
868
1027
869
1028
870
1029
871
1030
872
1031
873
1032
874
1033
875
1034
876
1035
877
1036
878
1037
879
1038
880
1039
881
1040
882
1041
883
1042
884
1043
885
1044
886
1045
887
1046
888
1047
889
1048
890
1049
891
1050
892
1051
893
1052
894
1053
895
1054
896
1055
897
1056
898
1057
899
1058
900
1059
901
1060
902
1061
903
1062
904
1063
905
1064
906
1065
907
1066
908
1067
909
1068
910
1069
911
1070
912
1071
913
1072
914
1073
915
1074
916
1075
917
1076
918
1077
919
1078
920
1079
921
1080
922
1081
923
1082
924
1083
925
1084
926
1085
927
1086
928
1087
929
1088
930
1089
931
1090
932
1091
933
1092
934
1093
935
1094
936
1095
937
1096
938
1097
939
1098
940
1099
941
1100
942
1101
943
1102
944
1103
945
1104
946
1105
947
1106
948
1107
949
1108
950
1109
951
1110
952
1111
953
1112
954
1113
955
1114
956
1115
957
1116
958
1117
959
1118
1119
13500
961
1120
962
1121
963
1122
964
1123
965
1124
966
1125
967
1126
968
1127
969
1128
970
1129
971
1130
972
1131
973
1132
974
1133
975
1134
976
1135
977
1136
978
1137
979
1138
980
1139
981
1140
982
1141
983
1142
984
1143
985
1144
986
1145
987
1146
988
1147
989
1148
990
1149
991
1150
992
1151
993
1152
994
1153
995
1154
996
1155
997
1156
998
1157
999
1158
1000
1159
1001
1160
1002
1161
1003
1162
1004
1163
1005
1164
1006
1165
1007
1166
1008
1167
1009
1168
1010
1169
1011
1170
1012
1171
1013
1172
1014
1173
1015
1174
1016
1175
1017
1176
1018
1177
1019
1178
1020
1179
1021
1180
1022
1181
1023
1182
1024
1183
1025
1184
1026
1185
1027
1186
1028
1187
1029
1188
1030
1189
1031
1190
1032
1191
1033
1192
1034
1193
1035
1194
1036
1195
1037
1196
1038
1197
1039
1198
1040
1199
1041
1200
1042
1201
1043
1202
1044
1203
1045
1204
1046
1205
1047
1206
1048
1207
1049
1208
1050
1209
1051
1210
1052
1211
1053
1212
1054
1213
1055
1214
1056
1215
1057
1216
1058
1217
1059
1218
1060
1219
1061
1220
1062
1221
1063
1222
1064
1223
1065
1224
1066
1225
1067
1226
1068
1227
1069
1228
1070
1229
1071
1230
1072
1231
1073
1232
1074
1233
1075
1234
1076
1235
1077
1236
1078
1237
1079
1238
1080
1239
1081
1240
1082
1241
1083
1242
1084
1243
1085
1244
1086
1245
1087
1246
1088
1247
1089
1248
1090
1249
1091
1250
1092
1251
1093
1252
1094
1253
1095
1254
1096
1255
1097
1256
1098
1257
1099
1258
1100
1259
1101
1260
1102
1261
1103
1262
1104
1263
1105
1264
1106
1265
1107
1266
1108
1267
1109
1268
1110
1269
1111
1270
1112
1271
1113
1272
1114
1273
1115
1274
1116
1275
1117
1276
1118
1277
1119
1278
1279
13560
1121
1280
1122
1281
1123
1282
1124
1283
1125
1284
1126
1285
1127
1286
1128
1287
1129
1288
1130
1289
1131
1290
1132
1291
1133
1292
1134
1293
1135
1294
1136
1295
1137
1296
1138
1297
1139
1298
1140
1299
1141
1300
1142
1301
1143
1302
1144
1303
1145
1304
1146
1305
1147
1306
1148
1307
1149
1308
1150
1309
1151
1310
1152
1311
1153
1312
1154
1313
1155
1314
1156
1315
1157
1316
1158
1317
1159
1318
1160
1319
1161
1320
1162
1321
1163
1322
1164
1323
1165
1324
1166
1325
1167
1326
1168
1327
1169
1328
1170
1329
1171
1330
1172
1331
1173
1332
1174
1333
1175
1334
1176
1335
1177
1336
1178
1337
1179
1338
1180
1339
1181
1340
1182
1341
1183
1342
1184
1343
1185
1344
1186
1345
1187
1346
1188
1347
1189
1348
1190
1349
1191
1350
1192
1351
1193
1352
1194
1353
1195
1354
1196
1355
1197
1356
1198
1357
1199
1358
1200
1359
1201
1360
1202
1361
1203
1362
1204
1363
1205
1364
1206
1365
1207
1366
1208
1367
1209
1368
1210
1369
1211
1370
1212
1371
1213
1372
1214
1373
1215
1374
1216
1375
1217
1376
1218
1377
1219
1378
1220
1379
1221
1380
1222
1381
1223
1382
1224
1383
1225
1384
1226
1385
1227
1386
1228
1387
1229
1388
1230
1389
1231
1390
1232
1391
1233
1392
1234
1393
1235
1394
1236
1395
1237
1396
1238
1397
1239
1398
1240
1399
1241
1400
1242
1401
1243
1402
1244
1403
1245
1404
1246
1405
1247
1406
1248
1407
1249
1408
1250
1409
1251
1410
1252
1411
1253
1412
1254
1413
1255
1414
1256
1415
1257
1416
1258
1417
1259
1418
1260
1419
1261
1420
1262
1421
1263
1422
1264
1423
1265
1424
1266
1425
1267
1426
1268
1427
1269
1428
1270
1429
1271
1430
1272
1431
1273
1432
1274
1433
1275
1434
1276
1435
1277
1436
1278
1437
1279
1438
1439
13620
1281
1440
1282
1441
1283
1442
1284
1443
1285
1444
1286
1445
1287
1446
1288
1447
1289
1448
1290
1449
1291
1450
1292
1451
1293
1452
1294
1453
1295
1454
1296
1455
1297
1456
1298
1457
1299
1458
1300
1459
1301
1460
1302
1461
1303
1462
1304
1463
1305
1464
1306
1465
1307
1466
1308
1467
1309
1468
1310
1469
1311
1470
1312
1471
1313
1472
1314
1473
1315
1474
1316
1475
1317
1476
1318
1477
1319
1478
1320
1479
1321
1480
1322
1481
1323
1482
1324
1483
1325
1484
1326
1485
1327
1486
1328
1487
1329
1488
1330
1489
1331
1490
1332
1491
1333
1492
1334
1493
1335
1494
1336
1495
1337
1496
1338
1497
1339
1498
1340
1499
1341
1500
1342
1501
1343
1502
1344
1503
1345
1504
1346
1505
1347
1506
1348
1507
1349
1508
1350
1509
1351
1510
1352
1511
1353
1512
1354
1513
1355
1514
1356
1515
1357
1516
1358
1517
1359
1518
1360
1519
1361
1520
1362
1521
1363
1522
1364
1523
1365
1524
1366
1525
1367
1526
1368
1527
1369
1528
1370
1529
1371
1530
1372
1531
1373
1532
1374
1533
1375
1534
1376
1535
1377
1536
1378
1537
1379
1538
1380
1539
1381
1540
1382
1541
1383
1542
1384
1543
1385
1544
1386
1545
1387
1546
1388
1547
1389
1548
1390
1549
1391
1550
1392
1551
1393
1552
1394
1553
1395
1554
1396
1555
1397
1556
1398
1557
1399
1558
1400
1559
1401
1560
1402
1561
1403
1562
1404
1563
1405
1564
1406
1565
1407
1566
1408
1567
1409
1568
1410
1569
1411
1570
1412
1571
1413
1572
1414
1573
1415
1574
1416
1575
1417
1576
1418
1577
1419
1578
1420
1579
1421
1580
1422
1581
1423
1582
1424
1583
1425
1584
1426
1585
1427
1586
1428
1587
1429
1588
1430
1589
1431
1590
1432
1591
1433
1592
1434
1593
1435
1594
1436
1595
1437
1596
1438
1597
1439
1598
1599
13680
1441
1600
1442
1601
1443
1602
1444
1603
1445
1604
1446
1605
1447
1606
1448
1607
1449
1608
1450
1609
1451
1610
1452
1611
1453
1612
1454
1613
1455
1614
1456
1615
1457
1616
1458
1617
1459
1618
1460
1619
1461
1620
1462
1621
1463
1622
1464
1623
1465
1624
1466
1625
1467
1626
1468
1627
1469
1628
1470
1629
1471
1630
1472
1631
1473
1632
1474
1633
1475
1634
1476
1635
1477
1636
1478
1637
1479
1638
1480
1639
1481
1640
1482
1641
1483
1642
1484
1643
1485
1644
1486
1645
1487
1646
1488
1647
1489
1648
1490
1649
1491
1650
1492
1651
1493
1652
1494
1653
1495
1654
1496
1655
1497
1656
1498
1657
1499
1658
1500
1659
1501
1660
1502
1661
1503
1662
1504
1663
1505
1664
1506
1665
1507
1666
1508
1667
1509
1668
1510
1669
1511
1670
1512
1671
1513
1672
1514
1673
1515
1674
1516
1675
1517
1676
1518
1677
1519
1678
1520
1679
1521
1680
1522
1681
1523
1682
1524
1683
1525
1684
1526
1685
1527
1686
1528
1687
1529
1688
1530
1689
1531
1690
1532
1691
1533
1692
1534
1693
1535
1694
1536
1695
1537
1696
1538
1697
1539
1698
1540
1699
1541
1700
1542
1701
1543
1702
1544
1703
1545
1704
1546
1705
1547
1706
1548
1707
1549
1708
1550
1709
1551
1710
1552
1711
1553
1712
1554
1713
1555
1714
1556
1715
1557
1716
1558
1717
1559
1718
1560
1719
1561
1720
1562
1721
1563
1722
1564
1723
1565
1724
1566
1725
1567
1726
1568
1727
1569
1728
1570
1729
1571
1730
1572
1731
1573
1732
1574
1733
1575
1734
1576
1735
1577
1736
1578
1737
1579
1738
1580
1739
1581
1740
1582
1741
1583
1742
1584
1743
1585
1744
1586
1745
1587
1746
1588
1747
1589
1748
1590
1749
1591
1750
1592
1751
1593
1752
1594
1753
1595
1754
1596
1755
1597
1756
1598
1757
1599
1758
1759
13740
1601
1760
1602
1761
1603
1762
1604
1763
1605
1764
1606
1765
1607
1766
1608
1767
1609
1768
1610
1769
1611
1770
1612
1771
1613
1772
1614
1773
1615
1774
1616
1775
1617
1776
1618
1777
1619
1778
1620
1779
1621
1780
1622
1781
1623
1782
1624
1783
1625
1784
1626
1785
1627
1786
1628
1787
1629
1788
1630
1789
1631
1790
1632
1791
1633
1792
1634
1793
1635
1794
1636
1795
1637
1796
1638
1797
1639
1798
1640
1799
1641
1800
1642
1801
1643
1802
1644
1803
1645
1804
1646
1805
1647
1806
1648
1807
1649
1808
1650
1809
1651
1810
1652
1811
1653
1812
1654
1813
1655
1814
1656
1815
1657
1816
1658
1817
1659
1818
1660
1819
1661
1820
1662
1821
1663
1822
1664
1823
1665
1824
1666
1825
1667
1826
1668
1827
1669
1828
1670
1829
1671
1830
1672
1831
1673
1832
1674
1833
1675
1834
1676
1835
1677
1836
1678
1837
1679
1838
1680
1839
1681
1840
1682
1841
1683
1842
1684
1843
1685
1844
1686
1845
1687
1846
1688
1847
1689
1848
1690
1849
1691
1850
1692
1851
1693
1852
1694
1853
1695
1854
1696
1855
1697
1856
1698
1857
1699
1858
1700
1859
1701
1860
1702
1861
1703
1862
1704
1863
1705
1864
1706
1865
1707
1866
1708
1867
1709
1868
1710
1869
1711
1870
1712
1871
1713
1872
1714
1873
1715
1874
1716
1875
1717
1876
1718
1877
1719
1878
1720
1879
1721
1880
1722
1881
1723
1882
1724
1883
1725
1884
1726
1885
1727
1886
1728
1887
1729
1888
1730
1889
1731
1890
1732
1891
1733
1892
1734
1893
1735
1894
1736
1895
1737
1896
1738
1897
1739
1898
1740
1899
1741
1900
1742
1901
1743
1902
1744
1903
1745
1904
1746
1905
1747
1906
1748
1907
1749
1908
1750
1909
1751
1910
1752
1911
1753
1912
1754
1913
1755
1914
1756
1915
1757
1916
1758
1917
1759
1918
1919
13800
1761
1920
1762
1921
1763
1922
1764
1923
1765
1924
1766
1925
1767
1926
1768
1927
1769
1928
1770
1929
1771
1930
1772
1931
1773
1932
1774
1933
1775
1934
1776
1935
1777
1936
1778
1937
1779
1938
1780
1939
1781
1940
1782
1941
1783
1942
1784
1943
1785
1944
1786
1945
1787
1946
1788
1947
1789
1948
1790
1949
1791
1950
1792
1951
1793
1952
1794
1953
1795
1954
1796
1955
1797
1956
1798
1957
1799
1958
1800
1959
1801
1960
1802
1961
1803
1962
1804
1963
1805
1964
1806
1965
1807
1966
1808
1967
1809
1968
1810
1969
1811
1970
1812
1971
1813
1972
1814
1973
1815
1974
1816
1975
1817
1976
1818
1977
1819
1978
1820
1979
1821
1980
1822
1981
1823
1982
1824
1983
1825
1984
1826
1985
1827
1986
1828
1987
1829
1988
1830
1989
1831
1990
1832
1991
1833
1992
1834
1993
1835
1994
1836
1995
1837
1996
1838
1997
1839
1998
1840
1999
1841
2000
1842
2001
1843
2002
1844
2003
1845
2004
1846
2005
1847
2006
1848
2007
1849
2008
1850
2009
1851
2010
1852
2011
1853
2012
1854
2013
1855
2014
1856
2015
1857
2016
1858
2017
1859
2018
1860
2019
1861
2020
1862
2021
1863
2022
1864
2023
1865
2024
1866
2025
1867
2026
1868
2027
1869
2028
1870
2029
1871
2030
1872
2031
1873
2032
1874
2033
1875
2034
1876
2035
1877
2036
1878
2037
1879
2038
1880
2039
1881
2040
1882
2041
1883
2042
1884
2043
1885
2044
1886
2045
1887
2046
1888
2047
1889
2048
1890
2049
1891
2050
1892
2051
1893
2052
1894
2053
1895
2054
1896
2055
1897
2056
1898
2057
1899
2058
1900
2059
1901
2060
1902
2061
1903
2062
1904
2063
1905
2064
1906
2065
1907
2066
1908
2067
1909
2068
1910
2069
1911
2070
1912
2071
1913
2072
1914
2073
1915
2074
1916
2075
1917
2076
1918
2077
1919
2078
2079
13860
1921
2080
1922
2081
1923
2082
1924
2083
1925
2084
1926
2085
1927
2086
1928
2087
1929
2088
1930
2089
1931
2090
1932
2091
1933
2092
1934
2093
1935
2094
1936
2095
1937
2096
1938
2097
1939
2098
1940
2099
1941
2100
1942
2101
1943
2102
1944
2103
1945
2104
1946
2105
1947
2106
1948
2107
1949
2108
1950
2109
1951
2110
1952
2111
1953
2112
1954
2113
1955
2114
1956
2115
1957
2116
1958
2117
1959
2118
1960
2119
1961
2120
1962
2121
1963
2122
1964
2123
1965
2124
1966
2125
1967
2126
1968
2127
1969
2128
1970
2129
1971
2130
1972
2131
1973
2132
1974
2133
1975
2134
1976
2135
1977
2136
1978
2137
1979
2138
1980
2139
1981
2140
1982
2141
1983
2142
1984
2143
1985
2144
1986
2145
1987
2146
1988
2147
1989
2148
1990
2149
1991
2150
1992
2151
1993
2152
1994
2153
1995
2154
1996
2155
1997
2156
1998
2157
1999
2158
2000
2159
2001
2160
2002
2161
2003
2162
2004
2163
2005
2164
2006
2165
2007
2166
2008
2167
2009
2168
2010
2169
2011
2170
2012
2171
2013
2172
2014
2173
2015
2174
2016
2175
2017
2176
2018
2177
2019
2178
2020
2179
2021
2180
2022
2181
2023
2182
2024
2183
2025
2184
2026
2185
2027
2186
2028
2187
2029
2188
2030
2189
2031
2190
2032
2191
2033
2192
2034
2193
2035
2194
2036
2195
2037
2196
2038
2197
2039
2198
2040
2199
2041
2200
2042
2201
2043
2202
2044
2203
2045
2204
2046
2205
2047
2206
2048
2207
2049
2208
2050
2209
2051
2210
2052
2211
2053
2212
2054
2213
2055
2214
2056
2215
2057
2216
2058
2217
2059
2218
2060
2219
2061
2220
2062
2221
2063
2222
2064
2223
2065
2224
2066
2225
2067
2226
2068
2227
2069
2228
2070
2229
2071
2230
2072
2231
2073
2232
2074
2233
2075
2234
2076
2235
2077
2236
2078
2237
2079
2238
2239
13920
2081
2240
2082
2241
2083
2242
2084
2243
2085
2244
2086
2245
2087
2246
2088
2247
2089
2248
2090
2249
2091
2250
2092
2251
2093
2252
2094
2253
2095
2254
2096
2255
2097
2256
2098
2257
2099
2258
2100
2259
2101
2260
2102
2261
2103
2262
2104
2263
2105
2264
2106
2265
2107
2266
2108
2267
2109
2268
2110
2269
2111
2270
2112
2271
2113
2272
2114
2273
2115
2274
2116
2275
2117
2276
2118
2277
2119
2278
2120
2279
2121
2280
2122
2281
2123
2282
2124
2283
2125
2284
2126
2285
2127
2286
2128
2287
2129
2288
2130
2289
2131
2290
2132
2291
2133
2292
2134
2293
2135
2294
2136
2295
2137
2296
2138
2297
2139
2298
2140
2299
2141
2300
2142
2301
2143
2302
2144
2303
2145
2304
2146
2305
2147
2306
2148
2307
2149
2308
2150
2309
2151
2310
2152
2311
2153
2312
2154
2313
2155
2314
2156
2315
2157
2316
2158
2317
2159
2318
2160
2319
2161
2320
2162
2321
2163
2322
2164
2323
2165
2324
2166
2325
2167
2326
2168
2327
2169
2328
2170
2329
2171
2330
2172
2331
2173
2332
2174
2333
2175
2334
2176
2335
2177
2336
2178
2337
2179
2338
2180
2339
2181
2340
2182
2341
2183
2342
2184
2343
2185
2344
2186
2345
2187
2346
2188
2347
2189
2348
2190
2349
2191
2350
2192
2351
2193
2352
2194
2353
2195
2354
2196
2355
2197
2356
2198
2357
2199
2358
2200
2359
2201
2360
2202
2361
2203
2362
2204
2363
2205
2364
2206
2365
2207
2366
2208
2367
2209
2368
2210
2369
2211
2370
2212
2371
2213
2372
2214
2373
2215
2374
2216
2375
2217
2376
2218
2377
2219
2378
2220
2379
2221
2380
2222
2381
2223
2382
2224
2383
2225
2384
2226
2385
2227
2386
2228
2387
2229
2388
2230
2389
2231
2390
2232
2391
2233
2392
2234
2393
2235
2394
2236
2395
2237
2396
2238
2397
2239
2398
2399
13980
2241
2400
2242
2401
2243
2402
2244
2403
2245
2404
2246
2405
2247
2406
2248
2407
2249
2408
2250
2409
2251
2410
2252
2411
2253
2412
2254
2413
2255
2414
2256
2415
2257
2416
2258
2417
2259
2418
2260
2419
2261
2420
2262
2421
2263
2422
2264
2423
2265
2424
2266
2425
2267
2426
2268
2427
2269
2428
2270
2429
2271
2430
2272
2431
2273
2432
2274
2433
2275
2434
2276
2435
2277
2436
2278
2437
2279
2438
2280
2439
2281
2440
2282
2441
2283
2442
2284
2443
2285
2444
2286
2445
2287
2446
2288
2447
2289
2448
2290
2449
2291
2450
2292
2451
2293
2452
2294
2453
2295
2454
2296
2455
2297
2456
2298
2457
2299
2458
2300
2459
2301
2460
2302
2461
2303
2462
2304
2463
2305
2464
2306
2465
2307
2466
2308
2467
2309
2468
2310
2469
2311
2470
2312
2471
2313
2472
2314
2473
2315
2474
2316
2475
2317
2476
2318
2477
2319
2478
2320
2479
2321
2480
2322
2481
2323
2482
2324
2483
2325
2484
2326
2485
2327
2486
2328
2487
2329
2488
2330
2489
2331
2490
2332
2491
2333
2492
2334
2493
2335
2494
2336
2495
2337
2496
2338
2497
2339
2498
2340
2499
2341
2500
2342
2501
2343
2502
2344
2503
2345
2504
2346
2505
2347
2506
2348
2507
2349
2508
2350
2509
2351
2510
2352
2511
2353
2512
2354
2513
2355
2514
2356
2515
2357
2516
2358
2517
2359
2518
2360
2519
2361
2520
2362
2521
2363
2522
2364
2523
2365
2524
2366
2525
2367
2526
2368
2527
2369
2528
2370
2529
2371
2530
2372
2531
2373
2532
2374
2533
2375
2534
2376
2535
2377
2536
2378
2537
2379
2538
2380
2539
2381
2540
2382
2541
2383
2542
2384
2543
2385
2544
2386
2545
2387
2546
2388
2547
2389
2548
2390
2549
2391
2550
2392
2551
2393
2552
2394
2553
2395
2554
2396
2555
2397
2556
2398
2557
2399
2558
2559
14040
2401
2560
2402
2561
2403
2562
2404
2563
2405
2564
2406
2565
2407
2566
2408
2567
2409
2568
2410
2569
2411
2570
2412
2571
2413
2572
2414
2573
2415
2574
2416
2575
2417
2576
2418
2577
2419
2578
2420
2579
2421
2580
2422
2581
2423
2582
2424
2583
2425
2584
2426
2585
2427
2586
2428
2587
2429
2588
2430
2589
2431
2590
2432
2591
2433
2592
2434
2593
2435
2594
2436
2595
2437
2596
2438
2597
2439
2598
2440
2599
2441
2600
2442
2601
2443
2602
2444
2603
2445
2604
2446
2605
2447
2606
2448
2607
2449
2608
2450
2609
2451
2610
2452
2611
2453
2612
2454
2613
2455
2614
2456
2615
2457
2616
2458
2617
2459
2618
2460
2619
2461
2620
2462
2621
2463
2622
2464
2623
2465
2624
2466
2625
2467
2626
2468
2627
2469
2628
2470
2629
2471
2630
2472
2631
2473
2632
2474
2633
2475
2634
2476
2635
2477
2636
2478
2637
2479
2638
2480
2639
2481
2640
2482
2641
2483
2642
2484
2643
2485
2644
2486
2645
2487
2646
2488
2647
2489
2648
2490
2649
2491
2650
2492
2651
2493
2652
2494
2653
2495
2654
2496
2655
2497
2656
2498
2657
2499
2658
2500
2659
2501
2660
2502
2661
2503
2662
2504
2663
2505
2664
2506
2665
2507
2666
2508
2667
2509
2668
2510
2669
2511
2670
2512
2671
2513
2672
2514
2673
2515
2674
2516
2675
2517
2676
2518
2677
2519
2678
2520
2679
2521
2680
2522
2681
2523
2682
2524
2683
2525
2684
2526
2685
2527
2686
2528
2687
2529
2688
2530
2689
2531
2690
2532
2691
2533
2692
2534
2693
2535
2694
2536
2695
2537
2696
2538
2697
2539
2698
2540
2699
2541
2700
2542
2701
2543
2702
2544
2703
2545
2704
2546
2705
2547
2706
2548
2707
2549
2708
2550
2709
2551
2710
2552
2711
2553
2712
2554
2713
2555
2714
2556
2715
2557
2716
2558
2717
2559
2718
2719
14100
2561
2720
2562
2721
2563
2722
2564
2723
2565
2724
2566
2725
2567
2726
2568
2727
2569
2728
2570
2729
2571
2730
2572
2731
2573
2732
2574
2733
2575
2734
2576
2735
2577
2736
2578
2737
2579
2738
2580
2739
2581
2740
2582
2741
2583
2742
2584
2743
2585
2744
2586
2745
2587
2746
2588
2747
2589
2748
2590
2749
2591
2750
2592
2751
2593
2752
2594
2753
2595
2754
2596
2755
2597
2756
2598
2757
2599
2758
2600
2759
2601
2760
2602
2761
2603
2762
2604
2763
2605
2764
2606
2765
2607
2766
2608
2767
2609
2768
2610
2769
2611
2770
2612
2771
2613
2772
2614
2773
2615
2774
2616
2775
2617
2776
2618
2777
2619
2778
2620
2779
2621
2780
2622
2781
2623
2782
2624
2783
2625
2784
2626
2785
2627
2786
2628
2787
2629
2788
2630
2789
2631
2790
2632
2791
2633
2792
2634
2793
2635
2794
2636
2795
2637
2796
2638
2797
2639
2798
2640
2799
2641
2800
2642
2801
2643
2802
2644
2803
2645
2804
2646
2805
2647
2806
2648
2807
2649
2808
2650
2809
2651
2810
2652
2811
2653
2812
2654
2813
2655
2814
2656
2815
2657
2816
2658
2817
2659
2818
2660
2819
2661
2820
2662
2821
2663
2822
2664
2823
2665
2824
2666
2825
2667
2826
2668
2827
2669
2828
2670
2829
2671
2830
2672
2831
2673
2832
2674
2833
2675
2834
2676
2835
2677
2836
2678
2837
2679
2838
2680
2839
2681
2840
2682
2841
2683
2842
2684
2843
2685
2844
2686
2845
2687
2846
2688
2847
2689
2848
2690
2849
2691
2850
2692
2851
2693
2852
2694
2853
2695
2854
2696
2855
2697
2856
2698
2857
2699
2858
2700
2859
2701
2860
2702
2861
2703
2862
2704
2863
2705
2864
2706
2865
2707
2866
2708
2867
2709
2868
2710
2869
2711
2870
2712
2871
2713
2872
2714
2873
2715
2874
2716
2875
2717
2876
2718
2877
2719
2878
2879
14160
2721
2880
2722
2881
2723
2882
2724
2883
2725
2884
2726
2885
2727
2886
2728
2887
2729
2888
2730
2889
2731
2890
2732
2891
2733
2892
2734
2893
2735
2894
2736
2895
2737
2896
2738
2897
2739
2898
2740
2899
2741
2900
2742
2901
2743
2902
2744
2903
2745
2904
2746
2905
2747
2906
2748
2907
2749
2908
2750
2909
2751
2910
2752
2911
2753
2912
2754
2913
2755
2914
2756
2915
2757
2916
2758
2917
2759
2918
2760
2919
2761
2920
2762
2921
2763
2922
2764
2923
2765
2924
2766
2925
2767
2926
2768
2927
2769
2928
2770
2929
2771
2930
2772
2931
2773
2932
2774
2933
2775
2934
2776
2935
2777
2936
2778
2937
2779
2938
2780
2939
2781
2940
2782
2941
2783
2942
2784
2943
2785
2944
2786
2945
2787
2946
2788
2947
2789
2948
2790
2949
2791
2950
2792
2951
2793
2952
2794
2953
2795
2954
2796
2955
2797
2956
2798
2957
2799
2958
2800
2959
2801
2960
2802
2961
2803
2962
2804
2963
2805
2964
2806
2965
2807
2966
2808
2967
2809
2968
2810
2969
2811
2970
2812
2971
2813
2972
2814
2973
2815
2974
2816
2975
2817
2976
2818
2977
2819
2978
2820
2979
2821
2980
2822
2981
2823
2982
2824
2983
2825
2984
2826
2985
2827
2986
2828
2987
2829
2988
2830
2989
2831
2990
2832
2991
2833
2992
2834
2993
2835
2994
2836
2995
2837
2996
2838
2997
2839
2998
2840
2999
2841
3000
2842
3001
2843
3002
2844
3003
2845
3004
2846
3005
2847
3006
2848
3007
2849
3008
2850
3009
2851
3010
2852
3011
2853
3012
2854
3013
2855
3014
2856
3015
2857
3016
2858
3017
2859
3018
2860
3019
2861
3020
2862
3021
2863
3022
2864
3023
2865
3024
2866
3025
2867
3026
2868
3027
2869
3028
2870
3029
2871
3030
2872
3031
2873
3032
2874
3033
2875
3034
2876
3035
2877
3036
2878
3037
2879
3038
3039
14220
2881
3040
2882
3041
2883
3042
2884
3043
2885
3044
2886
3045
2887
3046
2888
3047
2889
3048
2890
3049
2891
3050
2892
3051
2893
3052
2894
3053
2895
3054
2896
3055
2897
3056
2898
3057
2899
3058
2900
3059
2901
3060
2902
3061
2903
3062
2904
3063
2905
3064
2906
3065
2907
3066
2908
3067
2909
3068
2910
3069
2911
3070
2912
3071
2913
3072
2914
3073
2915
3074
2916
3075
2917
3076
2918
3077
2919
3078
2920
3079
2921
3080
2922
3081
2923
3082
2924
3083
2925
3084
2926
3085
2927
3086
2928
3087
2929
3088
2930
3089
2931
3090
2932
3091
2933
3092
2934
3093
2935
3094
2936
3095
2937
3096
2938
3097
2939
3098
2940
3099
2941
3100
2942
3101
2943
3102
2944
3103
2945
3104
2946
3105
2947
3106
2948
3107
2949
3108
2950
3109
2951
3110
2952
3111
2953
3112
2954
3113
2955
3114
2956
3115
2957
3116
2958
3117
2959
3118
2960
3119
2961
3120
2962
3121
2963
3122
2964
3123
2965
3124
2966
3125
2967
3126
2968
3127
2969
3128
2970
3129
2971
3130
2972
3131
2973
3132
2974
3133
2975
3134
2976
3135
2977
3136
2978
3137
2979
3138
2980
3139
2981
3140
2982
3141
2983
3142
2984
3143
2985
3144
2986
3145
2987
3146
2988
3147
2989
3148
2990
3149
2991
3150
2992
3151
2993
3152
2994
3153
2995
3154
2996
3155
2997
3156
2998
3157
2999
3158
3000
3159
3001
3160
3002
3161
3003
3162
3004
3163
3005
3164
3006
3165
3007
3166
3008
3167
3009
3168
3010
3169
3011
3170
3012
3171
3013
3172
3014
3173
3015
3174
3016
3175
3017
3176
3018
3177
3019
3178
3020
3179
3021
3180
3022
3181
3023
3182
3024
3183
3025
3184
3026
3185
3027
3186
3028
3187
3029
3188
3030
3189
3031
3190
3032
3191
3033
3192
3034
3193
3035
3194
3036
3195
3037
3196
3038
3197
3039
3198
3199
14280
3041
3200
3042
3201
3043
3202
3044
3203
3045
3204
3046
3205
3047
3206
3048
3207
3049
3208
3050
3209
3051
3210
3052
3211
3053
3212
3054
3213
3055
3214
3056
3215
3057
3216
3058
3217
3059
3218
3060
3219
3061
3220
3062
3221
3063
3222
3064
3223
3065
3224
3066
3225
3067
3226
3068
3227
3069
3228
3070
3229
3071
3230
3072
3231
3073
3232
3074
3233
3075
3234
3076
3235
3077
3236
3078
3237
3079
3238
3080
3239
3081
3240
3082
3241
3083
3242
3084
3243
3085
3244
3086
3245
3087
3246
3088
3247
3089
3248
3090
3249
3091
3250
3092
3251
3093
3252
3094
3253
3095
3254
3096
3255
3097
3256
3098
3257
3099
3258
3100
3259
3101
3260
3102
3261
3103
3262
3104
3263
3105
3264
3106
3265
3107
3266
3108
3267
3109
3268
3110
3269
3111
3270
3112
3271
3113
3272
3114
3273
3115
3274
3116
3275
3117
3276
3118
3277
3119
3278
3120
3279
3121
3280
3122
3281
3123
3282
3124
3283
3125
3284
3126
3285
3127
3286
3128
3287
3129
3288
3130
3289
3131
3290
3132
3291
3133
3292
3134
3293
3135
3294
3136
3295
3137
3296
3138
3297
3139
3298
3140
3299
3141
3300
3142
3301
3143
3302
3144
3303
3145
3304
3146
3305
3147
3306
3148
3307
3149
3308
3150
3309
3151
3310
3152
3311
3153
3312
3154
3313
3155
3314
3156
3315
3157
3316
3158
3317
3159
3318
3160
3319
3161
3320
3162
3321
3163
3322
3164
3323
3165
3324
3166
3325
3167
3326
3168
3327
3169
3328
3170
3329
3171
3330
3172
3331
3173
3332
3174
3333
3175
3334
3176
3335
3177
3336
3178
3337
3179
3338
3180
3339
3181
3340
3182
3341
3183
3342
3184
3343
3185
3344
3186
3345
3187
3346
3188
3347
3189
3348
3190
3349
3191
3350
3192
3351
3193
3352
3194
3353
3195
3354
3196
3355
3197
3356
3198
3357
3199
3358
3359
14340
3201
3360
3202
3361
3203
3362
3204
3363
3205
3364
3206
3365
3207
3366
3208
3367
3209
3368
3210
3369
3211
3370
3212
3371
3213
3372
3214
3373
3215
3374
3216
3375
3217
3376
3218
3377
3219
3378
3220
3379
3221
3380
3222
3381
3223
3382
3224
3383
3225
3384
3226
3385
3227
3386
3228
3387
3229
3388
3230
3389
3231
3390
3232
3391
3233
3392
3234
3393
3235
3394
3236
3395
3237
3396
3238
3397
3239
3398
3240
3399
3241
3400
3242
3401
3243
3402
3244
3403
3245
3404
3246
3405
3247
3406
3248
3407
3249
3408
3250
3409
3251
3410
3252
3411
3253
3412
3254
3413
3255
3414
3256
3415
3257
3416
3258
3417
3259
3418
3260
3419
3261
3420
3262
3421
3263
3422
3264
3423
3265
3424
3266
3425
3267
3426
3268
3427
3269
3428
3270
3429
3271
3430
3272
3431
3273
3432
3274
3433
3275
3434
3276
3435
3277
3436
3278
3437
3279
3438
3280
3439
3281
3440
3282
3441
3283
3442
3284
3443
3285
3444
3286
3445
3287
3446
3288
3447
3289
3448
3290
3449
3291
3450
3292
3451
3293
3452
3294
3453
3295
3454
3296
3455
3297
3456
3298
3457
3299
3458
3300
3459
3301
3460
3302
3461
3303
3462
3304
3463
3305
3464
3306
3465
3307
3466
3308
3467
3309
3468
3310
3469
3311
3470
3312
3471
3313
3472
3314
3473
3315
3474
3316
3475
3317
3476
3318
3477
3319
3478
3320
3479
3321
3480
3322
3481
3323
3482
3324
3483
3325
3484
3326
3485
3327
3486
3328
3487
3329
3488
3330
3489
3331
3490
3332
3491
3333
3492
3334
3493
3335
3494
3336
3495
3337
3496
3338
3497
3339
3498
3340
3499
3341
3500
3342
3501
3343
3502
3344
3503
3345
3504
3346
3505
3347
3506
3348
3507
3349
3508
3350
3509
3351
3510
3352
3511
3353
3512
3354
3513
3355
3514
3356
3515
3357
3516
3358
3517
3359
3518
3519
14400
3361
3520
3362
3521
3363
3522
3364
3523
3365
3524
3366
3525
3367
3526
3368
3527
3369
3528
3370
3529
3371
3530
3372
3531
3373
3532
3374
3533
3375
3534
3376
3535
3377
3536
3378
3537
3379
3538
3380
3539
3381
3540
3382
3541
3383
3542
3384
3543
3385
3544
3386
3545
3387
3546
3388
3547
3389
3548
3390
3549
3391
3550
3392
3551
3393
3552
3394
3553
3395
3554
3396
3555
3397
3556
3398
3557
3399
3558
3400
3559
3401
3560
3402
3561
3403
3562
3404
3563
3405
3564
3406
3565
3407
3566
3408
3567
3409
3568
3410
3569
3411
3570
3412
3571
3413
3572
3414
3573
3415
3574
3416
3575
3417
3576
3418
3577
3419
3578
3420
3579
3421
3580
3422
3581
3423
3582
3424
3583
3425
3584
3426
3585
3427
3586
3428
3587
3429
3588
3430
3589
3431
3590
3432
3591
3433
3592
3434
3593
3435
3594
3436
3595
3437
3596
3438
3597
3439
3598
3440
3599
3441
3600
3442
3601
3443
3602
3444
3603
3445
3604
3446
3605
3447
3606
3448
3607
3449
3608
3450
3609
3451
3610
3452
3611
3453
3612
3454
3613
3455
3614
3456
3615
3457
3616
3458
3617
3459
3618
3460
3619
3461
3620
3462
3621
3463
3622
3464
3623
3465
3624
3466
3625
3467
3626
3468
3627
3469
3628
3470
3629
3471
3630
3472
3631
3473
3632
3474
3633
3475
3634
3476
3635
3477
3636
3478
3637
3479
3638
3480
3639
3481
3640
3482
3641
3483
3642
3484
3643
3485
3644
3486
3645
3487
3646
3488
3647
3489
3648
3490
3649
3491
3650
3492
3651
3493
3652
3494
3653
3495
3654
3496
3655
3497
3656
3498
3657
3499
3658
3500
3659
3501
3660
3502
3661
3503
3662
3504
3663
3505
3664
3506
3665
3507
3666
3508
3667
3509
3668
3510
3669
3511
3670
3512
3671
3513
3672
3514
3673
3515
3674
3516
3675
3517
3676
3518
3677
3519
3678
3679
14460
3521
3680
3522
3681
3523
3682
3524
3683
3525
3684
3526
3685
3527
3686
3528
3687
3529
3688
3530
3689
3531
3690
3532
3691
3533
3692
3534
3693
3535
3694
3536
3695
3537
3696
3538
3697
3539
3698
3540
3699
3541
3700
3542
3701
3543
3702
3544
3703
3545
3704
3546
3705
3547
3706
3548
3707
3549
3708
3550
3709
3551
3710
3552
3711
3553
3712
3554
3713
3555
3714
3556
3715
3557
3716
3558
3717
3559
3718
3560
3719
3561
3720
3562
3721
3563
3722
3564
3723
3565
3724
3566
3725
3567
3726
3568
3727
3569
3728
3570
3729
3571
3730
3572
3731
3573
3732
3574
3733
3575
3734
3576
3735
3577
3736
3578
3737
3579
3738
3580
3739
3581
3740
3582
3741
3583
3742
3584
3743
3585
3744
3586
3745
3587
3746
3588
3747
3589
3748
3590
3749
3591
3750
3592
3751
3593
3752
3594
3753
3595
3754
3596
3755
3597
3756
3598
3757
3599
3758
3600
3759
3601
3760
3602
3761
3603
3762
3604
3763
3605
3764
3606
3765
3607
3766
3608
3767
3609
3768
3610
3769
3611
3770
3612
3771
3613
3772
3614
3773
3615
3774
3616
3775
3617
3776
3618
3777
3619
3778
3620
3779
3621
3780
3622
3781
3623
3782
3624
3783
3625
3784
3626
3785
3627
3786
3628
3787
3629
3788
3630
3789
3631
3790
3632
3791
3633
3792
3634
3793
3635
3794
3636
3795
3637
3796
3638
3797
3639
3798
3640
3799
3641
3800
3642
3801
3643
3802
3644
3803
3645
3804
3646
3805
3647
3806
3648
3807
3649
3808
3650
3809
3651
3810
3652
3811
3653
3812
3654
3813
3655
3814
3656
3815
3657
3816
3658
3817
3659
3818
3660
3819
3661
3820
3662
3821
3663
3822
3664
3823
3665
3824
3666
3825
3667
3826
3668
3827
3669
3828
3670
3829
3671
3830
3672
3831
3673
3832
3674
3833
3675
3834
3676
3835
3677
3836
3678
3837
3679
3838
3839
14520
3681
3840
3682
3841
3683
3842
3684
3843
3685
3844
3686
3845
3687
3846
3688
3847
3689
3848
3690
3849
3691
3850
3692
3851
3693
3852
3694
3853
3695
3854
3696
3855
3697
3856
3698
3857
3699
3858
3700
3859
3701
3860
3702
3861
3703
3862
3704
3863
3705
3864
3706
3865
3707
3866
3708
3867
3709
3868
3710
3869
3711
3870
3712
3871
3713
3872
3714
3873
3715
3874
3716
3875
3717
3876
3718
3877
3719
3878
3720
3879
3721
3880
3722
3881
3723
3882
3724
3883
3725
3884
3726
3885
3727
3886
3728
3887
3729
3888
3730
3889
3731
3890
3732
3891
3733
3892
3734
3893
3735
3894
3736
3895
3737
3896
3738
3897
3739
3898
3740
3899
3741
3900
3742
3901
3743
3902
3744
3903
3745
3904
3746
3905
3747
3906
3748
3907
3749
3908
3750
3909
3751
3910
3752
3911
3753
3912
3754
3913
3755
3914
3756
3915
3757
3916
3758
3917
3759
3918
3760
3919
3761
3920
3762
3921
3763
3922
3764
3923
3765
3924
3766
3925
3767
3926
3768
3927
3769
3928
3770
3929
3771
3930
3772
3931
3773
3932
3774
3933
3775
3934
3776
3935
3777
3936
3778
3937
3779
3938
3780
3939
3781
3940
3782
3941
3783
3942
3784
3943
3785
3944
3786
3945
3787
3946
3788
3947
3789
3948
3790
3949
3791
3950
3792
3951
3793
3952
3794
3953
3795
3954
3796
3955
3797
3956
3798
3957
3799
3958
3800
3959
3801
3960
3802
3961
3803
3962
3804
3963
3805
3964
3806
3965
3807
3966
3808
3967
3809
3968
3810
3969
3811
3970
3812
3971
3813
3972
3814
3973
3815
3974
3816
3975
3817
3976
3818
3977
3819
3978
3820
3979
3821
3980
3822
3981
3823
3982
3824
3983
3825
3984
3826
3985
3827
3986
3828
3987
3829
3988
3830
3989
3831
3990
3832
3991
3833
3992
3834
3993
3835
3994
3836
3995
3837
3996
3838
3997
3839
3998
3999
14580
3841
4000
3842
4001
3843
4002
3844
4003
3845
4004
3846
4005
3847
4006
3848
4007
3849
4008
3850
4009
3851
4010
3852
4011
3853
4012
3854
4013
3855
4014
3856
4015
3857
4016
3858
4017
3859
4018
3860
4019
3861
4020
3862
4021
3863
4022
3864
4023
3865
4024
3866
4025
3867
4026
3868
4027
3869
4028
3870
4029
3871
4030
3872
4031
3873
4032
3874
4033
3875
4034
3876
4035
3877
4036
3878
4037
3879
4038
3880
4039
3881
4040
3882
4041
3883
4042
3884
4043
3885
4044
3886
4045
3887
4046
3888
4047
3889
4048
3890
4049
3891
4050
3892
4051
3893
4052
3894
4053
3895
4054
3896
4055
3897
4056
3898
4057
3899
4058
3900
4059
3901
4060
3902
4061
3903
4062
3904
4063
3905
4064
3906
4065
3907
4066
3908
4067
3909
4068
3910
4069
3911
4070
3912
4071
3913
4072
3914
4073
3915
4074
3916
4075
3917
4076
3918
4077
3919
4078
3920
4079
3921
4080
3922
4081
3923
4082
3924
4083
3925
4084
3926
4085
3927
4086
3928
4087
3929
4088
3930
4089
3931
4090
3932
4091
3933
4092
3934
4093
3935
4094
3936
4095
3937
4096
3938
4097
3939
4098
3940
4099
3941
4100
3942
4101
3943
4102
3944
4103
3945
4104
3946
4105
3947
4106
3948
4107
3949
4108
3950
4109
3951
4110
3952
4111
3953
4112
3954
4113
3955
4114
3956
4115
3957
4116
3958
4117
3959
4118
3960
4119
3961
4120
3962
4121
3963
4122
3964
4123
3965
4124
3966
4125
3967
4126
3968
4127
3969
4128
3970
4129
3971
4130
3972
4131
3973
4132
3974
4133
3975
4134
3976
4135
3977
4136
3978
4137
3979
4138
3980
4139
3981
4140
3982
4141
3983
4142
3984
4143
3985
4144
3986
4145
3987
4146
3988
4147
3989
4148
3990
4149
3991
4150
3992
4151
3993
4152
3994
4153
3995
4154
3996
4155
3997
4156
3998
4157
3999
4158
4159
14640
4001
4160
4002
4161
4003
4162
4004
4163
4005
4164
4006
4165
4007
4166
4008
4167
4009
4168
4010
4169
4011
4170
4012
4171
4013
4172
4014
4173
4015
4174
4016
4175
4017
4176
4018
4177
4019
4178
4020
4179
4021
4180
4022
4181
4023
4182
4024
4183
4025
4184
4026
4185
4027
4186
4028
4187
4029
4188
4030
4189
4031
4190
4032
4191
4033
4192
4034
4193
4035
4194
4036
4195
4037
4196
4038
4197
4039
4198
4040
4199
4041
4200
4042
4201
4043
4202
4044
4203
4045
4204
4046
4205
4047
4206
4048
4207
4049
4208
4050
4209
4051
4210
4052
4211
4053
4212
4054
4213
4055
4214
4056
4215
4057
4216
4058
4217
4059
4218
4060
4219
4061
4220
4062
4221
4063
4222
4064
4223
4065
4224
4066
4225
4067
4226
4068
4227
4069
4228
4070
4229
4071
4230
4072
4231
4073
4232
4074
4233
4075
4234
4076
4235
4077
4236
4078
4237
4079
4238
4080
4239
4081
4240
4082
4241
4083
4242
4084
4243
4085
4244
4086
4245
4087
4246
4088
4247
4089
4248
4090
4249
4091
4250
4092
4251
4093
4252
4094
4253
4095
4254
4096
4255
4097
4256
4098
4257
4099
4258
4100
4259
4101
4260
4102
4261
4103
4262
4104
4263
4105
4264
4106
4265
4107
4266
4108
4267
4109
4268
4110
4269
4111
4270
4112
4271
4113
4272
4114
4273
4115
4274
4116
4275
4117
4276
4118
4277
4119
4278
4120
4279
4121
4280
4122
4281
4123
4282
4124
4283
4125
4284
4126
4285
4127
4286
4128
4287
4129
4288
4130
4289
4131
4290
4132
4291
4133
4292
4134
4293
4135
4294
4136
4295
4137
4296
4138
4297
4139
4298
4140
4299
4141
4300
4142
4301
4143
4302
4144
4303
4145
4304
4146
4305
4147
4306
4148
4307
4149
4308
4150
4309
4151
4310
4152
4311
4153
4312
4154
4313
4155
4314
4156
4315
4157
4316
4158
4317
4159
4318
4319
14700
4161
4320
4162
4321
4163
4322
4164
4323
4165
4324
4166
4325
4167
4326
4168
4327
4169
4328
4170
4329
4171
4330
4172
4331
4173
4332
4174
4333
4175
4334
4176
4335
4177
4336
4178
4337
4179
4338
4180
4339
4181
4340
4182
4341
4183
4342
4184
4343
4185
4344
4186
4345
4187
4346
4188
4347
4189
4348
4190
4349
4191
4350
4192
4351
4193
4352
4194
4353
4195
4354
4196
4355
4197
4356
4198
4357
4199
4358
4200
4359
4201
4360
4202
4361
4203
4362
4204
4363
4205
4364
4206
4365
4207
4366
4208
4367
4209
4368
4210
4369
4211
4370
4212
4371
4213
4372
4214
4373
4215
4374
4216
4375
4217
4376
4218
4377
4219
4378
4220
4379
4221
4380
4222
4381
4223
4382
4224
4383
4225
4384
4226
4385
4227
4386
4228
4387
4229
4388
4230
4389
4231
4390
4232
4391
4233
4392
4234
4393
4235
4394
4236
4395
4237
4396
4238
4397
4239
4398
4240
4399
4241
4400
4242
4401
4243
4402
4244
4403
4245
4404
4246
4405
4247
4406
4248
4407
4249
4408
4250
4409
4251
4410
4252
4411
4253
4412
4254
4413
4255
4414
4256
4415
4257
4416
4258
4417
4259
4418
4260
4419
4261
4420
4262
4421
4263
4422
4264
4423
4265
4424
4266
4425
4267
4426
4268
4427
4269
4428
4270
4429
4271
4430
4272
4431
4273
4432
4274
4433
4275
4434
4276
4435
4277
4436
4278
4437
4279
4438
4280
4439
4281
4440
4282
4441
4283
4442
4284
4443
4285
4444
4286
4445
4287
4446
4288
4447
4289
4448
4290
4449
4291
4450
4292
4451
4293
4452
4294
4453
4295
4454
4296
4455
4297
4456
4298
4457
4299
4458
4300
4459
4301
4460
4302
4461
4303
4462
4304
4463
4305
4464
4306
4465
4307
4466
4308
4467
4309
4468
4310
4469
4311
4470
4312
4471
4313
4472
4314
4473
4315
4474
4316
4475
4317
4476
4318
4477
4319
4478
4479
14760
4321
4480
4322
4481
4323
4482
4324
4483
4325
4484
4326
4485
4327
4486
4328
4487
4329
4488
4330
4489
4331
4490
4332
4491
4333
4492
4334
4493
4335
4494
4336
4495
4337
4496
4338
4497
4339
4498
4340
4499
4341
4500
4342
4501
4343
4502
4344
4503
4345
4504
4346
4505
4347
4506
4348
4507
4349
4508
4350
4509
4351
4510
4352
4511
4353
4512
4354
4513
4355
4514
4356
4515
4357
4516
4358
4517
4359
4518
4360
4519
4361
4520
4362
4521
4363
4522
4364
4523
4365
4524
4366
4525
4367
4526
4368
4527
4369
4528
4370
4529
4371
4530
4372
4531
4373
4532
4374
4533
4375
4534
4376
4535
4377
4536
4378
4537
4379
4538
4380
4539
4381
4540
4382
4541
4383
4542
4384
4543
4385
4544
4386
4545
4387
4546
4388
4547
4389
4548
4390
4549
4391
4550
4392
4551
4393
4552
4394
4553
4395
4554
4396
4555
4397
4556
4398
4557
4399
4558
4400
4559
4401
4560
4402
4561
4403
4562
4404
4563
4405
4564
4406
4565
4407
4566
4408
4567
4409
4568
4410
4569
4411
4570
4412
4571
4413
4572
4414
4573
4415
4574
4416
4575
4417
4576
4418
4577
4419
4578
4420
4579
4421
4580
4422
4581
4423
4582
4424
4583
4425
4584
4426
4585
4427
4586
4428
4587
4429
4588
4430
4589
4431
4590
4432
4591
4433
4592
4434
4593
4435
4594
4436
4595
4437
4596
4438
4597
4439
4598
4440
4599
4441
4600
4442
4601
4443
4602
4444
4603
4445
4604
4446
4605
4447
4606
4448
4607
4449
4608
4450
4609
4451
4610
4452
4611
4453
4612
4454
4613
4455
4614
4456
4615
4457
4616
4458
4617
4459
4618
4460
4619
4461
4620
4462
4621
4463
4622
4464
4623
4465
4624
4466
4625
4467
4626
4468
4627
4469
4628
4470
4629
4471
4630
4472
4631
4473
4632
4474
4633
4475
4634
4476
4635
4477
4636
4478
4637
4479
4638
4639
14820
4481
4640
4482
4641
4483
4642
4484
4643
4485
4644
4486
4645
4487
4646
4488
4647
4489
4648
4490
4649
4491
4650
4492
4651
4493
4652
4494
4653
4495
4654
4496
4655
4497
4656
4498
4657
4499
4658
4500
4659
4501
4660
4502
4661
4503
4662
4504
4663
4505
4664
4506
4665
4507
4666
4508
4667
4509
4668
4510
4669
4511
4670
4512
4671
4513
4672
4514
4673
4515
4674
4516
4675
4517
4676
4518
4677
4519
4678
4520
4679
4521
4680
4522
4681
4523
4682
4524
4683
4525
4684
4526
4685
4527
4686
4528
4687
4529
4688
4530
4689
4531
4690
4532
4691
4533
4692
4534
4693
4535
4694
4536
4695
4537
4696
4538
4697
4539
4698
4540
4699
4541
4700
4542
4701
4543
4702
4544
4703
4545
4704
4546
4705
4547
4706
4548
4707
4549
4708
4550
4709
4551
4710
4552
4711
4553
4712
4554
4713
4555
4714
4556
4715
4557
4716
4558
4717
4559
4718
4560
4719
4561
4720
4562
4721
4563
4722
4564
4723
4565
4724
4566
4725
4567
4726
4568
4727
4569
4728
4570
4729
4571
4730
4572
4731
4573
4732
4574
4733
4575
4734
4576
4735
4577
4736
4578
4737
4579
4738
4580
4739
4581
4740
4582
4741
4583
4742
4584
4743
4585
4744
4586
4745
4587
4746
4588
4747
4589
4748
4590
4749
4591
4750
4592
4751
4593
4752
4594
4753
4595
4754
4596
4755
4597
4756
4598
4757
4599
4758
4600
4759
4601
4760
4602
4761
4603
4762
4604
4763
4605
4764
4606
4765
4607
4766
4608
4767
4609
4768
4610
4769
4611
4770
4612
4771
4613
4772
4614
4773
4615
4774
4616
4775
4617
4776
4618
4777
4619
4778
4620
4779
4621
4780
4622
4781
4623
4782
4624
4783
4625
4784
4626
4785
4627
4786
4628
4787
4629
4788
4630
4789
4631
4790
4632
4791
4633
4792
4634
4793
4635
4794
4636
4795
4637
4796
4638
4797
4639
4798
4799
14880
4641
4800
4642
4801
4643
4802
4644
4803
4645
4804
4646
4805
4647
4806
4648
4807
4649
4808
4650
4809
4651
4810
4652
4811
4653
4812
4654
4813
4655
4814
4656
4815
4657
4816
4658
4817
4659
4818
4660
4819
4661
4820
4662
4821
4663
4822
4664
4823
4665
4824
4666
4825
4667
4826
4668
4827
4669
4828
4670
4829
4671
4830
4672
4831
4673
4832
4674
4833
4675
4834
4676
4835
4677
4836
4678
4837
4679
4838
4680
4839
4681
4840
4682
4841
4683
4842
4684
4843
4685
4844
4686
4845
4687
4846
4688
4847
4689
4848
4690
4849
4691
4850
4692
4851
4693
4852
4694
4853
4695
4854
4696
4855
4697
4856
4698
4857
4699
4858
4700
4859
4701
4860
4702
4861
4703
4862
4704
4863
4705
4864
4706
4865
4707
4866
4708
4867
4709
4868
4710
4869
4711
4870
4712
4871
4713
4872
4714
4873
4715
4874
4716
4875
4717
4876
4718
4877
4719
4878
4720
4879
4721
4880
4722
4881
4723
4882
4724
4883
4725
4884
4726
4885
4727
4886
4728
4887
4729
4888
4730
4889
4731
4890
4732
4891
4733
4892
4734
4893
4735
4894
4736
4895
4737
4896
4738
4897
4739
4898
4740
4899
4741
4900
4742
4901
4743
4902
4744
4903
4745
4904
4746
4905
4747
4906
4748
4907
4749
4908
4750
4909
4751
4910
4752
4911
4753
4912
4754
4913
4755
4914
4756
4915
4757
4916
4758
4917
4759
4918
4760
4919
4761
4920
4762
4921
4763
4922
4764
4923
4765
4924
4766
4925
4767
4926
4768
4927
4769
4928
4770
4929
4771
4930
4772
4931
4773
4932
4774
4933
4775
4934
4776
4935
4777
4936
4778
4937
4779
4938
4780
4939
4781
4940
4782
4941
4783
4942
4784
4943
4785
4944
4786
4945
4787
4946
4788
4947
4789
4948
4790
4949
4791
4950
4792
4951
4793
4952
4794
4953
4795
4954
4796
4955
4797
4956
4798
4957
4799
4958
4959
14940
4801
4960
4802
4961
4803
4962
4804
4963
4805
4964
4806
4965
4807
4966
4808
4967
4809
4968
4810
4969
4811
4970
4812
4971
4813
4972
4814
4973
4815
4974
4816
4975
4817
4976
4818
4977
4819
4978
4820
4979
4821
4980
4822
4981
4823
4982
4824
4983
4825
4984
4826
4985
4827
4986
4828
4987
4829
4988
4830
4989
4831
4990
4832
4991
4833
4992
4834
4993
4835
4994
4836
4995
4837
4996
4838
4997
4839
4998
4840
4999
4841
5000
4842
5001
4843
5002
4844
5003
4845
5004
4846
5005
4847
5006
4848
5007
4849
5008
4850
5009
4851
5010
4852
5011
4853
5012
4854
5013
4855
5014
4856
5015
4857
5016
4858
5017
4859
5018
4860
5019
4861
5020
4862
5021
4863
5022
4864
5023
4865
5024
4866
5025
4867
5026
4868
5027
4869
5028
4870
5029
4871
5030
4872
5031
4873
5032
4874
5033
4875
5034
4876
5035
4877
5036
4878
5037
4879
5038
4880
5039
4881
5040
4882
5041
4883
5042
4884
5043
4885
5044
4886
5045
4887
5046
4888
5047
4889
5048
4890
5049
4891
5050
4892
5051
4893
5052
4894
5053
4895
5054
4896
5055
4897
5056
4898
5057
4899
5058
4900
5059
4901
5060
4902
5061
4903
5062
4904
5063
4905
5064
4906
5065
4907
5066
4908
5067
4909
5068
4910
5069
4911
5070
4912
5071
4913
5072
4914
5073
4915
5074
4916
5075
4917
5076
4918
5077
4919
5078
4920
5079
4921
5080
4922
5081
4923
5082
4924
5083
4925
5084
4926
5085
4927
5086
4928
5087
4929
5088
4930
5089
4931
5090
4932
5091
4933
5092
4934
5093
4935
5094
4936
5095
4937
5096
4938
5097
4939
5098
4940
5099
4941
5100
4942
5101
4943
5102
4944
5103
4945
5104
4946
5105
4947
5106
4948
5107
4949
5108
4950
5109
4951
5110
4952
5111
4953
5112
4954
5113
4955
5114
4956
5115
4957
5116
4958
5117
4959
5118
5119
15000
4961
5120
4962
5121
4963
5122
4964
5123
4965
5124
4966
5125
4967
5126
4968
5127
4969
5128
4970
5129
4971
5130
4972
5131
4973
5132
4974
5133
4975
5134
4976
5135
4977
5136
4978
5137
4979
5138
4980
5139
4981
5140
4982
5141
4983
5142
4984
5143
4985
5144
4986
5145
4987
5146
4988
5147
4989
5148
4990
5149
4991
5150
4992
5151
4993
5152
4994
5153
4995
5154
4996
5155
4997
5156
4998
5157
4999
5158
5000
5159
5001
5160
5002
5161
5003
5162
5004
5163
5005
5164
5006
5165
5007
5166
5008
5167
5009
5168
5010
5169
5011
5170
5012
5171
5013
5172
5014
5173
5015
5174
5016
5175
5017
5176
5018
5177
5019
5178
5020
5179
5021
5180
5022
5181
5023
5182
5024
5183
5025
5184
5026
5185
5027
5186
5028
5187
5029
5188
5030
5189
5031
5190
5032
5191
5033
5192
5034
5193
5035
5194
5036
5195
5037
5196
5038
5197
5039
5198
5040
5199
5041
5200
5042
5201
5043
5202
5044
5203
5045
5204
5046
5205
5047
5206
5048
5207
5049
5208
5050
5209
5051
5210
5052
5211
5053
5212
5054
5213
5055
5214
5056
5215
5057
5216
5058
5217
5059
5218
5060
5219
5061
5220
5062
5221
5063
5222
5064
5223
5065
5224
5066
5225
5067
5226
5068
5227
5069
5228
5070
5229
5071
5230
5072
5231
5073
5232
5074
5233
5075
5234
5076
5235
5077
5236
5078
5237
5079
5238
5080
5239
5081
5240
5082
5241
5083
5242
5084
5243
5085
5244
5086
5245
5087
5246
5088
5247
5089
5248
5090
5249
5091
5250
5092
5251
5093
5252
5094
5253
5095
5254
5096
5255
5097
5256
5098
5257
5099
5258
5100
5259
5101
5260
5102
5261
5103
5262
5104
5263
5105
5264
5106
5265
5107
5266
5108
5267
5109
5268
5110
5269
5111
5270
5112
5271
5113
5272
5114
5273
5115
5274
5116
5275
5117
5276
5118
5277
5119
5278
5279
15060
5121
5280
5122
5281
5123
5282
5124
5283
5125
5284
5126
5285
5127
5286
5128
5287
5129
5288
5130
5289
5131
5290
5132
5291
5133
5292
5134
5293
5135
5294
5136
5295
5137
5296
5138
5297
5139
5298
5140
5299
5141
5300
5142
5301
5143
5302
5144
5303
5145
5304
5146
5305
5147
5306
5148
5307
5149
5308
5150
5309
5151
5310
5152
5311
5153
5312
5154
5313
5155
5314
5156
5315
5157
5316
5158
5317
5159
5318
5160
5319
5161
5320
5162
5321
5163
5322
5164
5323
5165
5324
5166
5325
5167
5326
5168
5327
5169
5328
5170
5329
5171
5330
5172
5331
5173
5332
5174
5333
5175
5334
5176
5335
5177
5336
5178
5337
5179
5338
5180
5339
5181
5340
5182
5341
5183
5342
5184
5343
5185
5344
5186
5345
5187
5346
5188
5347
5189
5348
5190
5349
5191
5350
5192
5351
5193
5352
5194
5353
5195
5354
5196
5355
5197
5356
5198
5357
5199
5358
5200
5359
5201
5360
5202
5361
5203
5362
5204
5363
5205
5364
5206
5365
5207
5366
5208
5367
5209
5368
5210
5369
5211
5370
5212
5371
5213
5372
5214
5373
5215
5374
5216
5375
5217
5376
5218
5377
5219
5378
5220
5379
5221
5380
5222
5381
5223
5382
5224
5383
5225
5384
5226
5385
5227
5386
5228
5387
5229
5388
5230
5389
5231
5390
5232
5391
5233
5392
5234
5393
5235
5394
5236
5395
5237
5396
5238
5397
5239
5398
5240
5399
5241
5400
5242
5401
5243
5402
5244
5403
5245
5404
5246
5405
5247
5406
5248
5407
5249
5408
5250
5409
5251
5410
5252
5411
5253
5412
5254
5413
5255
5414
5256
5415
5257
5416
5258
5417
5259
5418
5260
5419
5261
5420
5262
5421
5263
5422
5264
5423
5265
5424
5266
5425
5267
5426
5268
5427
5269
5428
5270
5429
5271
5430
5272
5431
5273
5432
5274
5433
5275
5434
5276
5435
5277
5436
5278
5437
5279
5438
5439
15120
5281
5440
5282
5441
5283
5442
5284
5443
5285
5444
5286
5445
5287
5446
5288
5447
5289
5448
5290
5449
5291
5450
5292
5451
5293
5452
5294
5453
5295
5454
5296
5455
5297
5456
5298
5457
5299
5458
5300
5459
5301
5460
5302
5461
5303
5462
5304
5463
5305
5464
5306
5465
5307
5466
5308
5467
5309
5468
5310
5469
5311
5470
5312
5471
5313
5472
5314
5473
5315
5474
5316
5475
5317
5476
5318
5477
5319
5478
5320
5479
5321
5480
5322
5481
5323
5482
5324
5483
5325
5484
5326
5485
5327
5486
5328
5487
5329
5488
5330
5489
5331
5490
5332
5491
5333
5492
5334
5493
5335
5494
5336
5495
5337
5496
5338
5497
5339
5498
5340
5499
5341
5500
5342
5501
5343
5502
5344
5503
5345
5504
5346
5505
5347
5506
5348
5507
5349
5508
5350
5509
5351
5510
5352
5511
5353
5512
5354
5513
5355
5514
5356
5515
5357
5516
5358
5517
5359
5518
5360
5519
5361
5520
5362
5521
5363
5522
5364
5523
5365
5524
5366
5525
5367
5526
5368
5527
5369
5528
5370
5529
5371
5530
5372
5531
5373
5532
5374
5533
5375
5534
5376
5535
5377
5536
5378
5537
5379
5538
5380
5539
5381
5540
5382
5541
5383
5542
5384
5543
5385
5544
5386
5545
5387
5546
5388
5547
5389
5548
5390
5549
5391
5550
5392
5551
5393
5552
5394
5553
5395
5554
5396
5555
5397
5556
5398
5557
5399
5558
5400
5559
5401
5560
5402
5561
5403
5562
5404
5563
5405
5564
5406
5565
5407
5566
5408
5567
5409
5568
5410
5569
5411
5570
5412
5571
5413
5572
5414
5573
5415
5574
5416
5575
5417
5576
5418
5577
5419
5578
5420
5579
5421
5580
5422
5581
5423
5582
5424
5583
5425
5584
5426
5585
5427
5586
5428
5587
5429
5588
5430
5589
5431
5590
5432
5591
5433
5592
5434
5593
5435
5594
5436
5595
5437
5596
5438
5597
5439
5598
5599
15180
5441
5600
5442
5601
5443
5602
5444
5603
5445
5604
5446
5605
5447
5606
5448
5607
5449
5608
5450
5609
5451
5610
5452
5611
5453
5612
5454
5613
5455
5614
5456
5615
5457
5616
5458
5617
5459
5618
5460
5619
5461
5620
5462
5621
5463
5622
5464
5623
5465
5624
5466
5625
5467
5626
5468
5627
5469
5628
5470
5629
5471
5630
5472
5631
5473
5632
5474
5633
5475
5634
5476
5635
5477
5636
5478
5637
5479
5638
5480
5639
5481
5640
5482
5641
5483
5642
5484
5643
5485
5644
5486
5645
5487
5646
5488
5647
5489
5648
5490
5649
5491
5650
5492
5651
5493
5652
5494
5653
5495
5654
5496
5655
5497
5656
5498
5657
5499
5658
5500
5659
5501
5660
5502
5661
5503
5662
5504
5663
5505
5664
5506
5665
5507
5666
5508
5667
5509
5668
5510
5669
5511
5670
5512
5671
5513
5672
5514
5673
5515
5674
5516
5675
5517
5676
5518
5677
5519
5678
5520
5679
5521
5680
5522
5681
5523
5682
5524
5683
5525
5684
5526
5685
5527
5686
5528
5687
5529
5688
5530
5689
5531
5690
5532
5691
5533
5692
5534
5693
5535
5694
5536
5695
5537
5696
5538
5697
5539
5698
5540
5699
5541
5700
5542
5701
5543
5702
5544
5703
5545
5704
5546
5705
5547
5706
5548
5707
5549
5708
5550
5709
5551
5710
5552
5711
5553
5712
5554
5713
5555
5714
5556
5715
5557
5716
5558
5717
5559
5718
5560
5719
5561
5720
5562
5721
5563
5722
5564
5723
5565
5724
5566
5725
5567
5726
5568
5727
5569
5728
5570
5729
5571
5730
5572
5731
5573
5732
5574
5733
5575
5734
5576
5735
5577
5736
5578
5737
5579
5738
5580
5739
5581
5740
5582
5741
5583
5742
5584
5743
5585
5744
5586
5745
5587
5746
5588
5747
5589
5748
5590
5749
5591
5750
5592
5751
5593
5752
5594
5753
5595
5754
5596
5755
5597
5756
5598
5757
5599
5758
5759
15240
5601
5760
5602
5761
5603
5762
5604
5763
5605
5764
5606
5765
5607
5766
5608
5767
5609
5768
5610
5769
5611
5770
5612
5771
5613
5772
5614
5773
5615
5774
5616
5775
5617
5776
5618
5777
5619
5778
5620
5779
5621
5780
5622
5781
5623
5782
5624
5783
5625
5784
5626
5785
5627
5786
5628
5787
5629
5788
5630
5789
5631
5790
5632
5791
5633
5792
5634
5793
5635
5794
5636
5795
5637
5796
5638
5797
5639
5798
5640
5799
5641
5800
5642
5801
5643
5802
5644
5803
5645
5804
5646
5805
5647
5806
5648
5807
5649
5808
5650
5809
5651
5810
5652
5811
5653
5812
5654
5813
5655
5814
5656
5815
5657
5816
5658
5817
5659
5818
5660
5819
5661
5820
5662
5821
5663
5822
5664
5823
5665
5824
5666
5825
5667
5826
5668
5827
5669
5828
5670
5829
5671
5830
5672
5831
5673
5832
5674
5833
5675
5834
5676
5835
5677
5836
5678
5837
5679
5838
5680
5839
5681
5840
5682
5841
5683
5842
5684
5843
5685
5844
5686
5845
5687
5846
5688
5847
5689
5848
5690
5849
5691
5850
5692
5851
5693
5852
5694
5853
5695
5854
5696
5855
5697
5856
5698
5857
5699
5858
5700
5859
5701
5860
5702
5861
5703
5862
5704
5863
5705
5864
5706
5865
5707
5866
5708
5867
5709
5868
5710
5869
5711
5870
5712
5871
5713
5872
5714
5873
5715
5874
5716
5875
5717
5876
5718
5877
5719
5878
5720
5879
5721
5880
5722
5881
5723
5882
5724
5883
5725
5884
5726
5885
5727
5886
5728
5887
5729
5888
5730
5889
5731
5890
5732
5891
5733
5892
5734
5893
5735
5894
5736
5895
5737
5896
5738
5897
5739
5898
5740
5899
5741
5900
5742
5901
5743
5902
5744
5903
5745
5904
5746
5905
5747
5906
5748
5907
5749
5908
5750
5909
5751
5910
5752
5911
5753
5912
5754
5913
5755
5914
5756
5915
5757
5916
5758
5917
5759
5918
5919
15300
5761
5920
5762
5921
5763
5922
5764
5923
5765
5924
5766
5925
5767
5926
5768
5927
5769
5928
5770
5929
5771
5930
5772
5931
5773
5932
5774
5933
5775
5934
5776
5935
5777
5936
5778
5937
5779
5938
5780
5939
5781
5940
5782
5941
5783
5942
5784
5943
5785
5944
5786
5945
5787
5946
5788
5947
5789
5948
5790
5949
5791
5950
5792
5951
5793
5952
5794
5953
5795
5954
5796
5955
5797
5956
5798
5957
5799
5958
5800
5959
5801
5960
5802
5961
5803
5962
5804
5963
5805
5964
5806
5965
5807
5966
5808
5967
5809
5968
5810
5969
5811
5970
5812
5971
5813
5972
5814
5973
5815
5974
5816
5975
5817
5976
5818
5977
5819
5978
5820
5979
5821
5980
5822
5981
5823
5982
5824
5983
5825
5984
5826
5985
5827
5986
5828
5987
5829
5988
5830
5989
5831
5990
5832
5991
5833
5992
5834
5993
5835
5994
5836
5995
5837
5996
5838
5997
5839
5998
5840
5999
5841
6000
5842
6001
5843
6002
5844
6003
5845
6004
5846
6005
5847
6006
5848
6007
5849
6008
5850
6009
5851
6010
5852
6011
5853
6012
5854
6013
5855
6014
5856
6015
5857
6016
5858
6017
5859
6018
5860
6019
5861
6020
5862
6021
5863
6022
5864
6023
5865
6024
5866
6025
5867
6026
5868
6027
5869
6028
5870
6029
5871
6030
5872
6031
5873
6032
5874
6033
5875
6034
5876
6035
5877
6036
5878
6037
5879
6038
5880
6039
5881
6040
5882
6041
5883
6042
5884
6043
5885
6044
5886
6045
5887
6046
5888
6047
5889
6048
5890
6049
5891
6050
5892
6051
5893
6052
5894
6053
5895
6054
5896
6055
5897
6056
5898
6057
5899
6058
5900
6059
5901
6060
5902
6061
5903
6062
5904
6063
5905
6064
5906
6065
5907
6066
5908
6067
5909
6068
5910
6069
5911
6070
5912
6071
5913
6072
5914
6073
5915
6074
5916
6075
5917
6076
5918
6077
5919
6078
6079
15360
5921
6080
5922
6081
5923
6082
5924
6083
5925
6084
5926
6085
5927
6086
5928
6087
5929
6088
5930
6089
5931
6090
5932
6091
5933
6092
5934
6093
5935
6094
5936
6095
5937
6096
5938
6097
5939
6098
5940
6099
5941
6100
5942
6101
5943
6102
5944
6103
5945
6104
5946
6105
5947
6106
5948
6107
5949
6108
5950
6109
5951
6110
5952
6111
5953
6112
5954
6113
5955
6114
5956
6115
5957
6116
5958
6117
5959
6118
5960
6119
5961
6120
5962
6121
5963
6122
5964
6123
5965
6124
5966
6125
5967
6126
5968
6127
5969
6128
5970
6129
5971
6130
5972
6131
5973
6132
5974
6133
5975
6134
5976
6135
5977
6136
5978
6137
5979
6138
5980
6139
5981
6140
5982
6141
5983
6142
5984
6143
5985
6144
5986
6145
5987
6146
5988
6147
5989
6148
5990
6149
5991
6150
5992
6151
5993
6152
5994
6153
5995
6154
5996
6155
5997
6156
5998
6157
5999
6158
6000
6159
6001
6160
6002
6161
6003
6162
6004
6163
6005
6164
6006
6165
6007
6166
6008
6167
6009
6168
6010
6169
6011
6170
6012
6171
6013
6172
6014
6173
6015
6174
6016
6175
6017
6176
6018
6177
6019
6178
6020
6179
6021
6180
6022
6181
6023
6182
6024
6183
6025
6184
6026
6185
6027
6186
6028
6187
6029
6188
6030
6189
6031
6190
6032
6191
6033
6192
6034
6193
6035
6194
6036
6195
6037
6196
6038
6197
6039
6198
6040
6199
6041
6200
6042
6201
6043
6202
6044
6203
6045
6204
6046
6205
6047
6206
6048
6207
6049
6208
6050
6209
6051
6210
6052
6211
6053
6212
6054
6213
6055
6214
6056
6215
6057
6216
6058
6217
6059
6218
6060
6219
6061
6220
6062
6221
6063
6222
6064
6223
6065
6224
6066
6225
6067
6226
6068
6227
6069
6228
6070
6229
6071
6230
6072
6231
6073
6232
6074
6233
6075
6234
6076
6235
6077
6236
6078
6237
6079
6238
6239
15420
6081
6240
6082
6241
6083
6242
6084
6243
6085
6244
6086
6245
6087
6246
6088
6247
6089
6248
6090
6249
6091
6250
6092
6251
6093
6252
6094
6253
6095
6254
6096
6255
6097
6256
6098
6257
6099
6258
6100
6259
6101
6260
6102
6261
6103
6262
6104
6263
6105
6264
6106
6265
6107
6266
6108
6267
6109
6268
6110
6269
6111
6270
6112
6271
6113
6272
6114
6273
6115
6274
6116
6275
6117
6276
6118
6277
6119
6278
6120
6279
6121
6280
6122
6281
6123
6282
6124
6283
6125
6284
6126
6285
6127
6286
6128
6287
6129
6288
6130
6289
6131
6290
6132
6291
6133
6292
6134
6293
6135
6294
6136
6295
6137
6296
6138
6297
6139
6298
6140
6299
6141
6300
6142
6301
6143
6302
6144
6303
6145
6304
6146
6305
6147
6306
6148
6307
6149
6308
6150
6309
6151
6310
6152
6311
6153
6312
6154
6313
6155
6314
6156
6315
6157
6316
6158
6317
6159
6318
6160
6319
6161
6320
6162
6321
6163
6322
6164
6323
6165
6324
6166
6325
6167
6326
6168
6327
6169
6328
6170
6329
6171
6330
6172
6331
6173
6332
6174
6333
6175
6334
6176
6335
6177
6336
6178
6337
6179
6338
6180
6339
6181
6340
6182
6341
6183
6342
6184
6343
6185
6344
6186
6345
6187
6346
6188
6347
6189
6348
6190
6349
6191
6350
6192
6351
6193
6352
6194
6353
6195
6354
6196
6355
6197
6356
6198
6357
6199
6358
6200
6359
6201
6360
6202
6361
6203
6362
6204
6363
6205
6364
6206
6365
6207
6366
6208
6367
6209
6368
6210
6369
6211
6370
6212
6371
6213
6372
6214
6373
6215
6374
6216
6375
6217
6376
6218
6377
6219
6378
6220
6379
6221
6380
6222
6381
6223
6382
6224
6383
6225
6384
6226
6385
6227
6386
6228
6387
6229
6388
6230
6389
6231
6390
6232
6391
6233
6392
6234
6393
6235
6394
6236
6395
6237
6396
6238
6397
6239
6398
6399
15480
6241
6400
6242
6401
6243
6402
6244
6403
6245
6404
6246
6405
6247
6406
6248
6407
6249
6408
6250
6409
6251
6410
6252
6411
6253
6412
6254
6413
6255
6414
6256
6415
6257
6416
6258
6417
6259
6418
6260
6419
6261
6420
6262
6421
6263
6422
6264
6423
6265
6424
6266
6425
6267
6426
6268
6427
6269
6428
6270
6429
6271
6430
6272
6431
6273
6432
6274
6433
6275
6434
6276
6435
6277
6436
6278
6437
6279
6438
6280
6439
6281
6440
6282
6441
6283
6442
6284
6443
6285
6444
6286
6445
6287
6446
6288
6447
6289
6448
6290
6449
6291
6450
6292
6451
6293
6452
6294
6453
6295
6454
6296
6455
6297
6456
6298
6457
6299
6458
6300
6459
6301
6460
6302
6461
6303
6462
6304
6463
6305
6464
6306
6465
6307
6466
6308
6467
6309
6468
6310
6469
6311
6470
6312
6471
6313
6472
6314
6473
6315
6474
6316
6475
6317
6476
6318
6477
6319
6478
6320
6479
6321
6480
6322
6481
6323
6482
6324
6483
6325
6484
6326
6485
6327
6486
6328
6487
6329
6488
6330
6489
6331
6490
6332
6491
6333
6492
6334
6493
6335
6494
6336
6495
6337
6496
6338
6497
6339
6498
6340
6499
6341
6500
6342
6501
6343
6502
6344
6503
6345
6504
6346
6505
6347
6506
6348
6507
6349
6508
6350
6509
6351
6510
6352
6511
6353
6512
6354
6513
6355
6514
6356
6515
6357
6516
6358
6517
6359
6518
6360
6519
6361
6520
6362
6521
6363
6522
6364
6523
6365
6524
6366
6525
6367
6526
6368
6527
6369
6528
6370
6529
6371
6530
6372
6531
6373
6532
6374
6533
6375
6534
6376
6535
6377
6536
6378
6537
6379
6538
6380
6539
6381
6540
6382
6541
6383
6542
6384
6543
6385
6544
6386
6545
6387
6546
6388
6547
6389
6548
6390
6549
6391
6550
6392
6551
6393
6552
6394
6553
6395
6554
6396
6555
6397
6556
6398
6557
6399
6558
6559
15540
6401
6560
6402
6561
6403
6562
6404
6563
6405
6564
6406
6565
6407
6566
6408
6567
6409
6568
6410
6569
6411
6570
6412
6571
6413
6572
6414
6573
6415
6574
6416
6575
6417
6576
6418
6577
6419
6578
6420
6579
6421
6580
6422
6581
6423
6582
6424
6583
6425
6584
6426
6585
6427
6586
6428
6587
6429
6588
6430
6589
6431
6590
6432
6591
6433
6592
6434
6593
6435
6594
6436
6595
6437
6596
6438
6597
6439
6598
6440
6599
6441
6600
6442
6601
6443
6602
6444
6603
6445
6604
6446
6605
6447
6606
6448
6607
6449
6608
6450
6609
6451
6610
6452
6611
6453
6612
6454
6613
6455
6614
6456
6615
6457
6616
6458
6617
6459
6618
6460
6619
6461
6620
6462
6621
6463
6622
6464
6623
6465
6624
6466
6625
6467
6626
6468
6627
6469
6628
6470
6629
6471
6630
6472
6631
6473
6632
6474
6633
6475
6634
6476
6635
6477
6636
6478
6637
6479
6638
6480
6639
6481
6640
6482
6641
6483
6642
6484
6643
6485
6644
6486
6645
6487
6646
6488
6647
6489
6648
6490
6649
6491
6650
6492
6651
6493
6652
6494
6653
6495
6654
6496
6655
6497
6656
6498
6657
6499
6658
6500
6659
6501
6660
6502
6661
6503
6662
6504
6663
6505
6664
6506
6665
6507
6666
6508
6667
6509
6668
6510
6669
6511
6670
6512
6671
6513
6672
6514
6673
6515
6674
6516
6675
6517
6676
6518
6677
6519
6678
6520
6679
6521
6680
6522
6681
6523
6682
6524
6683
6525
6684
6526
6685
6527
6686
6528
6687
6529
6688
6530
6689
6531
6690
6532
6691
6533
6692
6534
6693
6535
6694
6536
6695
6537
6696
6538
6697
6539
6698
6540
6699
6541
6700
6542
6701
6543
6702
6544
6703
6545
6704
6546
6705
6547
6706
6548
6707
6549
6708
6550
6709
6551
6710
6552
6711
6553
6712
6554
6713
6555
6714
6556
6715
6557
6716
6558
6717
6559
6718
6719
15600
6561
6720
6562
6721
6563
6722
6564
6723
6565
6724
6566
6725
6567
6726
6568
6727
6569
6728
6570
6729
6571
6730
6572
6731
6573
6732
6574
6733
6575
6734
6576
6735
6577
6736
6578
6737
6579
6738
6580
6739
6581
6740
6582
6741
6583
6742
6584
6743
6585
6744
6586
6745
6587
6746
6588
6747
6589
6748
6590
6749
6591
6750
6592
6751
6593
6752
6594
6753
6595
6754
6596
6755
6597
6756
6598
6757
6599
6758
6600
6759
6601
6760
6602
6761
6603
6762
6604
6763
6605
6764
6606
6765
6607
6766
6608
6767
6609
6768
6610
6769
6611
6770
6612
6771
6613
6772
6614
6773
6615
6774
6616
6775
6617
6776
6618
6777
6619
6778
6620
6779
6621
6780
6622
6781
6623
6782
6624
6783
6625
6784
6626
6785
6627
6786
6628
6787
6629
6788
6630
6789
6631
6790
6632
6791
6633
6792
6634
6793
6635
6794
6636
6795
6637
6796
6638
6797
6639
6798
6640
6799
6641
6800
6642
6801
6643
6802
6644
6803
6645
6804
6646
6805
6647
6806
6648
6807
6649
6808
6650
6809
6651
6810
6652
6811
6653
6812
6654
6813
6655
6814
6656
6815
6657
6816
6658
6817
6659
6818
6660
6819
6661
6820
6662
6821
6663
6822
6664
6823
6665
6824
6666
6825
6667
6826
6668
6827
6669
6828
6670
6829
6671
6830
6672
6831
6673
6832
6674
6833
6675
6834
6676
6835
6677
6836
6678
6837
6679
6838
6680
6839
6681
6840
6682
6841
6683
6842
6684
6843
6685
6844
6686
6845
6687
6846
6688
6847
6689
6848
6690
6849
6691
6850
6692
6851
6693
6852
6694
6853
6695
6854
6696
6855
6697
6856
6698
6857
6699
6858
6700
6859
6701
6860
6702
6861
6703
6862
6704
6863
6705
6864
6706
6865
6707
6866
6708
6867
6709
6868
6710
6869
6711
6870
6712
6871
6713
6872
6714
6873
6715
6874
6716
6875
6717
6876
6718
6877
6719
6878
6879
15660
6721
6880
6722
6881
6723
6882
6724
6883
6725
6884
6726
6885
6727
6886
6728
6887
6729
6888
6730
6889
6731
6890
6732
6891
6733
6892
6734
6893
6735
6894
6736
6895
6737
6896
6738
6897
6739
6898
6740
6899
6741
6900
6742
6901
6743
6902
6744
6903
6745
6904
6746
6905
6747
6906
6748
6907
6749
6908
6750
6909
6751
6910
6752
6911
6753
6912
6754
6913
6755
6914
6756
6915
6757
6916
6758
6917
6759
6918
6760
6919
6761
6920
6762
6921
6763
6922
6764
6923
6765
6924
6766
6925
6767
6926
6768
6927
6769
6928
6770
6929
6771
6930
6772
6931
6773
6932
6774
6933
6775
6934
6776
6935
6777
6936
6778
6937
6779
6938
6780
6939
6781
6940
6782
6941
6783
6942
6784
6943
6785
6944
6786
6945
6787
6946
6788
6947
6789
6948
6790
6949
6791
6950
6792
6951
6793
6952
6794
6953
6795
6954
6796
6955
6797
6956
6798
6957
6799
6958
6800
6959
6801
6960
6802
6961
6803
6962
6804
6963
6805
6964
6806
6965
6807
6966
6808
6967
6809
6968
6810
6969
6811
6970
6812
6971
6813
6972
6814
6973
6815
6974
6816
6975
6817
6976
6818
6977
6819
6978
6820
6979
6821
6980
6822
6981
6823
6982
6824
6983
6825
6984
6826
6985
6827
6986
6828
6987
6829
6988
6830
6989
6831
6990
6832
6991
6833
6992
6834
6993
6835
6994
6836
6995
6837
6996
6838
6997
6839
6998
6840
6999
6841
7000
6842
7001
6843
7002
6844
7003
6845
7004
6846
7005
6847
7006
6848
7007
6849
7008
6850
7009
6851
7010
6852
7011
6853
7012
6854
7013
6855
7014
6856
7015
6857
7016
6858
7017
6859
7018
6860
7019
6861
7020
6862
7021
6863
7022
6864
7023
6865
7024
6866
7025
6867
7026
6868
7027
6869
7028
6870
7029
6871
7030
6872
7031
6873
7032
6874
7033
6875
7034
6876
7035
6877
7036
6878
7037
6879
7038
7039
15720
6881
7040
6882
7041
6883
7042
6884
7043
6885
7044
6886
7045
6887
7046
6888
7047
6889
7048
6890
7049
6891
7050
6892
7051
6893
7052
6894
7053
6895
7054
6896
7055
6897
7056
6898
7057
6899
7058
6900
7059
6901
7060
6902
7061
6903
7062
6904
7063
6905
7064
6906
7065
6907
7066
6908
7067
6909
7068
6910
7069
6911
7070
6912
7071
6913
7072
6914
7073
6915
7074
6916
7075
6917
7076
6918
7077
6919
7078
6920
7079
6921
7080
6922
7081
6923
7082
6924
7083
6925
7084
6926
7085
6927
7086
6928
7087
6929
7088
6930
7089
6931
7090
6932
7091
6933
7092
6934
7093
6935
7094
6936
7095
6937
7096
6938
7097
6939
7098
6940
7099
6941
7100
6942
7101
6943
7102
6944
7103
6945
7104
6946
7105
6947
7106
6948
7107
6949
7108
6950
7109
6951
7110
6952
7111
6953
7112
6954
7113
6955
7114
6956
7115
6957
7116
6958
7117
6959
7118
6960
7119
6961
7120
6962
7121
6963
7122
6964
7123
6965
7124
6966
7125
6967
7126
6968
7127
6969
7128
6970
7129
6971
7130
6972
7131
6973
7132
6974
7133
6975
7134
6976
7135
6977
7136
6978
7137
6979
7138
6980
7139
6981
7140
6982
7141
6983
7142
6984
7143
6985
7144
6986
7145
6987
7146
6988
7147
6989
7148
6990
7149
6991
7150
6992
7151
6993
7152
6994
7153
6995
7154
6996
7155
6997
7156
6998
7157
6999
7158
7000
7159
7001
7160
7002
7161
7003
7162
7004
7163
7005
7164
7006
7165
7007
7166
7008
7167
7009
7168
7010
7169
7011
7170
7012
7171
7013
7172
7014
7173
7015
7174
7016
7175
7017
7176
7018
7177
7019
7178
7020
7179
7021
7180
7022
7181
7023
7182
7024
7183
7025
7184
7026
7185
7027
7186
7028
7187
7029
7188
7030
7189
7031
7190
7032
7191
7033
7192
7034
7193
7035
7194
7036
7195
7037
7196
7038
7197
7039
7198
7199
15780
7041
7200
7042
7201
7043
7202
7044
7203
7045
7204
7046
7205
7047
7206
7048
7207
7049
7208
7050
7209
7051
7210
7052
7211
7053
7212
7054
7213
7055
7214
7056
7215
7057
7216
7058
7217
7059
7218
7060
7219
7061
7220
7062
7221
7063
7222
7064
7223
7065
7224
7066
7225
7067
7226
7068
7227
7069
7228
7070
7229
7071
7230
7072
7231
7073
7232
7074
7233
7075
7234
7076
7235
7077
7236
7078
7237
7079
7238
7080
7239
7081
7240
7082
7241
7083
7242
7084
7243
7085
7244
7086
7245
7087
7246
7088
7247
7089
7248
7090
7249
7091
7250
7092
7251
7093
7252
7094
7253
7095
7254
7096
7255
7097
7256
7098
7257
7099
7258
7100
7259
7101
7260
7102
7261
7103
7262
7104
7263
7105
7264
7106
7265
7107
7266
7108
7267
7109
7268
7110
7269
7111
7270
7112
7271
7113
7272
7114
7273
7115
7274
7116
7275
7117
7276
7118
7277
7119
7278
7120
7279
7121
7280
7122
7281
7123
7282
7124
7283
7125
7284
7126
7285
7127
7286
7128
7287
7129
7288
7130
7289
7131
7290
7132
7291
7133
7292
7134
7293
7135
7294
7136
7295
7137
7296
7138
7297
7139
7298
7140
7299
7141
7300
7142
7301
7143
7302
7144
7303
7145
7304
7146
7305
7147
7306
7148
7307
7149
7308
7150
7309
7151
7310
7152
7311
7153
7312
7154
7313
7155
7314
7156
7315
7157
7316
7158
7317
7159
7318
7160
7319
7161
7320
7162
7321
7163
7322
7164
7323
7165
7324
7166
7325
7167
7326
7168
7327
7169
7328
7170
7329
7171
7330
7172
7331
7173
7332
7174
7333
7175
7334
7176
7335
7177
7336
7178
7337
7179
7338
7180
7339
7181
7340
7182
7341
7183
7342
7184
7343
7185
7344
7186
7345
7187
7346
7188
7347
7189
7348
7190
7349
7191
7350
7192
7351
7193
7352
7194
7353
7195
7354
7196
7355
7197
7356
7198
7357
7199
7358
7359
15840
7201
7360
7202
7361
7203
7362
7204
7363
7205
7364
7206
7365
7207
7366
7208
7367
7209
7368
7210
7369
7211
7370
7212
7371
7213
7372
7214
7373
7215
7374
7216
7375
7217
7376
7218
7377
7219
7378
7220
7379
7221
7380
7222
7381
7223
7382
7224
7383
7225
7384
7226
7385
7227
7386
7228
7387
7229
7388
7230
7389
7231
7390
7232
7391
7233
7392
7234
7393
7235
7394
7236
7395
7237
7396
7238
7397
7239
7398
7240
7399
7241
7400
7242
7401
7243
7402
7244
7403
7245
7404
7246
7405
7247
7406
7248
7407
7249
7408
7250
7409
7251
7410
7252
7411
7253
7412
7254
7413
7255
7414
7256
7415
7257
7416
7258
7417
7259
7418
7260
7419
7261
7420
7262
7421
7263
7422
7264
7423
7265
7424
7266
7425
7267
7426
7268
7427
7269
7428
7270
7429
7271
7430
7272
7431
7273
7432
7274
7433
7275
7434
7276
7435
7277
7436
7278
7437
7279
7438
7280
7439
7281
7440
7282
7441
7283
7442
7284
7443
7285
7444
7286
7445
7287
7446
7288
7447
7289
7448
7290
7449
7291
7450
7292
7451
7293
7452
7294
7453
7295
7454
7296
7455
7297
7456
7298
7457
7299
7458
7300
7459
7301
7460
7302
7461
7303
7462
7304
7463
7305
7464
7306
7465
7307
7466
7308
7467
7309
7468
7310
7469
7311
7470
7312
7471
7313
7472
7314
7473
7315
7474
7316
7475
7317
7476
7318
7477
7319
7478
7320
7479
7321
7480
7322
7481
7323
7482
7324
7483
7325
7484
7326
7485
7327
7486
7328
7487
7329
7488
7330
7489
7331
7490
7332
7491
7333
7492
7334
7493
7335
7494
7336
7495
7337
7496
7338
7497
7339
7498
7340
7499
7341
7500
7342
7501
7343
7502
7344
7503
7345
7504
7346
7505
7347
7506
7348
7507
7349
7508
7350
7509
7351
7510
7352
7511
7353
7512
7354
7513
7355
7514
7356
7515
7357
7516
7358
7517
7359
7518
7519
15900
7361
7520
7362
7521
7363
7522
7364
7523
7365
7524
7366
7525
7367
7526
7368
7527
7369
7528
7370
7529
7371
7530
7372
7531
7373
7532
7374
7533
7375
7534
7376
7535
7377
7536
7378
7537
7379
7538
7380
7539
7381
7540
7382
7541
7383
7542
7384
7543
7385
7544
7386
7545
7387
7546
7388
7547
7389
7548
7390
7549
7391
7550
7392
7551
7393
7552
7394
7553
7395
7554
7396
7555
7397
7556
7398
7557
7399
7558
7400
7559
7401
7560
7402
7561
7403
7562
7404
7563
7405
7564
7406
7565
7407
7566
7408
7567
7409
7568
7410
7569
7411
7570
7412
7571
7413
7572
7414
7573
7415
7574
7416
7575
7417
7576
7418
7577
7419
7578
7420
7579
7421
7580
7422
7581
7423
7582
7424
7583
7425
7584
7426
7585
7427
7586
7428
7587
7429
7588
7430
7589
7431
7590
7432
7591
7433
7592
7434
7593
7435
7594
7436
7595
7437
7596
7438
7597
7439
7598
7440
7599
7441
7600
7442
7601
7443
7602
7444
7603
7445
7604
7446
7605
7447
7606
7448
7607
7449
7608
7450
7609
7451
7610
7452
7611
7453
7612
7454
7613
7455
7614
7456
7615
7457
7616
7458
7617
7459
7618
7460
7619
7461
7620
7462
7621
7463
7622
7464
7623
7465
7624
7466
7625
7467
7626
7468
7627
7469
7628
7470
7629
7471
7630
7472
7631
7473
7632
7474
7633
7475
7634
7476
7635
7477
7636
7478
7637
7479
7638
7480
7639
7481
7640
7482
7641
7483
7642
7484
7643
7485
7644
7486
7645
7487
7646
7488
7647
7489
7648
7490
7649
7491
7650
7492
7651
7493
7652
7494
7653
7495
7654
7496
7655
7497
7656
7498
7657
7499
7658
7500
7659
7501
7660
7502
7661
7503
7662
7504
7663
7505
7664
7506
7665
7507
7666
7508
7667
7509
7668
7510
7669
7511
7670
7512
7671
7513
7672
7514
7673
7515
7674
7516
7675
7517
7676
7518
7677
7519
7678
7679
15960
7521
7680
7522
7681
7523
7682
7524
7683
7525
7684
7526
7685
7527
7686
7528
7687
7529
7688
7530
7689
7531
7690
7532
7691
7533
7692
7534
7693
7535
7694
7536
7695
7537
7696
7538
7697
7539
7698
7540
7699
7541
7700
7542
7701
7543
7702
7544
7703
7545
7704
7546
7705
7547
7706
7548
7707
7549
7708
7550
7709
7551
7710
7552
7711
7553
7712
7554
7713
7555
7714
7556
7715
7557
7716
7558
7717
7559
7718
7560
7719
7561
7720
7562
7721
7563
7722
7564
7723
7565
7724
7566
7725
7567
7726
7568
7727
7569
7728
7570
7729
7571
7730
7572
7731
7573
7732
7574
7733
7575
7734
7576
7735
7577
7736
7578
7737
7579
7738
7580
7739
7581
7740
7582
7741
7583
7742
7584
7743
7585
7744
7586
7745
7587
7746
7588
7747
7589
7748
7590
7749
7591
7750
7592
7751
7593
7752
7594
7753
7595
7754
7596
7755
7597
7756
7598
7757
7599
7758
7600
7759
7601
7760
7602
7761
7603
7762
7604
7763
7605
7764
7606
7765
7607
7766
7608
7767
7609
7768
7610
7769
7611
7770
7612
7771
7613
7772
7614
7773
7615
7774
7616
7775
7617
7776
7618
7777
7619
7778
7620
7779
7621
7780
7622
7781
7623
7782
7624
7783
7625
7784
7626
7785
7627
7786
7628
7787
7629
7788
7630
7789
7631
7790
7632
7791
7633
7792
7634
7793
7635
7794
7636
7795
7637
7796
7638
7797
7639
7798
7640
7799
7641
7800
7642
7801
7643
7802
7644
7803
7645
7804
7646
7805
7647
7806
7648
7807
7649
7808
7650
7809
7651
7810
7652
7811
7653
7812
7654
7813
7655
7814
7656
7815
7657
7816
7658
7817
7659
7818
7660
7819
7661
7820
7662
7821
7663
7822
7664
7823
7665
7824
7666
7825
7667
7826
7668
7827
7669
7828
7670
7829
7671
7830
7672
7831
7673
7832
7674
7833
7675
7834
7676
7835
7677
7836
7678
7837
7679
7838
7839
16020
7681
7840
7682
7841
7683
7842
7684
7843
7685
7844
7686
7845
7687
7846
7688
7847
7689
7848
7690
7849
7691
7850
7692
7851
7693
7852
7694
7853
7695
7854
7696
7855
7697
7856
7698
7857
7699
7858
7700
7859
7701
7860
7702
7861
7703
7862
7704
7863
7705
7864
7706
7865
7707
7866
7708
7867
7709
7868
7710
7869
7711
7870
7712
7871
7713
7872
7714
7873
7715
7874
7716
7875
7717
7876
7718
7877
7719
7878
7720
7879
7721
7880
7722
7881
7723
7882
7724
7883
7725
7884
7726
7885
7727
7886
7728
7887
7729
7888
7730
7889
7731
7890
7732
7891
7733
7892
7734
7893
7735
7894
7736
7895
7737
7896
7738
7897
7739
7898
7740
7899
7741
7900
7742
7901
7743
7902
7744
7903
7745
7904
7746
7905
7747
7906
7748
7907
7749
7908
7750
7909
7751
7910
7752
7911
7753
7912
7754
7913
7755
7914
7756
7915
7757
7916
7758
7917
7759
7918
7760
7919
7761
7920
7762
7921
7763
7922
7764
7923
7765
7924
7766
7925
7767
7926
7768
7927
7769
7928
7770
7929
7771
7930
7772
7931
7773
7932
7774
7933
7775
7934
7776
7935
7777
7936
7778
7937
7779
7938
7780
7939
7781
7940
7782
7941
7783
7942
7784
7943
7785
7944
7786
7945
7787
7946
7788
7947
7789
7948
7790
7949
7791
7950
7792
7951
7793
7952
7794
7953
7795
7954
7796
7955
7797
7956
7798
7957
7799
7958
7800
7959
7801
7960
7802
7961
7803
7962
7804
7963
7805
7964
7806
7965
7807
7966
7808
7967
7809
7968
7810
7969
7811
7970
7812
7971
7813
7972
7814
7973
7815
7974
7816
7975
7817
7976
7818
7977
7819
7978
7820
7979
7821
7980
7822
7981
7823
7982
7824
7983
7825
7984
7826
7985
7827
7986
7828
7987
7829
7988
7830
7989
7831
7990
7832
7991
7833
7992
7834
7993
7835
7994
7836
7995
7837
7996
7838
7997
7839
7998
7999
16080
7841
8000
7842
8001
7843
8002
7844
8003
7845
8004
7846
8005
7847
8006
7848
8007
7849
8008
7850
8009
7851
8010
7852
8011
7853
8012
7854
8013
7855
8014
7856
8015
7857
8016
7858
8017
7859
8018
7860
8019
7861
8020
7862
8021
7863
8022
7864
8023
7865
8024
7866
8025
7867
8026
7868
8027
7869
8028
7870
8029
7871
8030
7872
8031
7873
8032
7874
8033
7875
8034
7876
8035
7877
8036
7878
8037
7879
8038
7880
8039
7881
8040
7882
8041
7883
8042
7884
8043
7885
8044
7886
8045
7887
8046
7888
8047
7889
8048
7890
8049
7891
8050
7892
8051
7893
8052
7894
8053
7895
8054
7896
8055
7897
8056
7898
8057
7899
8058
7900
8059
7901
8060
7902
8061
7903
8062
7904
8063
7905
8064
7906
8065
7907
8066
7908
8067
7909
8068
7910
8069
7911
8070
7912
8071
7913
8072
7914
8073
7915
8074
7916
8075
7917
8076
7918
8077
7919
8078
7920
8079
7921
8080
7922
8081
7923
8082
7924
8083
7925
8084
7926
8085
7927
8086
7928
8087
7929
8088
7930
8089
7931
8090
7932
8091
7933
8092
7934
8093
7935
8094
7936
8095
7937
8096
7938
8097
7939
8098
7940
8099
7941
8100
7942
8101
7943
8102
7944
8103
7945
8104
7946
8105
7947
8106
7948
8107
7949
8108
7950
8109
7951
8110
7952
8111
7953
8112
7954
8113
7955
8114
7956
8115
7957
8116
7958
8117
7959
8118
7960
8119
7961
8120
7962
8121
7963
8122
7964
8123
7965
8124
7966
8125
7967
8126
7968
8127
7969
8128
7970
8129
7971
8130
7972
8131
7973
8132
7974
8133
7975
8134
7976
8135
7977
8136
7978
8137
7979
8138
7980
8139
7981
8140
7982
8141
7983
8142
7984
8143
7985
8144
7986
8145
7987
8146
7988
8147
7989
8148
7990
8149
7991
8150
7992
8151
7993
8152
7994
8153
7995
8154
7996
8155
7997
8156
7998
8157
7999
8158
8159
16140
8001
8160
8002
8161
8003
8162
8004
8163
8005
8164
8006
8165
8007
8166
8008
8167
8009
8168
8010
8169
8011
8170
8012
8171
8013
8172
8014
8173
8015
8174
8016
8175
8017
8176
8018
8177
8019
8178
8020
8179
8021
8180
8022
8181
8023
8182
8024
8183
8025
8184
8026
8185
8027
8186
8028
8187
8029
8188
8030
8189
8031
8190
8032
8191
8033
8192
8034
8193
8035
8194
8036
8195
8037
8196
8038
8197
8039
8198
8040
8199
8041
8200
8042
8201
8043
8202
8044
8203
8045
8204
8046
8205
8047
8206
8048
8207
8049
8208
8050
8209
8051
8210
8052
8211
8053
8212
8054
8213
8055
8214
8056
8215
8057
8216
8058
8217
8059
8218
8060
8219
8061
8220
8062
8221
8063
8222
8064
8223
8065
8224
8066
8225
8067
8226
8068
8227
8069
8228
8070
8229
8071
8230
8072
8231
8073
8232
8074
8233
8075
8234
8076
8235
8077
8236
8078
8237
8079
8238
8080
8239
8081
8240
8082
8241
8083
8242
8084
8243
8085
8244
8086
8245
8087
8246
8088
8247
8089
8248
8090
8249
8091
8250
8092
8251
8093
8252
8094
8253
8095
8254
8096
8255
8097
8256
8098
8257
8099
8258
8100
8259
8101
8260
8102
8261
8103
8262
8104
8263
8105
8264
8106
8265
8107
8266
8108
8267
8109
8268
8110
8269
8111
8270
8112
8271
8113
8272
8114
8273
8115
8274
8116
8275
8117
8276
8118
8277
8119
8278
8120
8279
8121
8280
8122
8281
8123
8282
8124
8283
8125
8284
8126
8285
8127
8286
8128
8287
8129
8288
8130
8289
8131
8290
8132
8291
8133
8292
8134
8293
8135
8294
8136
8295
8137
8296
8138
8297
8139
8298
8140
8299
8141
8300
8142
8301
8143
8302
8144
8303
8145
8304
8146
8305
8147
8306
8148
8307
8149
8308
8150
8309
8151
8310
8152
8311
8153
8312
8154
8313
8155
8314
8156
8315
8157
8316
8158
8317
8159
8318
8319
16200
8161
8320
8162
8321
8163
8322
8164
8323
8165
8324
8166
8325
8167
8326
8168
8327
8169
8328
8170
8329
8171
8330
8172
8331
8173
8332
8174
8333
8175
8334
8176
8335
8177
8336
8178
8337
8179
8338
8180
8339
8181
8340
8182
8341
8183
8342
8184
8343
8185
8344
8186
8345
8187
8346
8188
8347
8189
8348
8190
8349
8191
8350
8192
8351
8193
8352
8194
8353
8195
8354
8196
8355
8197
8356
8198
8357
8199
8358
8200
8359
8201
8360
8202
8361
8203
8362
8204
8363
8205
8364
8206
8365
8207
8366
8208
8367
8209
8368
8210
8369
8211
8370
8212
8371
8213
8372
8214
8373
8215
8374
8216
8375
8217
8376
8218
8377
8219
8378
8220
8379
8221
8380
8222
8381
8223
8382
8224
8383
8225
8384
8226
8385
8227
8386
8228
8387
8229
8388
8230
8389
8231
8390
8232
8391
8233
8392
8234
8393
8235
8394
8236
8395
8237
8396
8238
8397
8239
8398
8240
8399
8241
8400
8242
8401
8243
8402
8244
8403
8245
8404
8246
8405
8247
8406
8248
8407
8249
8408
8250
8409
8251
8410
8252
8411
8253
8412
8254
8413
8255
8414
8256
8415
8257
8416
8258
8417
8259
8418
8260
8419
8261
8420
8262
8421
8263
8422
8264
8423
8265
8424
8266
8425
8267
8426
8268
8427
8269
8428
8270
8429
8271
8430
8272
8431
8273
8432
8274
8433
8275
8434
8276
8435
8277
8436
8278
8437
8279
8438
8280
8439
8281
8440
8282
8441
8283
8442
8284
8443
8285
8444
8286
8445
8287
8446
8288
8447
8289
8448
8290
8449
8291
8450
8292
8451
8293
8452
8294
8453
8295
8454
8296
8455
8297
8456
8298
8457
8299
8458
8300
8459
8301
8460
8302
8461
8303
8462
8304
8463
8305
8464
8306
8465
8307
8466
8308
8467
8309
8468
8310
8469
8311
8470
8312
8471
8313
8472
8314
8473
8315
8474
8316
8475
8317
8476
8318
8477
8319
8478
8479
16260
8321
8480
8322
8481
8323
8482
8324
8483
8325
8484
8326
8485
8327
8486
8328
8487
8329
8488
8330
8489
8331
8490
8332
8491
8333
8492
8334
8493
8335
8494
8336
8495
8337
8496
8338
8497
8339
8498
8340
8499
8341
8500
8342
8501
8343
8502
8344
8503
8345
8504
8346
8505
8347
8506
8348
8507
8349
8508
8350
8509
8351
8510
8352
8511
8353
8512
8354
8513
8355
8514
8356
8515
8357
8516
8358
8517
8359
8518
8360
8519
8361
8520
8362
8521
8363
8522
8364
8523
8365
8524
8366
8525
8367
8526
8368
8527
8369
8528
8370
8529
8371
8530
8372
8531
8373
8532
8374
8533
8375
8534
8376
8535
8377
8536
8378
8537
8379
8538
8380
8539
8381
8540
8382
8541
8383
8542
8384
8543
8385
8544
8386
8545
8387
8546
8388
8547
8389
8548
8390
8549
8391
8550
8392
8551
8393
8552
8394
8553
8395
8554
8396
8555
8397
8556
8398
8557
8399
8558
8400
8559
8401
8560
8402
8561
8403
8562
8404
8563
8405
8564
8406
8565
8407
8566
8408
8567
8409
8568
8410
8569
8411
8570
8412
8571
8413
8572
8414
8573
8415
8574
8416
8575
8417
8576
8418
8577
8419
8578
8420
8579
8421
8580
8422
8581
8423
8582
8424
8583
8425
8584
8426
8585
8427
8586
8428
8587
8429
8588
8430
8589
8431
8590
8432
8591
8433
8592
8434
8593
8435
8594
8436
8595
8437
8596
8438
8597
8439
8598
8440
8599
8441
8600
8442
8601
8443
8602
8444
8603
8445
8604
8446
8605
8447
8606
8448
8607
8449
8608
8450
8609
8451
8610
8452
8611
8453
8612
8454
8613
8455
8614
8456
8615
8457
8616
8458
8617
8459
8618
8460
8619
8461
8620
8462
8621
8463
8622
8464
8623
8465
8624
8466
8625
8467
8626
8468
8627
8469
8628
8470
8629
8471
8630
8472
8631
8473
8632
8474
8633
8475
8634
8476
8635
8477
8636
8478
8637
8479
8638
8639
16320
8481
8640
8482
8641
8483
8642
8484
8643
8485
8644
8486
8645
8487
8646
8488
8647
8489
8648
8490
8649
8491
8650
8492
8651
8493
8652
8494
8653
8495
8654
8496
8655
8497
8656
8498
8657
8499
8658
8500
8659
8501
8660
8502
8661
8503
8662
8504
8663
8505
8664
8506
8665
8507
8666
8508
8667
8509
8668
8510
8669
8511
8670
8512
8671
8513
8672
8514
8673
8515
8674
8516
8675
8517
8676
8518
8677
8519
8678
8520
8679
8521
8680
8522
8681
8523
8682
8524
8683
8525
8684
8526
8685
8527
8686
8528
8687
8529
8688
8530
8689
8531
8690
8532
8691
8533
8692
8534
8693
8535
8694
8536
8695
8537
8696
8538
8697
8539
8698
8540
8699
8541
8700
8542
8701
8543
8702
8544
8703
8545
8704
8546
8705
8547
8706
8548
8707
8549
8708
8550
8709
8551
8710
8552
8711
8553
8712
8554
8713
8555
8714
8556
8715
8557
8716
8558
8717
8559
8718
8560
8719
8561
8720
8562
8721
8563
8722
8564
8723
8565
8724
8566
8725
8567
8726
8568
8727
8569
8728
8570
8729
8571
8730
8572
8731
8573
8732
8574
8733
8575
8734
8576
8735
8577
8736
8578
8737
8579
8738
8580
8739
8581
8740
8582
8741
8583
8742
8584
8743
8585
8744
8586
8745
8587
8746
8588
8747
8589
8748
8590
8749
8591
8750
8592
8751
8593
8752
8594
8753
8595
8754
8596
8755
8597
8756
8598
8757
8599
8758
8600
8759
8601
8760
8602
8761
8603
8762
8604
8763
8605
8764
8606
8765
8607
8766
8608
8767
8609
8768
8610
8769
8611
8770
8612
8771
8613
8772
8614
8773
8615
8774
8616
8775
8617
8776
8618
8777
8619
8778
8620
8779
8621
8780
8622
8781
8623
8782
8624
8783
8625
8784
8626
8785
8627
8786
8628
8787
8629
8788
8630
8789
8631
8790
8632
8791
8633
8792
8634
8793
8635
8794
8636
8795
8637
8796
8638
8797
8639
8798
8799
16380
8641
8800
8642
8801
8643
8802
8644
8803
8645
8804
8646
8805
8647
8806
8648
8807
8649
8808
8650
8809
8651
8810
8652
8811
8653
8812
8654
8813
8655
8814
8656
8815
8657
8816
8658
8817
8659
8818
8660
8819
8661
8820
8662
8821
8663
8822
8664
8823
8665
8824
8666
8825
8667
8826
8668
8827
8669
8828
8670
8829
8671
8830
8672
8831
8673
8832
8674
8833
8675
8834
8676
8835
8677
8836
8678
8837
8679
8838
8680
8839
8681
8840
8682
8841
8683
8842
8684
8843
8685
8844
8686
8845
8687
8846
8688
8847
8689
8848
8690
8849
8691
8850
8692
8851
8693
8852
8694
8853
8695
8854
8696
8855
8697
8856
8698
8857
8699
8858
8700
8859
8701
8860
8702
8861
8703
8862
8704
8863
8705
8864
8706
8865
8707
8866
8708
8867
8709
8868
8710
8869
8711
8870
8712
8871
8713
8872
8714
8873
8715
8874
8716
8875
8717
8876
8718
8877
8719
8878
8720
8879
8721
8880
8722
8881
8723
8882
8724
8883
8725
8884
8726
8885
8727
8886
8728
8887
8729
8888
8730
8889
8731
8890
8732
8891
8733
8892
8734
8893
8735
8894
8736
8895
8737
8896
8738
8897
8739
8898
8740
8899
8741
8900
8742
8901
8743
8902
8744
8903
8745
8904
8746
8905
8747
8906
8748
8907
8749
8908
8750
8909
8751
8910
8752
8911
8753
8912
8754
8913
8755
8914
8756
8915
8757
8916
8758
8917
8759
8918
8760
8919
8761
8920
8762
8921
8763
8922
8764
8923
8765
8924
8766
8925
8767
8926
8768
8927
8769
8928
8770
8929
8771
8930
8772
8931
8773
8932
8774
8933
8775
8934
8776
8935
8777
8936
8778
8937
8779
8938
8780
8939
8781
8940
8782
8941
8783
8942
8784
8943
8785
8944
8786
8945
8787
8946
8788
8947
8789
8948
8790
8949
8791
8950
8792
8951
8793
8952
8794
8953
8795
8954
8796
8955
8797
8956
8798
8957
8799
8958
8959
16440
8801
8960
8802
8961
8803
8962
8804
8963
8805
8964
8806
8965
8807
8966
8808
8967
8809
8968
8810
8969
8811
8970
8812
8971
8813
8972
8814
8973
8815
8974
8816
8975
8817
8976
8818
8977
8819
8978
8820
8979
8821
8980
8822
8981
8823
8982
8824
8983
8825
8984
8826
8985
8827
8986
8828
8987
8829
8988
8830
8989
8831
8990
8832
8991
8833
8992
8834
8993
8835
8994
8836
8995
8837
8996
8838
8997
8839
8998
8840
8999
8841
9000
8842
9001
8843
9002
8844
9003
8845
9004
8846
9005
8847
9006
8848
9007
8849
9008
8850
9009
8851
9010
8852
9011
8853
9012
8854
9013
8855
9014
8856
9015
8857
9016
8858
9017
8859
9018
8860
9019
8861
9020
8862
9021
8863
9022
8864
9023
8865
9024
8866
9025
8867
9026
8868
9027
8869
9028
8870
9029
8871
9030
8872
9031
8873
9032
8874
9033
8875
9034
8876
9035
8877
9036
8878
9037
8879
9038
8880
9039
8881
9040
8882
9041
8883
9042
8884
9043
8885
9044
8886
9045
8887
9046
8888
9047
8889
9048
8890
9049
8891
9050
8892
9051
8893
9052
8894
9053
8895
9054
8896
9055
8897
9056
8898
9057
8899
9058
8900
9059
8901
9060
8902
9061
8903
9062
8904
9063
8905
9064
8906
9065
8907
9066
8908
9067
8909
9068
8910
9069
8911
9070
8912
9071
8913
9072
8914
9073
8915
9074
8916
9075
8917
9076
8918
9077
8919
9078
8920
9079
8921
9080
8922
9081
8923
9082
8924
9083
8925
9084
8926
9085
8927
9086
8928
9087
8929
9088
8930
9089
8931
9090
8932
9091
8933
9092
8934
9093
8935
9094
8936
9095
8937
9096
8938
9097
8939
9098
8940
9099
8941
9100
8942
9101
8943
9102
8944
9103
8945
9104
8946
9105
8947
9106
8948
9107
8949
9108
8950
9109
8951
9110
8952
9111
8953
9112
8954
9113
8955
9114
8956
9115
8957
9116
8958
9117
8959
9118
9119
16500
8961
9120
8962
9121
8963
9122
8964
9123
8965
9124
8966
9125
8967
9126
8968
9127
8969
9128
8970
9129
8971
9130
8972
9131
8973
9132
8974
9133
8975
9134
8976
9135
8977
9136
8978
9137
8979
9138
8980
9139
8981
9140
8982
9141
8983
9142
8984
9143
8985
9144
8986
9145
8987
9146
8988
9147
8989
9148
8990
9149
8991
9150
8992
9151
8993
9152
8994
9153
8995
9154
8996
9155
8997
9156
8998
9157
8999
9158
9000
9159
9001
9160
9002
9161
9003
9162
9004
9163
9005
9164
9006
9165
9007
9166
9008
9167
9009
9168
9010
9169
9011
9170
9012
9171
9013
9172
9014
9173
9015
9174
9016
9175
9017
9176
9018
9177
9019
9178
9020
9179
9021
9180
9022
9181
9023
9182
9024
9183
9025
9184
9026
9185
9027
9186
9028
9187
9029
9188
9030
9189
9031
9190
9032
9191
9033
9192
9034
9193
9035
9194
9036
9195
9037
9196
9038
9197
9039
9198
9040
9199
9041
9200
9042
9201
9043
9202
9044
9203
9045
9204
9046
9205
9047
9206
9048
9207
9049
9208
9050
9209
9051
9210
9052
9211
9053
9212
9054
9213
9055
9214
9056
9215
9057
9216
9058
9217
9059
9218
9060
9219
9061
9220
9062
9221
9063
9222
9064
9223
9065
9224
9066
9225
9067
9226
9068
9227
9069
9228
9070
9229
9071
9230
9072
9231
9073
9232
9074
9233
9075
9234
9076
9235
9077
9236
9078
9237
9079
9238
9080
9239
9081
9240
9082
9241
9083
9242
9084
9243
9085
9244
9086
9245
9087
9246
9088
9247
9089
9248
9090
9249
9091
9250
9092
9251
9093
9252
9094
9253
9095
9254
9096
9255
9097
9256
9098
9257
9099
9258
9100
9259
9101
9260
9102
9261
9103
9262
9104
9263
9105
9264
9106
9265
9107
9266
9108
9267
9109
9268
9110
9269
9111
9270
9112
9271
9113
9272
9114
9273
9115
9274
9116
9275
9117
9276
9118
9277
9119
9278
9279
16560
9121
9280
9122
9281
9123
9282
9124
9283
9125
9284
9126
9285
9127
9286
9128
9287
9129
9288
9130
9289
9131
9290
9132
9291
9133
9292
9134
9293
9135
9294
9136
9295
9137
9296
9138
9297
9139
9298
9140
9299
9141
9300
9142
9301
9143
9302
9144
9303
9145
9304
9146
9305
9147
9306
9148
9307
9149
9308
9150
9309
9151
9310
9152
9311
9153
9312
9154
9313
9155
9314
9156
9315
9157
9316
9158
9317
9159
9318
9160
9319
9161
9320
9162
9321
9163
9322
9164
9323
9165
9324
9166
9325
9167
9326
9168
9327
9169
9328
9170
9329
9171
9330
9172
9331
9173
9332
9174
9333
9175
9334
9176
9335
9177
9336
9178
9337
9179
9338
9180
9339
9181
9340
9182
9341
9183
9342
9184
9343
9185
9344
9186
9345
9187
9346
9188
9347
9189
9348
9190
9349
9191
9350
9192
9351
9193
9352
9194
9353
9195
9354
9196
9355
9197
9356
9198
9357
9199
9358
9200
9359
9201
9360
9202
9361
9203
9362
9204
9363
9205
9364
9206
9365
9207
9366
9208
9367
9209
9368
9210
9369
9211
9370
9212
9371
9213
9372
9214
9373
9215
9374
9216
9375
9217
9376
9218
9377
9219
9378
9220
9379
9221
9380
9222
9381
9223
9382
9224
9383
9225
9384
9226
9385
9227
9386
9228
9387
9229
9388
9230
9389
9231
9390
9232
9391
9233
9392
9234
9393
9235
9394
9236
9395
9237
9396
9238
9397
9239
9398
9240
9399
9241
9400
9242
9401
9243
9402
9244
9403
9245
9404
9246
9405
9247
9406
9248
9407
9249
9408
9250
9409
9251
9410
9252
9411
9253
9412
9254
9413
9255
9414
9256
9415
9257
9416
9258
9417
9259
9418
9260
9419
9261
9420
9262
9421
9263
9422
9264
9423
9265
9424
9266
9425
9267
9426
9268
9427
9269
9428
9270
9429
9271
9430
9272
9431
9273
9432
9274
9433
9275
9434
9276
9435
9277
9436
9278
9437
9279
9438
9439
16620
9281
9440
9282
9441
9283
9442
9284
9443
9285
9444
9286
9445
9287
9446
9288
9447
9289
9448
9290
9449
9291
9450
9292
9451
9293
9452
9294
9453
9295
9454
9296
9455
9297
9456
9298
9457
9299
9458
9300
9459
9301
9460
9302
9461
9303
9462
9304
9463
9305
9464
9306
9465
9307
9466
9308
9467
9309
9468
9310
9469
9311
9470
9312
9471
9313
9472
9314
9473
9315
9474
9316
9475
9317
9476
9318
9477
9319
9478
9320
9479
9321
9480
9322
9481
9323
9482
9324
9483
9325
9484
9326
9485
9327
9486
9328
9487
9329
9488
9330
9489
9331
9490
9332
9491
9333
9492
9334
9493
9335
9494
9336
9495
9337
9496
9338
9497
9339
9498
9340
9499
9341
9500
9342
9501
9343
9502
9344
9503
9345
9504
9346
9505
9347
9506
9348
9507
9349
9508
9350
9509
9351
9510
9352
9511
9353
9512
9354
9513
9355
9514
9356
9515
9357
9516
9358
9517
9359
9518
9360
9519
9361
9520
9362
9521
9363
9522
9364
9523
9365
9524
9366
9525
9367
9526
9368
9527
9369
9528
9370
9529
9371
9530
9372
9531
9373
9532
9374
9533
9375
9534
9376
9535
9377
9536
9378
9537
9379
9538
9380
9539
9381
9540
9382
9541
9383
9542
9384
9543
9385
9544
9386
9545
9387
9546
9388
9547
9389
9548
9390
9549
9391
9550
9392
9551
9393
9552
9394
9553
9395
9554
9396
9555
9397
9556
9398
9557
9399
9558
9400
9559
9401
9560
9402
9561
9403
9562
9404
9563
9405
9564
9406
9565
9407
9566
9408
9567
9409
9568
9410
9569
9411
9570
9412
9571
9413
9572
9414
9573
9415
9574
9416
9575
9417
9576
9418
9577
9419
9578
9420
9579
9421
9580
9422
9581
9423
9582
9424
9583
9425
9584
9426
9585
9427
9586
9428
9587
9429
9588
9430
9589
9431
9590
9432
9591
9433
9592
9434
9593
9435
9594
9436
9595
9437
9596
9438
9597
9439
9598
9599
16680
9441
9442
9443
9444
9445
9446
9447
9448
9449
9450
9451
9452
9453
9454
9455
9456
9457
9458
9459
9460
9461
9462
9463
9464
9465
9466
9467
9468
9469
9470
9471
9472
9473
9474
9475
9476
9477
9478
9479
9480
9481
9482
9483
9484
9485
9486
9487
9488
9489
9490
9491
9492
9493
9494
9495
9496
9497
9498
9499
9500
9501
9502
9503
9504
9505
9506
9507
9508
9509
9510
9511
9512
9513
9514
9515
9516
9517
9518
9519
9520
9521
9522
9523
9524
9525
9526
9527
9528
9529
9530
9531
9532
9533
9534
9535
9536
9537
9538
9539
9540
9541
9542
9543
9544
9545
9546
9547
9548
9549
9550
9551
9552
9553
9554
9555
9556
9557
9558
9559
9560
9561
9562
9563
9564
9565
9566
9567
9568
9569
9570
9571
9572
9573
9574
9575
9576
9577
9578
9579
9580
9581
9582
9583
9584
9585
9586
9587
9588
9589
9590
9591
9592
9593
9594
9595
9596
9597
9598
9599
16740
9601
9660
13200
9602
9661
9603
9662
9604
9663
9605
9664
9606
9665
9607
9666
9608
9667
9609
9668
9610
9669
9611
9670
9612
9671
9613
9672
9614
9673
9615
9674
9616
9675
9617
9676
9618
9677
9619
9678
9620
9679
9621
9680
9622
9681
9623
9682
9624
9683
9625
9684
9626
9685
9627
9686
9628
9687
9629
9688
9630
9689
9631
9690
9632
9691
9633
9692
9634
9693
9635
9694
9636
9695
9637
9696
9638
9697
9639
9698
9640
9699
9641
9700
9642
9701
9643
9702
9644
9703
9645
9704
9646
9705
9647
9706
9648
9707
9649
9708
9650
9709
9651
9710
9652
9711
9653
9712
9654
9713
9655
9714
9656
9715
9657
9716
9658
9717
9659
9718
9719
20459
9661
9720
13201
9662
9721
9663
9722
9664
9723
9665
9724
9666
9725
9667
9726
9668
9727
9669
9728
9670
9729
9671
9730
9672
9731
9673
9732
9674
9733
9675
9734
9676
9735
9677
9736
9678
9737
9679
9738
9680
9739
9681
9740
9682
9741
9683
9742
9684
9743
9685
9744
9686
9745
9687
9746
9688
9747
9689
9748
9690
9749
9691
9750
9692
9751
9693
9752
9694
9753
9695
9754
9696
9755
9697
9756
9698
9757
9699
9758
9700
9759
9701
9760
9702
9761
9703
9762
9704
9763
9705
9764
9706
9765
9707
9766
9708
9767
9709
9768
9710
9769
9711
9770
9712
9771
9713
9772
9714
9773
9715
9774
9716
9775
9717
9776
9718
9777
9719
9778
9779
20458
9721
9780
13202
9722
9781
9723
9782
9724
9783
9725
9784
9726
9785
9727
9786
9728
9787
9729
9788
9730
9789
9731
9790
9732
9791
9733
9792
9734
9793
9735
9794
9736
9795
9737
9796
9738
9797
9739
9798
9740
9799
9741
9800
9742
9801
9743
9802
9744
9803
9745
9804
9746
9805
9747
9806
9748
9807
9749
9808
9750
9809
9751
9810
9752
9811
9753
9812
9754
9813
9755
9814
9756
9815
9757
9816
9758
9817
9759
9818
9760
9819
9761
9820
9762
9821
9763
9822
9764
9823
9765
9824
9766
9825
9767
9826
9768
9827
9769
9828
9770
9829
9771
9830
9772
9831
9773
9832
9774
9833
9775
9834
9776
9835
9777
9836
9778
9837
9779
9838
9839
20457
9781
9840
13203
9782
9841
9783
9842
9784
9843
9785
9844
9786
9845
9787
9846
9788
9847
9789
9848
9790
9849
9791
9850
9792
9851
9793
9852
9794
9853
9795
9854
9796
9855
9797
9856
9798
9857
9799
9858
9800
9859
9801
9860
9802
9861
9803
9862
9804
9863
9805
9864
9806
9865
9807
9866
9808
9867
9809
9868
9810
9869
9811
9870
9812
9871
9813
9872
9814
9873
9815
9874
9816
9875
9817
9876
9818
9877
9819
9878
9820
9879
9821
9880
9822
9881
9823
9882
9824
9883
9825
9884
9826
9885
9827
9886
9828
9887
9829
9888
9830
9889
9831
9890
9832
9891
9833
9892
9834
9893
9835
9894
9836
9895
9837
9896
9838
9897
9839
9898
9899
20456
9841
9900
13204
9842
9901
9843
9902
9844
9903
9845
9904
9846
9905
9847
9906
9848
9907
9849
9908
9850
9909
9851
9910
9852
9911
9853
9912
9854
9913
9855
9914
9856
9915
9857
9916
9858
9917
9859
9918
9860
9919
9861
9920
9862
9921
9863
9922
9864
9923
9865
9924
9866
9925
9867
9926
9868
9927
9869
9928
9870
9929
9871
9930
9872
9931
9873
9932
9874
9933
9875
9934
9876
9935
9877
9936
9878
9937
9879
9938
9880
9939
9881
9940
9882
9941
9883
9942
9884
9943
9885
9944
9886
9945
9887
9946
9888
9947
9889
9948
9890
9949
9891
9950
9892
9951
9893
9952
9894
9953
9895
9954
9896
9955
9897
9956
9898
9957
9899
9958
9959
20455
9901
9960
13205
9902
9961
9903
9962
9904
9963
9905
9964
9906
9965
9907
9966
9908
9967
9909
9968
9910
9969
9911
9970
9912
9971
9913
9972
9914
9973
9915
9974
9916
9975
9917
9976
9918
9977
9919
9978
9920
9979
9921
9980
9922
9981
9923
9982
9924
9983
9925
9984
9926
9985
9927
9986
9928
9987
9929
9988
9930
9989
9931
9990
9932
9991
9933
9992
9934
9993
9935
9994
9936
9995
9937
9996
9938
9997
9939
9998
9940
9999
9941
10000
9942
10001
9943
10002
9944
10003
9945
10004
9946
10005
9947
10006
9948
10007
9949
10008
9950
10009
9951
10010
9952
10011
9953
10012
9954
10013
9955
10014
9956
10015
9957
10016
9958
10017
9959
10018
10019
20454
9961
10020
13206
9962
10021
9963
10022
9964
10023
9965
10024
9966
10025
9967
10026
9968
10027
9969
10028
9970
10029
9971
10030
9972
10031
9973
10032
9974
10033
9975
10034
9976
10035
9977
10036
9978
10037
9979
10038
9980
10039
9981
10040
9982
10041
9983
10042
9984
10043
9985
10044
9986
10045
9987
10046
9988
10047
9989
10048
9990
10049
9991
10050
9992
10051
9993
10052
9994
10053
9995
10054
9996
10055
9997
10056
9998
10057
9999
10058
10000
10059
10001
10060
10002
10061
10003
10062
10004
10063
10005
10064
10006
10065
10007
10066
10008
10067
10009
10068
10010
10069
10011
10070
10012
10071
10013
10072
10014
10073
10015
10074
10016
10075
10017
10076
10018
10077
10019
10078
10079
20453
10021
10080
13207
10022
10081
10023
10082
10024
10083
10025
10084
10026
10085
10027
10086
10028
10087
10029
10088
10030
10089
10031
10090
10032
10091
10033
10092
10034
10093
10035
10094
10036
10095
10037
10096
10038
10097
10039
10098
10040
10099
10041
10100
10042
10101
10043
10102
10044
10103
10045
10104
10046
10105
10047
10106
10048
10107
10049
10108
10050
10109
10051
10110
10052
10111
10053
10112
10054
10113
10055
10114
10056
10115
10057
10116
10058
10117
10059
10118
10060
10119
10061
10120
10062
10121
10063
10122
10064
10123
10065
10124
10066
10125
10067
10126
10068
10127
10069
10128
10070
10129
10071
10130
10072
10131
10073
10132
10074
10133
10075
10134
10076
10135
10077
10136
10078
10137
10079
10138
10139
20452
10081
10140
13208
10082
10141
10083
10142
10084
10143
10085
10144
10086
10145
10087
10146
10088
10147
10089
10148
10090
10149
10091
10150
10092
10151
10093
10152
10094
10153
10095
10154
10096
10155
10097
10156
10098
10157
10099
10158
10100
10159
10101
10160
10102
10161
10103
10162
10104
10163
10105
10164
10106
10165
10107
10166
10108
10167
10109
10168
10110
10169
10111
10170
10112
10171
10113
10172
10114
10173
10115
10174
10116
10175
10117
10176
10118
10177
10119
10178
10120
10179
10121
10180
10122
10181
10123
10182
10124
10183
10125
10184
10126
10185
10127
10186
10128
10187
10129
10188
10130
10189
10131
10190
10132
10191
10133
10192
10134
10193
10135
10194
10136
10195
10137
10196
10138
10197
10139
10198
10199
20451
10141
10200
13209
10142
10201
10143
10202
10144
10203
10145
10204
10146
10205
10147
10206
10148
10207
10149
10208
10150
10209
10151
10210
10152
10211
10153
10212
10154
10213
10155
10214
10156
10215
10157
10216
10158
10217
10159
10218
10160
10219
10161
10220
10162
10221
10163
10222
10164
10223
10165
10224
10166
10225
10167
10226
10168
10227
10169
10228
10170
10229
10171
10230
10172
10231
10173
10232
10174
10233
10175
10234
10176
10235
10177
10236
10178
10237
10179
10238
10180
10239
10181
10240
10182
10241
10183
10242
10184
10243
10185
10244
10186
10245
10187
10246
10188
10247
10189
10248
10190
10249
10191
10250
10192
10251
10193
10252
10194
10253
10195
10254
10196
10255
10197
10256
10198
10257
10199
10258
10259
20450
10201
10260
13210
10202
10261
10203
10262
10204
10263
10205
10264
10206
10265
10207
10266
10208
10267
10209
10268
10210
10269
10211
10270
10212
10271
10213
10272
10214
10273
10215
10274
10216
10275
10217
10276
10218
10277
10219
10278
10220
10279
10221
10280
10222
10281
10223
10282
10224
10283
10225
10284
10226
10285
10227
10286
10228
10287
10229
10288
10230
10289
10231
10290
10232
10291
10233
10292
10234
10293
10235
10294
10236
10295
10237
10296
10238
10297
10239
10298
10240
10299
10241
10300
10242
10301
10243
10302
10244
10303
10245
10304
10246
10305
10247
10306
10248
10307
10249
10308
10250
10309
10251
10310
10252
10311
10253
10312
10254
10313
10255
10314
10256
10315
10257
10316
10258
10317
10259
10318
10319
20449
10261
10320
13211
10262
10321
10263
10322
10264
10323
10265
10324
10266
10325
10267
10326
10268
10327
10269
10328
10270
10329
10271
10330
10272
10331
10273
10332
10274
10333
10275
10334
10276
10335
10277
10336
10278
10337
10279
10338
10280
10339
10281
10340
10282
10341
10283
10342
10284
10343
10285
10344
10286
10345
10287
10346
10288
10347
10289
10348
10290
10349
10291
10350
10292
10351
10293
10352
10294
10353
10295
10354
10296
10355
10297
10356
10298
10357
10299
10358
10300
10359
10301
10360
10302
10361
10303
10362
10304
10363
10305
10364
10306
10365
10307
10366
10308
10367
10309
10368
10310
10369
10311
10370
10312
10371
10313
10372
10314
10373
10315
10374
10316
10375
10317
10376
10318
10377
10319
10378
10379
20448
10321
10380
13212
10322
10381
10323
10382
10324
10383
10325
10384
10326
10385
10327
10386
10328
10387
10329
10388
10330
10389
10331
10390
10332
10391
10333
10392
10334
10393
10335
10394
10336
10395
10337
10396
10338
10397
10339
10398
10340
10399
10341
10400
10342
10401
10343
10402
10344
10403
10345
10404
10346
10405
10347
10406
10348
10407
10349
10408
10350
10409
10351
10410
10352
10411
10353
10412
10354
10413
10355
10414
10356
10415
10357
10416
10358
10417
10359
10418
10360
10419
10361
10420
10362
10421
10363
10422
10364
10423
10365
10424
10366
10425
10367
10426
10368
10427
10369
10428
10370
10429
10371
10430
10372
10431
10373
10432
10374
10433
10375
10434
10376
10435
10377
10436
10378
10437
10379
10438
10439
20447
10381
10440
13213
10382
10441
10383
10442
10384
10443
10385
10444
10386
10445
10387
10446
10388
10447
10389
10448
10390
10449
10391
10450
10392
10451
10393
10452
10394
10453
10395
10454
10396
10455
10397
10456
10398
10457
10399
10458
10400
10459
10401
10460
10402
10461
10403
10462
10404
10463
10405
10464
10406
10465
10407
10466
10408
10467
10409
10468
10410
10469
10411
10470
10412
10471
10413
10472
10414
10473
10415
10474
10416
10475
10417
10476
10418
10477
10419
10478
10420
10479
10421
10480
10422
10481
10423
10482
10424
10483
10425
10484
10426
10485
10427
10486
10428
10487
10429
10488
10430
10489
10431
10490
10432
10491
10433
10492
10434
10493
10435
10494
10436
10495
10437
10496
10438
10497
10439
10498
10499
20446
10441
10500
13214
10442
10501
10443
10502
10444
10503
10445
10504
10446
10505
10447
10506
10448
10507
10449
10508
10450
10509
10451
10510
10452
10511
10453
10512
10454
10513
10455
10514
10456
10515
10457
10516
10458
10517
10459
10518
10460
10519
10461
10520
10462
10521
10463
10522
10464
10523
10465
10524
10466
10525
10467
10526
10468
10527
10469
10528
10470
10529
10471
10530
10472
10531
10473
10532
10474
10533
10475
10534
10476
10535
10477
10536
10478
10537
10479
10538
10480
10539
10481
10540
10482
10541
10483
10542
10484
10543
10485
10544
10486
10545
10487
10546
10488
10547
10489
10548
10490
10549
10491
10550
10492
10551
10493
10552
10494
10553
10495
10554
10496
10555
10497
10556
10498
10557
10499
10558
10559
20445
10501
10560
13215
10502
10561
10503
10562
10504
10563
10505
10564
10506
10565
10507
10566
10508
10567
10509
10568
10510
10569
10511
10570
10512
10571
10513
10572
10514
10573
10515
10574
10516
10575
10517
10576
10518
10577
10519
10578
10520
10579
10521
10580
10522
10581
10523
10582
10524
10583
10525
10584
10526
10585
10527
10586
10528
10587
10529
10588
10530
10589
10531
10590
10532
10591
10533
10592
10534
10593
10535
10594
10536
10595
10537
10596
10538
10597
10539
10598
10540
10599
10541
10600
10542
10601
10543
10602
10544
10603
10545
10604
10546
10605
10547
10606
10548
10607
10549
10608
10550
10609
10551
10610
10552
10611
10553
10612
10554
10613
10555
10614
10556
10615
10557
10616
10558
10617
10559
10618
10619
20444
10561
10620
13216
10562
10621
10563
10622
10564
10623
10565
10624
10566
10625
10567
10626
10568
10627
10569
10628
10570
10629
10571
10630
10572
10631
10573
10632
10574
10633
10575
10634
10576
10635
10577
10636
10578
10637
10579
10638
10580
10639
10581
10640
10582
10641
10583
10642
10584
10643
10585
10644
10586
10645
10587
10646
10588
10647
10589
10648
10590
10649
10591
10650
10592
10651
10593
10652
10594
10653
10595
10654
10596
10655
10597
10656
10598
10657
10599
10658
10600
10659
10601
10660
10602
10661
10603
10662
10604
10663
10605
10664
10606
10665
10607
10666
10608
10667
10609
10668
10610
10669
10611
10670
10612
10671
10613
10672
10614
10673
10615
10674
10616
10675
10617
10676
10618
10677
10619
10678
10679
20443
10621
10680
13217
10622
10681
10623
10682
10624
10683
10625
10684
10626
10685
10627
10686
10628
10687
10629
10688
10630
10689
10631
10690
10632
10691
10633
10692
10634
10693
10635
10694
10636
10695
10637
10696
10638
10697
10639
10698
10640
10699
10641
10700
10642
10701
10643
10702
10644
10703
10645
10704
10646
10705
10647
10706
10648
10707
10649
10708
10650
10709
10651
10710
10652
10711
10653
10712
10654
10713
10655
10714
10656
10715
10657
10716
10658
10717
10659
10718
10660
10719
10661
10720
10662
10721
10663
10722
10664
10723
10665
10724
10666
10725
10667
10726
10668
10727
10669
10728
10670
10729
10671
10730
10672
10731
10673
10732
10674
10733
10675
10734
10676
10735
10677
10736
10678
10737
10679
10738
10739
20442
10681
10740
13218
10682
10741
10683
10742
10684
10743
10685
10744
10686
10745
10687
10746
10688
10747
10689
10748
10690
10749
10691
10750
10692
10751
10693
10752
10694
10753
10695
10754
10696
10755
10697
10756
10698
10757
10699
10758
10700
10759
10701
10760
10702
10761
10703
10762
10704
10763
10705
10764
10706
10765
10707
10766
10708
10767
10709
10768
10710
10769
10711
10770
10712
10771
10713
10772
10714
10773
10715
10774
10716
10775
10717
10776
10718
10777
10719
10778
10720
10779
10721
10780
10722
10781
10723
10782
10724
10783
10725
10784
10726
10785
10727
10786
10728
10787
10729
10788
10730
10789
10731
10790
10732
10791
10733
10792
10734
10793
10735
10794
10736
10795
10737
10796
10738
10797
10739
10798
10799
20441
10741
10800
13219
10742
10801
10743
10802
10744
10803
10745
10804
10746
10805
10747
10806
10748
10807
10749
10808
10750
10809
10751
10810
10752
10811
10753
10812
10754
10813
10755
10814
10756
10815
10757
10816
10758
10817
10759
10818
10760
10819
10761
10820
10762
10821
10763
10822
10764
10823
10765
10824
10766
10825
10767
10826
10768
10827
10769
10828
10770
10829
10771
10830
10772
10831
10773
10832
10774
10833
10775
10834
10776
10835
10777
10836
10778
10837
10779
10838
10780
10839
10781
10840
10782
10841
10783
10842
10784
10843
10785
10844
10786
10845
10787
10846
10788
10847
10789
10848
10790
10849
10791
10850
10792
10851
10793
10852
10794
10853
10795
10854
10796
10855
10797
10856
10798
10857
10799
10858
10859
20440
10801
10860
13220
10802
10861
10803
10862
10804
10863
10805
10864
10806
10865
10807
10866
10808
10867
10809
10868
10810
10869
10811
10870
10812
10871
10813
10872
10814
10873
10815
10874
10816
10875
10817
10876
10818
10877
10819
10878
10820
10879
10821
10880
10822
10881
10823
10882
10824
10883
10825
10884
10826
10885
10827
10886
10828
10887
10829
10888
10830
10889
10831
10890
10832
10891
10833
10892
10834
10893
10835
10894
10836
10895
10837
10896
10838
10897
10839
10898
10840
10899
10841
10900
10842
10901
10843
10902
10844
10903
10845
10904
10846
10905
10847
10906
10848
10907
10849
10908
10850
10909
10851
10910
10852
10911
10853
10912
10854
10913
10855
10914
10856
10915
10857
10916
10858
10917
10859
10918
10919
20439
10861
10920
13221
10862
10921
10863
10922
10864
10923
10865
10924
10866
10925
10867
10926
10868
10927
10869
10928
10870
10929
10871
10930
10872
10931
10873
10932
10874
10933
10875
10934
10876
10935
10877
10936
10878
10937
10879
10938
10880
10939
10881
10940
10882
10941
10883
10942
10884
10943
10885
10944
10886
10945
10887
10946
10888
10947
10889
10948
10890
10949
10891
10950
10892
10951
10893
10952
10894
10953
10895
10954
10896
10955
10897
10956
10898
10957
10899
10958
10900
10959
10901
10960
10902
10961
10903
10962
10904
10963
10905
10964
10906
10965
10907
10966
10908
10967
10909
10968
10910
10969
10911
10970
10912
10971
10913
10972
10914
10973
10915
10974
10916
10975
10917
10976
10918
10977
10919
10978
10979
20438
10921
10980
13222
10922
10981
10923
10982
10924
10983
10925
10984
10926
10985
10927
10986
10928
10987
10929
10988
10930
10989
10931
10990
10932
10991
10933
10992
10934
10993
10935
10994
10936
10995
10937
10996
10938
10997
10939
10998
10940
10999
10941
11000
10942
11001
10943
11002
10944
11003
10945
11004
10946
11005
10947
11006
10948
11007
10949
11008
10950
11009
10951
11010
10952
11011
10953
11012
10954
11013
10955
11014
10956
11015
10957
11016
10958
11017
10959
11018
10960
11019
10961
11020
10962
11021
10963
11022
10964
11023
10965
11024
10966
11025
10967
11026
10968
11027
10969
11028
10970
11029
10971
11030
10972
11031
10973
11032
10974
11033
10975
11034
10976
11035
10977
11036
10978
11037
10979
11038
11039
20437
10981
11040
13223
10982
11041
10983
11042
10984
11043
10985
11044
10986
11045
10987
11046
10988
11047
10989
11048
10990
11049
10991
11050
10992
11051
10993
11052
10994
11053
10995
11054
10996
11055
10997
11056
10998
11057
10999
11058
11000
11059
11001
11060
11002
11061
11003
11062
11004
11063
11005
11064
11006
11065
11007
11066
11008
11067
11009
11068
11010
11069
11011
11070
11012
11071
11013
11072
11014
11073
11015
11074
11016
11075
11017
11076
11018
11077
11019
11078
11020
11079
11021
11080
11022
11081
11023
11082
11024
11083
11025
11084
11026
11085
11027
11086
11028
11087
11029
11088
11030
11089
11031
11090
11032
11091
11033
11092
11034
11093
11035
11094
11036
11095
11037
11096
11038
11097
11039
11098
11099
20436
11041
11100
13224
11042
11101
11043
11102
11044
11103
11045
11104
11046
11105
11047
11106
11048
11107
11049
11108
11050
11109
11051
11110
11052
11111
11053
11112
11054
11113
11055
11114
11056
11115
11057
11116
11058
11117
11059
11118
11060
11119
11061
11120
11062
11121
11063
11122
11064
11123
11065
11124
11066
11125
11067
11126
11068
11127
11069
11128
11070
11129
11071
11130
11072
11131
11073
11132
11074
11133
11075
11134
11076
11135
11077
11136
11078
11137
11079
11138
11080
11139
11081
11140
11082
11141
11083
11142
11084
11143
11085
11144
11086
11145
11087
11146
11088
11147
11089
11148
11090
11149
11091
11150
11092
11151
11093
11152
11094
11153
11095
11154
11096
11155
11097
11156
11098
11157
11099
11158
11159
20435
11101
11160
13225
11102
11161
11103
11162
11104
11163
11105
11164
11106
11165
11107
11166
11108
11167
11109
11168
11110
11169
11111
11170
11112
11171
11113
11172
11114
11173
11115
11174
11116
11175
11117
11176
11118
11177
11119
11178
11120
11179
11121
11180
11122
11181
11123
11182
11124
11183
11125
11184
11126
11185
11127
11186
11128
11187
11129
11188
11130
11189
11131
11190
11132
11191
11133
11192
11134
11193
11135
11194
11136
11195
11137
11196
11138
11197
11139
11198
11140
11199
11141
11200
11142
11201
11143
11202
11144
11203
11145
11204
11146
11205
11147
11206
11148
11207
11149
11208
11150
11209
11151
11210
11152
11211
11153
11212
11154
11213
11155
11214
11156
11215
11157
11216
11158
11217
11159
11218
11219
20434
11161
11220
13226
11162
11221
11163
11222
11164
11223
11165
11224
11166
11225
11167
11226
11168
11227
11169
11228
11170
11229
11171
11230
11172
11231
11173
11232
11174
11233
11175
11234
11176
11235
11177
11236
11178
11237
11179
11238
11180
11239
11181
11240
11182
11241
11183
11242
11184
11243
11185
11244
11186
11245
11187
11246
11188
11247
11189
11248
11190
11249
11191
11250
11192
11251
11193
11252
11194
11253
11195
11254
11196
11255
11197
11256
11198
11257
11199
11258
11200
11259
11201
11260
11202
11261
11203
11262
11204
11263
11205
11264
11206
11265
11207
11266
11208
11267
11209
11268
11210
11269
11211
11270
11212
11271
11213
11272
11214
11273
11215
11274
11216
11275
11217
11276
11218
11277
11219
11278
11279
20433
11221
11280
13227
11222
11281
11223
11282
11224
11283
11225
11284
11226
11285
11227
11286
11228
11287
11229
11288
11230
11289
11231
11290
11232
11291
11233
11292
11234
11293
11235
11294
11236
11295
11237
11296
11238
11297
11239
11298
11240
11299
11241
11300
11242
11301
11243
11302
11244
11303
11245
11304
11246
11305
11247
11306
11248
11307
11249
11308
11250
11309
11251
11310
11252
11311
11253
11312
11254
11313
11255
11314
11256
11315
11257
11316
11258
11317
11259
11318
11260
11319
11261
11320
11262
11321
11263
11322
11264
11323
11265
11324
11266
11325
11267
11326
11268
11327
11269
11328
11270
11329
11271
11330
11272
11331
11273
11332
11274
11333
11275
11334
11276
11335
11277
11336
11278
11337
11279
11338
11339
20432
11281
11340
13228
11282
11341
11283
11342
11284
11343
11285
11344
11286
11345
11287
11346
11288
11347
11289
11348
11290
11349
11291
11350
11292
11351
11293
11352
11294
11353
11295
11354
11296
11355
11297
11356
11298
11357
11299
11358
11300
11359
11301
11360
11302
11361
11303
11362
11304
11363
11305
11364
11306
11365
11307
11366
11308
11367
11309
11368
11310
11369
11311
11370
11312
11371
11313
11372
11314
11373
11315
11374
11316
11375
11317
11376
11318
11377
11319
11378
11320
11379
11321
11380
11322
11381
11323
11382
11324
11383
11325
11384
11326
11385
11327
11386
11328
11387
11329
11388
11330
11389
11331
11390
11332
11391
11333
11392
11334
11393
11335
11394
11336
11395
11337
11396
11338
11397
11339
11398
11399
20431
11341
11400
13229
11342
11401
11343
11402
11344
11403
11345
11404
11346
11405
11347
11406
11348
11407
11349
11408
11350
11409
11351
11410
11352
11411
11353
11412
11354
11413
11355
11414
11356
11415
11357
11416
11358
11417
11359
11418
11360
11419
11361
11420
11362
11421
11363
11422
11364
11423
11365
11424
11366
11425
11367
11426
11368
11427
11369
11428
11370
11429
11371
11430
11372
11431
11373
11432
11374
11433
11375
11434
11376
11435
11377
11436
11378
11437
11379
11438
11380
11439
11381
11440
11382
11441
11383
11442
11384
11443
11385
11444
11386
11445
11387
11446
11388
11447
11389
11448
11390
11449
11391
11450
11392
11451
11393
11452
11394
11453
11395
11454
11396
11455
11397
11456
11398
11457
11399
11458
11459
20430
11401
11460
13230
11402
11461
11403
11462
11404
11463
11405
11464
11406
11465
11407
11466
11408
11467
11409
11468
11410
11469
11411
11470
11412
11471
11413
11472
11414
11473
11415
11474
11416
11475
11417
11476
11418
11477
11419
11478
11420
11479
11421
11480
11422
11481
11423
11482
11424
11483
11425
11484
11426
11485
11427
11486
11428
11487
11429
11488
11430
11489
11431
11490
11432
11491
11433
11492
11434
11493
11435
11494
11436
11495
11437
11496
11438
11497
11439
11498
11440
11499
11441
11500
11442
11501
11443
11502
11444
11503
11445
11504
11446
11505
11447
11506
11448
11507
11449
11508
11450
11509
11451
11510
11452
11511
11453
11512
11454
11513
11455
11514
11456
11515
11457
11516
11458
11517
11459
11518
11519
20429
11461
11520
13231
11462
11521
11463
11522
11464
11523
11465
11524
11466
11525
11467
11526
11468
11527
11469
11528
11470
11529
11471
11530
11472
11531
11473
11532
11474
11533
11475
11534
11476
11535
11477
11536
11478
11537
11479
11538
11480
11539
11481
11540
11482
11541
11483
11542
11484
11543
11485
11544
11486
11545
11487
11546
11488
11547
11489
11548
11490
11549
11491
11550
11492
11551
11493
11552
11494
11553
11495
11554
11496
11555
11497
11556
11498
11557
11499
11558
11500
11559
11501
11560
11502
11561
11503
11562
11504
11563
11505
11564
11506
11565
11507
11566
11508
11567
11509
11568
11510
11569
11511
11570
11512
11571
11513
11572
11514
11573
11515
11574
11516
11575
11517
11576
11518
11577
11519
11578
11579
20428
11521
11580
13232
11522
11581
11523
11582
11524
11583
11525
11584
11526
11585
11527
11586
11528
11587
11529
11588
11530
11589
11531
11590
11532
11591
11533
11592
11534
11593
11535
11594
11536
11595
11537
11596
11538
11597
11539
11598
11540
11599
11541
11600
11542
11601
11543
11602
11544
11603
11545
11604
11546
11605
11547
11606
11548
11607
11549
11608
11550
11609
11551
11610
11552
11611
11553
11612
11554
11613
11555
11614
11556
11615
11557
11616
11558
11617
11559
11618
11560
11619
11561
11620
11562
11621
11563
11622
11564
11623
11565
11624
11566
11625
11567
11626
11568
11627
11569
11628
11570
11629
11571
11630
11572
11631
11573
11632
11574
11633
11575
11634
11576
11635
11577
11636
11578
11637
11579
11638
11639
20427
11581
11640
13233
11582
11641
11583
11642
11584
11643
11585
11644
11586
11645
11587
11646
11588
11647
11589
11648
11590
11649
11591
11650
11592
11651
11593
11652
11594
11653
11595
11654
11596
11655
11597
11656
11598
11657
11599
11658
11600
11659
11601
11660
11602
11661
11603
11662
11604
11663
11605
11664
11606
11665
11607
11666
11608
11667
11609
11668
11610
11669
11611
11670
11612
11671
11613
11672
11614
11673
11615
11674
11616
11675
11617
11676
11618
11677
11619
11678
11620
11679
11621
11680
11622
11681
11623
11682
11624
11683
11625
11684
11626
11685
11627
11686
11628
11687
11629
11688
11630
11689
11631
11690
11632
11691
11633
11692
11634
11693
11635
11694
11636
11695
11637
11696
11638
11697
11639
11698
11699
20426
11641
11700
13234
11642
11701
11643
11702
11644
11703
11645
11704
11646
11705
11647
11706
11648
11707
11649
11708
11650
11709
11651
11710
11652
11711
11653
11712
11654
11713
11655
11714
11656
11715
11657
11716
11658
11717
11659
11718
11660
11719
11661
11720
11662
11721
11663
11722
11664
11723
11665
11724
11666
11725
11667
11726
11668
11727
11669
11728
11670
11729
11671
11730
11672
11731
11673
11732
11674
11733
11675
11734
11676
11735
11677
11736
11678
11737
11679
11738
11680
11739
11681
11740
11682
11741
11683
11742
11684
11743
11685
11744
11686
11745
11687
11746
11688
11747
11689
11748
11690
11749
11691
11750
11692
11751
11693
11752
11694
11753
11695
11754
11696
11755
11697
11756
11698
11757
11699
11758
11759
20425
11701
11760
13235
11702
11761
11703
11762
11704
11763
11705
11764
11706
11765
11707
11766
11708
11767
11709
11768
11710
11769
11711
11770
11712
11771
11713
11772
11714
11773
11715
11774
11716
11775
11717
11776
11718
11777
11719
11778
11720
11779
11721
11780
11722
11781
11723
11782
11724
11783
11725
11784
11726
11785
11727
11786
11728
11787
11729
11788
11730
11789
11731
11790
11732
11791
11733
11792
11734
11793
11735
11794
11736
11795
11737
11796
11738
11797
11739
11798
11740
11799
11741
11800
11742
11801
11743
11802
11744
11803
11745
11804
11746
11805
11747
11806
11748
11807
11749
11808
11750
11809
11751
11810
11752
11811
11753
11812
11754
11813
11755
11814
11756
11815
11757
11816
11758
11817
11759
11818
11819
20424
11761
11820
13236
11762
11821
11763
11822
11764
11823
11765
11824
11766
11825
11767
11826
11768
11827
11769
11828
11770
11829
11771
11830
11772
11831
11773
11832
11774
11833
11775
11834
11776
11835
11777
11836
11778
11837
11779
11838
11780
11839
11781
11840
11782
11841
11783
11842
11784
11843
11785
11844
11786
11845
11787
11846
11788
11847
11789
11848
11790
11849
11791
11850
11792
11851
11793
11852
11794
11853
11795
11854
11796
11855
11797
11856
11798
11857
11799
11858
11800
11859
11801
11860
11802
11861
11803
11862
11804
11863
11805
11864
11806
11865
11807
11866
11808
11867
11809
11868
11810
11869
11811
11870
11812
11871
11813
11872
11814
11873
11815
11874
11816
11875
11817
11876
11818
11877
11819
11878
11879
20423
11821
11880
13237
11822
11881
11823
11882
11824
11883
11825
11884
11826
11885
11827
11886
11828
11887
11829
11888
11830
11889
11831
11890
11832
11891
11833
11892
11834
11893
11835
11894
11836
11895
11837
11896
11838
11897
11839
11898
11840
11899
11841
11900
11842
11901
11843
11902
11844
11903
11845
11904
11846
11905
11847
11906
11848
11907
11849
11908
11850
11909
11851
11910
11852
11911
11853
11912
11854
11913
11855
11914
11856
11915
11857
11916
11858
11917
11859
11918
11860
11919
11861
11920
11862
11921
11863
11922
11864
11923
11865
11924
11866
11925
11867
11926
11868
11927
11869
11928
11870
11929
11871
11930
11872
11931
11873
11932
11874
11933
11875
11934
11876
11935
11877
11936
11878
11937
11879
11938
11939
20422
11881
11940
13238
11882
11941
11883
11942
11884
11943
11885
11944
11886
11945
11887
11946
11888
11947
11889
11948
11890
11949
11891
11950
11892
11951
11893
11952
11894
11953
11895
11954
11896
11955
11897
11956
11898
11957
11899
11958
11900
11959
11901
11960
11902
11961
11903
11962
11904
11963
11905
11964
11906
11965
11907
11966
11908
11967
11909
11968
11910
11969
11911
11970
11912
11971
11913
11972
11914
11973
11915
11974
11916
11975
11917
11976
11918
11977
11919
11978
11920
11979
11921
11980
11922
11981
11923
11982
11924
11983
11925
11984
11926
11985
11927
11986
11928
11987
11929
11988
11930
11989
11931
11990
11932
11991
11933
11992
11934
11993
11935
11994
11936
11995
11937
11996
11938
11997
11939
11998
11999
20421
11941
12000
13239
11942
12001
11943
12002
11944
12003
11945
12004
11946
12005
11947
12006
11948
12007
11949
12008
11950
12009
11951
12010
11952
12011
11953
12012
11954
12013
11955
12014
11956
12015
11957
12016
11958
12017
11959
12018
11960
12019
11961
12020
11962
12021
11963
12022
11964
12023
11965
12024
11966
12025
11967
12026
11968
12027
11969
12028
11970
12029
11971
12030
11972
12031
11973
12032
11974
12033
11975
12034
11976
12035
11977
12036
11978
12037
11979
12038
11980
12039
11981
12040
11982
12041
11983
12042
11984
12043
11985
12044
11986
12045
11987
12046
11988
12047
11989
12048
11990
12049
11991
12050
11992
12051
11993
12052
11994
12053
11995
12054
11996
12055
11997
12056
11998
12057
11999
12058
12059
20420
12001
12060
13240
12002
12061
12003
12062
12004
12063
12005
12064
12006
12065
12007
12066
12008
12067
12009
12068
12010
12069
12011
12070
12012
12071
12013
12072
12014
12073
12015
12074
12016
12075
12017
12076
12018
12077
12019
12078
12020
12079
12021
12080
12022
12081
12023
12082
12024
12083
12025
12084
12026
12085
12027
12086
12028
12087
12029
12088
12030
12089
12031
12090
12032
12091
12033
12092
12034
12093
12035
12094
12036
12095
12037
12096
12038
12097
12039
12098
12040
12099
12041
12100
12042
12101
12043
12102
12044
12103
12045
12104
12046
12105
12047
12106
12048
12107
12049
12108
12050
12109
12051
12110
12052
12111
12053
12112
12054
12113
12055
12114
12056
12115
12057
12116
12058
12117
12059
12118
12119
20419
12061
12120
13241
12062
12121
12063
12122
12064
12123
12065
12124
12066
12125
12067
12126
12068
12127
12069
12128
12070
12129
12071
12130
12072
12131
12073
12132
12074
12133
12075
12134
12076
12135
12077
12136
12078
12137
12079
12138
12080
12139
12081
12140
12082
12141
12083
12142
12084
12143
12085
12144
12086
12145
12087
12146
12088
12147
12089
12148
12090
12149
12091
12150
12092
12151
12093
12152
12094
12153
12095
12154
12096
12155
12097
12156
12098
12157
12099
12158
12100
12159
12101
12160
12102
12161
12103
12162
12104
12163
12105
12164
12106
12165
12107
12166
12108
12167
12109
12168
12110
12169
12111
12170
12112
12171
12113
12172
12114
12173
12115
12174
12116
12175
12117
12176
12118
12177
12119
12178
12179
20418
12121
12180
13242
12122
12181
12123
12182
12124
12183
12125
12184
12126
12185
12127
12186
12128
12187
12129
12188
12130
12189
12131
12190
12132
12191
12133
12192
12134
12193
12135
12194
12136
12195
12137
12196
12138
12197
12139
12198
12140
12199
12141
12200
12142
12201
12143
12202
12144
12203
12145
12204
12146
12205
12147
12206
12148
12207
12149
12208
12150
12209
12151
12210
12152
12211
12153
12212
12154
12213
12155
12214
12156
12215
12157
12216
12158
12217
12159
12218
12160
12219
12161
12220
12162
12221
12163
12222
12164
12223
12165
12224
12166
12225
12167
12226
12168
12227
12169
12228
12170
12229
12171
12230
12172
12231
12173
12232
12174
12233
12175
12234
12176
12235
12177
12236
12178
12237
12179
12238
12239
20417
12181
12240
13243
12182
12241
12183
12242
12184
12243
12185
12244
12186
12245
12187
12246
12188
12247
12189
12248
12190
12249
12191
12250
12192
12251
12193
12252
12194
12253
12195
12254
12196
12255
12197
12256
12198
12257
12199
12258
12200
12259
12201
12260
12202
12261
12203
12262
12204
12263
12205
12264
12206
12265
12207
12266
12208
12267
12209
12268
12210
12269
12211
12270
12212
12271
12213
12272
12214
12273
12215
12274
12216
12275
12217
12276
12218
12277
12219
12278
12220
12279
12221
12280
12222
12281
12223
12282
12224
12283
12225
12284
12226
12285
12227
12286
12228
12287
12229
12288
12230
12289
12231
12290
12232
12291
12233
12292
12234
12293
12235
12294
12236
12295
12237
12296
12238
12297
12239
12298
12299
20416
12241
12300
13244
12242
12301
12243
12302
12244
12303
12245
12304
12246
12305
12247
12306
12248
12307
12249
12308
12250
12309
12251
12310
12252
12311
12253
12312
12254
12313
12255
12314
12256
12315
12257
12316
12258
12317
12259
12318
12260
12319
12261
12320
12262
12321
12263
12322
12264
12323
12265
12324
12266
12325
12267
12326
12268
12327
12269
12328
12270
12329
12271
12330
12272
12331
12273
12332
12274
12333
12275
12334
12276
12335
12277
12336
12278
12337
12279
12338
12280
12339
12281
12340
12282
12341
12283
12342
12284
12343
12285
12344
12286
12345
12287
12346
12288
12347
12289
12348
12290
12349
12291
12350
12292
12351
12293
12352
12294
12353
12295
12354
12296
12355
12297
12356
12298
12357
12299
12358
12359
20415
12301
12360
13245
12302
12361
12303
12362
12304
12363
12305
12364
12306
12365
12307
12366
12308
12367
12309
12368
12310
12369
12311
12370
12312
12371
12313
12372
12314
12373
12315
12374
12316
12375
12317
12376
12318
12377
12319
12378
12320
12379
12321
12380
12322
12381
12323
12382
12324
12383
12325
12384
12326
12385
12327
12386
12328
12387
12329
12388
12330
12389
12331
12390
12332
12391
12333
12392
12334
12393
12335
12394
12336
12395
12337
12396
12338
12397
12339
12398
12340
12399
12341
12400
12342
12401
12343
12402
12344
12403
12345
12404
12346
12405
12347
12406
12348
12407
12349
12408
12350
12409
12351
12410
12352
12411
12353
12412
12354
12413
12355
12414
12356
12415
12357
12416
12358
12417
12359
12418
12419
20414
12361
12420
13246
12362
12421
12363
12422
12364
12423
12365
12424
12366
12425
12367
12426
12368
12427
12369
12428
12370
12429
12371
12430
12372
12431
12373
12432
12374
12433
12375
12434
12376
12435
12377
12436
12378
12437
12379
12438
12380
12439
12381
12440
12382
12441
12383
12442
12384
12443
12385
12444
12386
12445
12387
12446
12388
12447
12389
12448
12390
12449
12391
12450
12392
12451
12393
12452
12394
12453
12395
12454
12396
12455
12397
12456
12398
12457
12399
12458
12400
12459
12401
12460
12402
12461
12403
12462
12404
12463
12405
12464
12406
12465
12407
12466
12408
12467
12409
12468
12410
12469
12411
12470
12412
12471
12413
12472
12414
12473
12415
12474
12416
12475
12417
12476
12418
12477
12419
12478
12479
20413
12421
12480
13247
12422
12481
12423
12482
12424
12483
12425
12484
12426
12485
12427
12486
12428
12487
12429
12488
12430
12489
12431
12490
12432
12491
12433
12492
12434
12493
12435
12494
12436
12495
12437
12496
12438
12497
12439
12498
12440
12499
12441
12500
12442
12501
12443
12502
12444
12503
12445
12504
12446
12505
12447
12506
12448
12507
12449
12508
12450
12509
12451
12510
12452
12511
12453
12512
12454
12513
12455
12514
12456
12515
12457
12516
12458
12517
12459
12518
12460
12519
12461
12520
12462
12521
12463
12522
12464
12523
12465
12524
12466
12525
12467
12526
12468
12527
12469
12528
12470
12529
12471
12530
12472
12531
12473
12532
12474
12533
12475
12534
12476
12535
12477
12536
12478
12537
12479
12538
12539
20412
12481
12540
13248
12482
12541
12483
12542
12484
12543
12485
12544
12486
12545
12487
12546
12488
12547
12489
12548
12490
12549
12491
12550
12492
12551
12493
12552
12494
12553
12495
12554
12496
12555
12497
12556
12498
12557
12499
12558
12500
12559
12501
12560
12502
12561
12503
12562
12504
12563
12505
12564
12506
12565
12507
12566
12508
12567
12509
12568
12510
12569
12511
12570
12512
12571
12513
12572
12514
12573
12515
12574
12516
12575
12517
12576
12518
12577
12519
12578
12520
12579
12521
12580
12522
12581
12523
12582
12524
12583
12525
12584
12526
12585
12527
12586
12528
12587
12529
12588
12530
12589
12531
12590
12532
12591
12533
12592
12534
12593
12535
12594
12536
12595
12537
12596
12538
12597
12539
12598
12599
20411
12541
12600
13249
12542
12601
12543
12602
12544
12603
12545
12604
12546
12605
12547
12606
12548
12607
12549
12608
12550
12609
12551
12610
12552
12611
12553
12612
12554
12613
12555
12614
12556
12615
12557
12616
12558
12617
12559
12618
12560
12619
12561
12620
12562
12621
12563
12622
12564
12623
12565
12624
12566
12625
12567
12626
12568
12627
12569
12628
12570
12629
12571
12630
12572
12631
12573
12632
12574
12633
12575
12634
12576
12635
12577
12636
12578
12637
12579
12638
12580
12639
12581
12640
12582
12641
12583
12642
12584
12643
12585
12644
12586
12645
12587
12646
12588
12647
12589
12648
12590
12649
12591
12650
12592
12651
12593
12652
12594
12653
12595
12654
12596
12655
12597
12656
12598
12657
12599
12658
12659
20410
12601
12660
13250
12602
12661
12603
12662
12604
12663
12605
12664
12606
12665
12607
12666
12608
12667
12609
12668
12610
12669
12611
12670
12612
12671
12613
12672
12614
12673
12615
12674
12616
12675
12617
12676
12618
12677
12619
12678
12620
12679
12621
12680
12622
12681
12623
12682
12624
12683
12625
12684
12626
12685
12627
12686
12628
12687
12629
12688
12630
12689
12631
12690
12632
12691
12633
12692
12634
12693
12635
12694
12636
12695
12637
12696
12638
12697
12639
12698
12640
12699
12641
12700
12642
12701
12643
12702
12644
12703
12645
12704
12646
12705
12647
12706
12648
12707
12649
12708
12650
12709
12651
12710
12652
12711
12653
12712
12654
12713
12655
12714
12656
12715
12657
12716
12658
12717
12659
12718
12719
20409
12661
12720
13251
12662
12721
12663
12722
12664
12723
12665
12724
12666
12725
12667
12726
12668
12727
12669
12728
12670
12729
12671
12730
12672
12731
12673
12732
12674
12733
12675
12734
12676
12735
12677
12736
12678
12737
12679
12738
12680
12739
12681
12740
12682
12741
12683
12742
12684
12743
12685
12744
12686
12745
12687
12746
12688
12747
12689
12748
12690
12749
12691
12750
12692
12751
12693
12752
12694
12753
12695
12754
12696
12755
12697
12756
12698
12757
12699
12758
12700
12759
12701
12760
12702
12761
12703
12762
12704
12763
12705
12764
12706
12765
12707
12766
12708
12767
12709
12768
12710
12769
12711
12770
12712
12771
12713
12772
12714
12773
12715
12774
12716
12775
12717
12776
12718
12777
12719
12778
12779
20408
12721
12780
13252
12722
12781
12723
12782
12724
12783
12725
12784
12726
12785
12727
12786
12728
12787
12729
12788
12730
12789
12731
12790
12732
12791
12733
12792
12734
12793
12735
12794
12736
12795
12737
12796
12738
12797
12739
12798
12740
12799
12741
12800
12742
12801
12743
12802
12744
12803
12745
12804
12746
12805
12747
12806
12748
12807
12749
12808
12750
12809
12751
12810
12752
12811
12753
12812
12754
12813
12755
12814
12756
12815
12757
12816
12758
12817
12759
12818
12760
12819
12761
12820
12762
12821
12763
12822
12764
12823
12765
12824
12766
12825
12767
12826
12768
12827
12769
12828
12770
12829
12771
12830
12772
12831
12773
12832
12774
12833
12775
12834
12776
12835
12777
12836
12778
12837
12779
12838
12839
20407
12781
12840
13253
12782
12841
12783
12842
12784
12843
12785
12844
12786
12845
12787
12846
12788
12847
12789
12848
12790
12849
12791
12850
12792
12851
12793
12852
12794
12853
12795
12854
12796
12855
12797
12856
12798
12857
12799
12858
12800
12859
12801
12860
12802
12861
12803
12862
12804
12863
12805
12864
12806
12865
12807
12866
12808
12867
12809
12868
12810
12869
12811
12870
12812
12871
12813
12872
12814
12873
12815
12874
12816
12875
12817
12876
12818
12877
12819
12878
12820
12879
12821
12880
12822
12881
12823
12882
12824
12883
12825
12884
12826
12885
12827
12886
12828
12887
12829
12888
12830
12889
12831
12890
12832
12891
12833
12892
12834
12893
12835
12894
12836
12895
12837
12896
12838
12897
12839
12898
12899
20406
12841
12900
13254
12842
12901
12843
12902
12844
12903
12845
12904
12846
12905
12847
12906
12848
12907
12849
12908
12850
12909
12851
12910
12852
12911
12853
12912
12854
12913
12855
12914
12856
12915
12857
12916
12858
12917
12859
12918
12860
12919
12861
12920
12862
12921
12863
12922
12864
12923
12865
12924
12866
12925
12867
12926
12868
12927
12869
12928
12870
12929
12871
12930
12872
12931
12873
12932
12874
12933
12875
12934
12876
12935
12877
12936
12878
12937
12879
12938
12880
12939
12881
12940
12882
12941
12883
12942
12884
12943
12885
12944
12886
12945
12887
12946
12888
12947
12889
12948
12890
12949
12891
12950
12892
12951
12893
12952
12894
12953
12895
12954
12896
12955
12897
12956
12898
12957
12899
12958
12959
20405
12901
12960
13255
12902
12961
12903
12962
12904
12963
12905
12964
12906
12965
12907
12966
12908
12967
12909
12968
12910
12969
12911
12970
12912
12971
12913
12972
12914
12973
12915
12974
12916
12975
12917
12976
12918
12977
12919
12978
12920
12979
12921
12980
12922
12981
12923
12982
12924
12983
12925
12984
12926
12985
12927
12986
12928
12987
12929
12988
12930
12989
12931
12990
12932
12991
12933
12992
12934
12993
12935
12994
12936
12995
12937
12996
12938
12997
12939
12998
12940
12999
12941
13000
12942
13001
12943
13002
12944
13003
12945
13004
12946
13005
12947
13006
12948
13007
12949
13008
12950
13009
12951
13010
12952
13011
12953
13012
12954
13013
12955
13014
12956
13015
12957
13016
12958
13017
12959
13018
13019
20404
12961
13020
13256
12962
13021
12963
13022
12964
13023
12965
13024
12966
13025
12967
13026
12968
13027
12969
13028
12970
13029
12971
13030
12972
13031
12973
13032
12974
13033
12975
13034
12976
13035
12977
13036
12978
13037
12979
13038
12980
13039
12981
13040
12982
13041
12983
13042
12984
13043
12985
13044
12986
13045
12987
13046
12988
13047
12989
13048
12990
13049
12991
13050
12992
13051
12993
13052
12994
13053
12995
13054
12996
13055
12997
13056
12998
13057
12999
13058
13000
13059
13001
13060
13002
13061
13003
13062
13004
13063
13005
13064
13006
13065
13007
13066
13008
13067
13009
13068
13010
13069
13011
13070
13012
13071
13013
13072
13014
13073
13015
13074
13016
13075
13017
13076
13018
13077
13019
13078
13079
20403
13021
13080
13257
13022
13081
13023
13082
13024
13083
13025
13084
13026
13085
13027
13086
13028
13087
13029
13088
13030
13089
13031
13090
13032
13091
13033
13092
13034
13093
13035
13094
13036
13095
13037
13096
13038
13097
13039
13098
13040
13099
13041
13100
13042
13101
13043
13102
13044
13103
13045
13104
13046
13105
13047
13106
13048
13107
13049
13108
13050
13109
13051
13110
13052
13111
13053
13112
13054
13113
13055
13114
13056
13115
13057
13116
13058
13117
13059
13118
13060
13119
13061
13120
13062
13121
13063
13122
13064
13123
13065
13124
13066
13125
13067
13126
13068
13127
13069
13128
13070
13129
13071
13130
13072
13131
13073
13132
13074
13133
13075
13134
13076
13135
13077
13136
13078
13137
13079
13138
13139
20402
13081
13140
13258
13082
13141
13083
13142
13084
13143
13085
13144
13086
13145
13087
13146
13088
13147
13089
13148
13090
13149
13091
13150
13092
13151
13093
13152
13094
13153
13095
13154
13096
13155
13097
13156
13098
13157
13099
13158
13100
13159
13101
13160
13102
13161
13103
13162
13104
13163
13105
13164
13106
13165
13107
13166
13108
13167
13109
13168
13110
13169
13111
13170
13112
13171
13113
13172
13114
13173
13115
13174
13116
13175
13117
13176
13118
13177
13119
13178
13120
13179
13121
13180
13122
13181
13123
13182
13124
13183
13125
13184
13126
13185
13127
13186
13128
13187
13129
13188
13130
13189
13131
13190
13132
13191
13133
13192
13134
13193
13135
13194
13136
13195
13137
13196
13138
13197
13139
13198
13199
20401
13141
13259
13142
13143
13144
13145
13146
13147
13148
13149
13150
13151
13152
13153
13154
13155
13156
13157
13158
13159
13160
13161
13162
13163
13164
13165
13166
13167
13168
13169
13170
13171
13172
13173
13174
13175
13176
13177
13178
13179
13180
13181
13182
13183
13184
13185
13186
13187
13188
13189
13190
13191
13192
13193
13194
13195
13196
13197
13198
13199
20400
13201
13260
13202
13261
13203
13262
13204
13263
13205
13264
13206
13265
13207
13266
13208
13267
13209
13268
13210
13269
13211
13270
13212
13271
13213
13272
13214
13273
13215
13274
13216
13275
13217
13276
13218
13277
13219
13278
13220
13279
13221
13280
13222
13281
13223
13282
13224
13283
13225
13284
13226
13285
13227
13286
13228
13287
13229
13288
13230
13289
13231
13290
13232
13291
13233
13292
13234
13293
13235
13294
13236
13295
13237
13296
13238
13297
13239
13298
13240
13299
13241
13300
13242
13301
13243
13302
13244
13303
13245
13304
13246
13305
13247
13306
13248
13307
13249
13308
13250
13309
13251
13310
13252
13311
13253
13312
13254
13313
13255
13314
13256
13315
13257
13316
13258
13317
13259
13318
13319
13261
13320
13262
13321
13263
13322
13264
13323
13265
13324
13266
13325
13267
13326
13268
13327
13269
13328
13270
13329
13271
13330
13272
13331
13273
13332
13274
13333
13275
13334
13276
13335
13277
13336
13278
13337
13279
13338
13280
13339
13281
13340
13282
13341
13283
13342
13284
13343
13285
13344
13286
13345
13287
13346
13288
13347
13289
13348
13290
13349
13291
13350
13292
13351
13293
13352
13294
13353
13295
13354
13296
13355
13297
13356
13298
13357
13299
13358
13300
13359
13301
13360
13302
13361
13303
13362
13304
13363
13305
13364
13306
13365
13307
13366
13308
13367
13309
13368
13310
13369
13311
13370
13312
13371
13313
13372
13314
13373
13315
13374
13316
13375
13317
13376
13318
13377
13319
13378
13379
13321
13380
13322
13381
13323
13382
13324
13383
13325
13384
13326
13385
13327
13386
13328
13387
13329
13388
13330
13389
13331
13390
13332
13391
13333
13392
13334
13393
13335
13394
13336
13395
13337
13396
13338
13397
13339
13398
13340
13399
13341
13400
13342
13401
13343
13402
13344
13403
13345
13404
13346
13405
13347
13406
13348
13407
13349
13408
13350
13409
13351
13410
13352
13411
13353
13412
13354
13413
13355
13414
13356
13415
13357
13416
13358
13417
13359
13418
13360
13419
13361
13420
13362
13421
13363
13422
13364
13423
13365
13424
13366
13425
13367
13426
13368
13427
13369
13428
13370
13429
13371
13430
13372
13431
13373
13432
13374
13433
13375
13434
13376
13435
13377
13436
13378
13437
13379
13438
13439
13381
13440
13382
13441
13383
13442
13384
13443
13385
13444
13386
13445
13387
13446
13388
13447
13389
13448
13390
13449
13391
13450
13392
13451
13393
13452
13394
13453
13395
13454
13396
13455
13397
13456
13398
13457
13399
13458
13400
13459
13401
13460
13402
13461
13403
13462
13404
13463
13405
13464
13406
13465
13407
13466
13408
13467
13409
13468
13410
13469
13411
13470
13412
13471
13413
13472
13414
13473
13415
13474
13416
13475
13417
13476
13418
13477
13419
13478
13420
13479
13421
13480
13422
13481
13423
13482
13424
13483
13425
13484
13426
13485
13427
13486
13428
13487
13429
13488
13430
13489
13431
13490
13432
13491
13433
13492
13434
13493
13435
13494
13436
13495
13437
13496
13438
13497
13439
13498
13499
13441
13500
13442
13501
13443
13502
13444
13503
13445
13504
13446
13505
13447
13506
13448
13507
13449
13508
13450
13509
13451
13510
13452
13511
13453
13512
13454
13513
13455
13514
13456
13515
13457
13516
13458
13517
13459
13518
13460
13519
13461
13520
13462
13521
13463
13522
13464
13523
13465
13524
13466
13525
13467
13526
13468
13527
13469
13528
13470
13529
13471
13530
13472
13531
13473
13532
13474
13533
13475
13534
13476
13535
13477
13536
13478
13537
13479
13538
13480
13539
13481
13540
13482
13541
13483
13542
13484
13543
13485
13544
13486
13545
13487
13546
13488
13547
13489
13548
13490
13549
13491
13550
13492
13551
13493
13552
13494
13553
13495
13554
13496
13555
13497
13556
13498
13557
13499
13558
13559
13501
13560
13502
13561
13503
13562
13504
13563
13505
13564
13506
13565
13507
13566
13508
13567
13509
13568
13510
13569
13511
13570
13512
13571
13513
13572
13514
13573
13515
13574
13516
13575
13517
13576
13518
13577
13519
13578
13520
13579
13521
13580
13522
13581
13523
13582
13524
13583
13525
13584
13526
13585
13527
13586
13528
13587
13529
13588
13530
13589
13531
13590
13532
13591
13533
13592
13534
13593
13535
13594
13536
13595
13537
13596
13538
13597
13539
13598
13540
13599
13541
13600
13542
13601
13543
13602
13544
13603
13545
13604
13546
13605
13547
13606
13548
13607
13549
13608
13550
13609
13551
13610
13552
13611
13553
13612
13554
13613
13555
13614
13556
13615
13557
13616
13558
13617
13559
13618
13619
13561
13620
13562
13621
13563
13622
13564
13623
13565
13624
13566
13625
13567
13626
13568
13627
13569
13628
13570
13629
13571
13630
13572
13631
13573
13632
13574
13633
13575
13634
13576
13635
13577
13636
13578
13637
13579
13638
13580
13639
13581
13640
13582
13641
13583
13642
13584
13643
13585
13644
13586
13645
13587
13646
13588
13647
13589
13648
13590
13649
13591
13650
13592
13651
13593
13652
13594
13653
13595
13654
13596
13655
13597
13656
13598
13657
13599
13658
13600
13659
13601
13660
13602
13661
13603
13662
13604
13663
13605
13664
13606
13665
13607
13666
13608
13667
13609
13668
13610
13669
13611
13670
13612
13671
13613
13672
13614
13673
13615
13674
13616
13675
13617
13676
13618
13677
13619
13678
13679
13621
13680
13622
13681
13623
13682
13624
13683
13625
13684
13626
13685
13627
13686
13628
13687
13629
13688
13630
13689
13631
13690
13632
13691
13633
13692
13634
13693
13635
13694
13636
13695
13637
13696
13638
13697
13639
13698
13640
13699
13641
13700
13642
13701
13643
13702
13644
13703
13645
13704
13646
13705
13647
13706
13648
13707
13649
13708
13650
13709
13651
13710
13652
13711
13653
13712
13654
13713
13655
13714
13656
13715
13657
13716
13658
13717
13659
13718
13660
13719
13661
13720
13662
13721
13663
13722
13664
13723
13665
13724
13666
13725
13667
13726
13668
13727
13669
13728
13670
13729
13671
13730
13672
13731
13673
13732
13674
13733
13675
13734
13676
13735
13677
13736
13678
13737
13679
13738
13739
13681
13740
13682
13741
13683
13742
13684
13743
13685
13744
13686
13745
13687
13746
13688
13747
13689
13748
13690
13749
13691
13750
13692
13751
13693
13752
13694
13753
13695
13754
13696
13755
13697
13756
13698
13757
13699
13758
13700
13759
13701
13760
13702
13761
13703
13762
13704
13763
13705
13764
13706
13765
13707
13766
13708
13767
13709
13768
13710
13769
13711
13770
13712
13771
13713
13772
13714
13773
13715
13774
13716
13775
13717
13776
13718
13777
13719
13778
13720
13779
13721
13780
13722
13781
13723
13782
13724
13783
13725
13784
13726
13785
13727
13786
13728
13787
13729
13788
13730
13789
13731
13790
13732
13791
13733
13792
13734
13793
13735
13794
13736
13795
13737
13796
13738
13797
13739
13798
13799
13741
13800
13742
13801
13743
13802
13744
13803
13745
13804
13746
13805
13747
13806
13748
13807
13749
13808
13750
13809
13751
13810
13752
13811
13753
13812
13754
13813
13755
13814
13756
13815
13757
13816
13758
13817
13759
13818
13760
13819
13761
13820
13762
13821
13763
13822
13764
13823
13765
13824
13766
13825
13767
13826
13768
13827
13769
13828
13770
13829
13771
13830
13772
13831
13773
13832
13774
13833
13775
13834
13776
13835
13777
13836
13778
13837
13779
13838
13780
13839
13781
13840
13782
13841
13783
13842
13784
13843
13785
13844
13786
13845
13787
13846
13788
13847
13789
13848
13790
13849
13791
13850
13792
13851
13793
13852
13794
13853
13795
13854
13796
13855
13797
13856
13798
13857
13799
13858
13859
13801
13860
13802
13861
13803
13862
13804
13863
13805
13864
13806
13865
13807
13866
13808
13867
13809
13868
13810
13869
13811
13870
13812
13871
13813
13872
13814
13873
13815
13874
13816
13875
13817
13876
13818
13877
13819
13878
13820
13879
13821
13880
13822
13881
13823
13882
13824
13883
13825
13884
13826
13885
13827
13886
13828
13887
13829
13888
13830
13889
13831
13890
13832
13891
13833
13892
13834
13893
13835
13894
13836
13895
13837
13896
13838
13897
13839
13898
13840
13899
13841
13900
13842
13901
13843
13902
13844
13903
13845
13904
13846
13905
13847
13906
13848
13907
13849
13908
13850
13909
13851
13910
13852
13911
13853
13912
13854
13913
13855
13914
13856
13915
13857
13916
13858
13917
13859
13918
13919
13861
13920
13862
13921
13863
13922
13864
13923
13865
13924
13866
13925
13867
13926
13868
13927
13869
13928
13870
13929
13871
13930
13872
13931
13873
13932
13874
13933
13875
13934
13876
13935
13877
13936
13878
13937
13879
13938
13880
13939
13881
13940
13882
13941
13883
13942
13884
13943
13885
13944
13886
13945
13887
13946
13888
13947
13889
13948
13890
13949
13891
13950
13892
13951
13893
13952
13894
13953
13895
13954
13896
13955
13897
13956
13898
13957
13899
13958
13900
13959
13901
13960
13902
13961
13903
13962
13904
13963
13905
13964
13906
13965
13907
13966
13908
13967
13909
13968
13910
13969
13911
13970
13912
13971
13913
13972
13914
13973
13915
13974
13916
13975
13917
13976
13918
13977
13919
13978
13979
13921
13980
13922
13981
13923
13982
13924
13983
13925
13984
13926
13985
13927
13986
13928
13987
13929
13988
13930
13989
13931
13990
13932
13991
13933
13992
13934
13993
13935
13994
13936
13995
13937
13996
13938
13997
13939
13998
13940
13999
13941
14000
13942
14001
13943
14002
13944
14003
13945
14004
13946
14005
13947
14006
13948
14007
13949
14008
13950
14009
13951
14010
13952
14011
13953
14012
13954
14013
13955
14014
13956
14015
13957
14016
13958
14017
13959
14018
13960
14019
13961
14020
13962
14021
13963
14022
13964
14023
13965
14024
13966
14025
13967
14026
13968
14027
13969
14028
13970
14029
13971
14030
13972
14031
13973
14032
13974
14033
13975
14034
13976
14035
13977
14036
13978
14037
13979
14038
14039
13981
14040
13982
14041
13983
14042
13984
14043
13985
14044
13986
14045
13987
14046
13988
14047
13989
14048
13990
14049
13991
14050
13992
14051
13993
14052
13994
14053
13995
14054
13996
14055
13997
14056
13998
14057
13999
14058
14000
14059
14001
14060
14002
14061
14003
14062
14004
14063
14005
14064
14006
14065
14007
14066
14008
14067
14009
14068
14010
14069
14011
14070
14012
14071
14013
14072
14014
14073
14015
14074
14016
14075
14017
14076
14018
14077
14019
14078
14020
14079
14021
14080
14022
14081
14023
14082
14024
14083
14025
14084
14026
14085
14027
14086
14028
14087
14029
14088
14030
14089
14031
14090
14032
14091
14033
14092
14034
14093
14035
14094
14036
14095
14037
14096
14038
14097
14039
14098
14099
14041
14100
14042
14101
14043
14102
14044
14103
14045
14104
14046
14105
14047
14106
14048
14107
14049
14108
14050
14109
14051
14110
14052
14111
14053
14112
14054
14113
14055
14114
14056
14115
14057
14116
14058
14117
14059
14118
14060
14119
14061
14120
14062
14121
14063
14122
14064
14123
14065
14124
14066
14125
14067
14126
14068
14127
14069
14128
14070
14129
14071
14130
14072
14131
14073
14132
14074
14133
14075
14134
14076
14135
14077
14136
14078
14137
14079
14138
14080
14139
14081
14140
14082
14141
14083
14142
14084
14143
14085
14144
14086
14145
14087
14146
14088
14147
14089
14148
14090
14149
14091
14150
14092
14151
14093
14152
14094
14153
14095
14154
14096
14155
14097
14156
14098
14157
14099
14158
14159
14101
14160
14102
14161
14103
14162
14104
14163
14105
14164
14106
14165
14107
14166
14108
14167
14109
14168
14110
14169
14111
14170
14112
14171
14113
14172
14114
14173
14115
14174
14116
14175
14117
14176
14118
14177
14119
14178
14120
14179
14121
14180
14122
14181
14123
14182
14124
14183
14125
14184
14126
14185
14127
14186
14128
14187
14129
14188
14130
14189
14131
14190
14132
14191
14133
14192
14134
14193
14135
14194
14136
14195
14137
14196
14138
14197
14139
14198
14140
14199
14141
14200
14142
14201
14143
14202
14144
14203
14145
14204
14146
14205
14147
14206
14148
14207
14149
14208
14150
14209
14151
14210
14152
14211
14153
14212
14154
14213
14155
14214
14156
14215
14157
14216
14158
14217
14159
14218
14219
14161
14220
14162
14221
14163
14222
14164
14223
14165
14224
14166
14225
14167
14226
14168
14227
14169
14228
14170
14229
14171
14230
14172
14231
14173
14232
14174
14233
14175
14234
14176
14235
14177
14236
14178
14237
14179
14238
14180
14239
14181
14240
14182
14241
14183
14242
14184
14243
14185
14244
14186
14245
14187
14246
14188
14247
14189
14248
14190
14249
14191
14250
14192
14251
14193
14252
14194
14253
14195
14254
14196
14255
14197
14256
14198
14257
14199
14258
14200
14259
14201
14260
14202
14261
14203
14262
14204
14263
14205
14264
14206
14265
14207
14266
14208
14267
14209
14268
14210
14269
14211
14270
14212
14271
14213
14272
14214
14273
14215
14274
14216
14275
14217
14276
14218
14277
14219
14278
14279
14221
14280
14222
14281
14223
14282
14224
14283
14225
14284
14226
14285
14227
14286
14228
14287
14229
14288
14230
14289
14231
14290
14232
14291
14233
14292
14234
14293
14235
14294
14236
14295
14237
14296
14238
14297
14239
14298
14240
14299
14241
14300
14242
14301
14243
14302
14244
14303
14245
14304
14246
14305
14247
14306
14248
14307
14249
14308
14250
14309
14251
14310
14252
14311
14253
14312
14254
14313
14255
14314
14256
14315
14257
14316
14258
14317
14259
14318
14260
14319
14261
14320
14262
14321
14263
14322
14264
14323
14265
14324
14266
14325
14267
14326
14268
14327
14269
14328
14270
14329
14271
14330
14272
14331
14273
14332
14274
14333
14275
14334
14276
14335
14277
14336
14278
14337
14279
14338
14339
14281
14340
14282
14341
14283
14342
14284
14343
14285
14344
14286
14345
14287
14346
14288
14347
14289
14348
14290
14349
14291
14350
14292
14351
14293
14352
14294
14353
14295
14354
14296
14355
14297
14356
14298
14357
14299
14358
14300
14359
14301
14360
14302
14361
14303
14362
14304
14363
14305
14364
14306
14365
14307
14366
14308
14367
14309
14368
14310
14369
14311
14370
14312
14371
14313
14372
14314
14373
14315
14374
14316
14375
14317
14376
14318
14377
14319
14378
14320
14379
14321
14380
14322
14381
14323
14382
14324
14383
14325
14384
14326
14385
14327
14386
14328
14387
14329
14388
14330
14389
14331
14390
14332
14391
14333
14392
14334
14393
14335
14394
14336
14395
14337
14396
14338
14397
14339
14398
14399
14341
14400
14342
14401
14343
14402
14344
14403
14345
14404
14346
14405
14347
14406
14348
14407
14349
14408
14350
14409
14351
14410
14352
14411
14353
14412
14354
14413
14355
14414
14356
14415
14357
14416
14358
14417
14359
14418
14360
14419
14361
14420
14362
14421
14363
14422
14364
14423
14365
14424
14366
14425
14367
14426
14368
14427
14369
14428
14370
14429
14371
14430
14372
14431
14373
14432
14374
14433
14375
14434
14376
14435
14377
14436
14378
14437
14379
14438
14380
14439
14381
14440
14382
14441
14383
14442
14384
14443
14385
14444
14386
14445
14387
14446
14388
14447
14389
14448
14390
14449
14391
14450
14392
14451
14393
14452
14394
14453
14395
14454
14396
14455
14397
14456
14398
14457
14399
14458
14459
14401
14460
14402
14461
14403
14462
14404
14463
14405
14464
14406
14465
14407
14466
14408
14467
14409
14468
14410
14469
14411
14470
14412
14471
14413
14472
14414
14473
14415
14474
14416
14475
14417
14476
14418
14477
14419
14478
14420
14479
14421
14480
14422
14481
14423
14482
14424
14483
14425
14484
14426
14485
14427
14486
14428
14487
14429
14488
14430
14489
14431
14490
14432
14491
14433
14492
14434
14493
14435
14494
14436
14495
14437
14496
14438
14497
14439
14498
14440
14499
14441
14500
14442
14501
14443
14502
14444
14503
14445
14504
14446
14505
14447
14506
14448
14507
14449
14508
14450
14509
14451
14510
14452
14511
14453
14512
14454
14513
14455
14514
14456
14515
14457
14516
14458
14517
14459
14518
14519
14461
14520
14462
14521
14463
14522
14464
14523
14465
14524
14466
14525
14467
14526
14468
14527
14469
14528
14470
14529
14471
14530
14472
14531
14473
14532
14474
14533
14475
14534
14476
14535
14477
14536
14478
14537
14479
14538
14480
14539
14481
14540
14482
14541
14483
14542
14484
14543
14485
14544
14486
14545
14487
14546
14488
14547
14489
14548
14490
14549
14491
14550
14492
14551
14493
14552
14494
14553
14495
14554
14496
14555
14497
14556
14498
14557
14499
14558
14500
14559
14501
14560
14502
14561
14503
14562
14504
14563
14505
14564
14506
14565
14507
14566
14508
14567
14509
14568
14510
14569
14511
14570
14512
14571
14513
14572
14514
14573
14515
14574
14516
14575
14517
14576
14518
14577
14519
14578
14579
14521
14580
14522
14581
14523
14582
14524
14583
14525
14584
14526
14585
14527
14586
14528
14587
14529
14588
14530
14589
14531
14590
14532
14591
14533
14592
14534
14593
14535
14594
14536
14595
14537
14596
14538
14597
14539
14598
14540
14599
14541
14600
14542
14601
14543
14602
14544
14603
14545
14604
14546
14605
14547
14606
14548
14607
14549
14608
14550
14609
14551
14610
14552
14611
14553
14612
14554
14613
14555
14614
14556
14615
14557
14616
14558
14617
14559
14618
14560
14619
14561
14620
14562
14621
14563
14622
14564
14623
14565
14624
14566
14625
14567
14626
14568
14627
14569
14628
14570
14629
14571
14630
14572
14631
14573
14632
14574
14633
14575
14634
14576
14635
14577
14636
14578
14637
14579
14638
14639
14581
14640
14582
14641
14583
14642
14584
14643
14585
14644
14586
14645
14587
14646
14588
14647
14589
14648
14590
14649
14591
14650
14592
14651
14593
14652
14594
14653
14595
14654
14596
14655
14597
14656
14598
14657
14599
14658
14600
14659
14601
14660
14602
14661
14603
14662
14604
14663
14605
14664
14606
14665
14607
14666
14608
14667
14609
14668
14610
14669
14611
14670
14612
14671
14613
14672
14614
14673
14615
14674
14616
14675
14617
14676
14618
14677
14619
14678
14620
14679
14621
14680
14622
14681
14623
14682
14624
14683
14625
14684
14626
14685
14627
14686
14628
14687
14629
14688
14630
14689
14631
14690
14632
14691
14633
14692
14634
14693
14635
14694
14636
14695
14637
14696
14638
14697
14639
14698
14699
14641
14700
14642
14701
14643
14702
14644
14703
14645
14704
14646
14705
14647
14706
14648
14707
14649
14708
14650
14709
14651
14710
14652
14711
14653
14712
14654
14713
14655
14714
14656
14715
14657
14716
14658
14717
14659
14718
14660
14719
14661
14720
14662
14721
14663
14722
14664
14723
14665
14724
14666
14725
14667
14726
14668
14727
14669
14728
14670
14729
14671
14730
14672
14731
14673
14732
14674
14733
14675
14734
14676
14735
14677
14736
14678
14737
14679
14738
14680
14739
14681
14740
14682
14741
14683
14742
14684
14743
14685
14744
14686
14745
14687
14746
14688
14747
14689
14748
14690
14749
14691
14750
14692
14751
14693
14752
14694
14753
14695
14754
14696
14755
14697
14756
14698
14757
14699
14758
14759
14701
14760
14702
14761
14703
14762
14704
14763
14705
14764
14706
14765
14707
14766
14708
14767
14709
14768
14710
14769
14711
14770
14712
14771
14713
14772
14714
14773
14715
14774
14716
14775
14717
14776
14718
14777
14719
14778
14720
14779
14721
14780
14722
14781
14723
14782
14724
14783
14725
14784
14726
14785
14727
14786
14728
14787
14729
14788
14730
14789
14731
14790
14732
14791
14733
14792
14734
14793
14735
14794
14736
14795
14737
14796
14738
14797
14739
14798
14740
14799
14741
14800
14742
14801
14743
14802
14744
14803
14745
14804
14746
14805
14747
14806
14748
14807
14749
14808
14750
14809
14751
14810
14752
14811
14753
14812
14754
14813
14755
14814
14756
14815
14757
14816
14758
14817
14759
14818
14819
14761
14820
14762
14821
14763
14822
14764
14823
14765
14824
14766
14825
14767
14826
14768
14827
14769
14828
14770
14829
14771
14830
14772
14831
14773
14832
14774
14833
14775
14834
14776
14835
14777
14836
14778
14837
14779
14838
14780
14839
14781
14840
14782
14841
14783
14842
14784
14843
14785
14844
14786
14845
14787
14846
14788
14847
14789
14848
14790
14849
14791
14850
14792
14851
14793
14852
14794
14853
14795
14854
14796
14855
14797
14856
14798
14857
14799
14858
14800
14859
14801
14860
14802
14861
14803
14862
14804
14863
14805
14864
14806
14865
14807
14866
14808
14867
14809
14868
14810
14869
14811
14870
14812
14871
14813
14872
14814
14873
14815
14874
14816
14875
14817
14876
14818
14877
14819
14878
14879
14821
14880
14822
14881
14823
14882
14824
14883
14825
14884
14826
14885
14827
14886
14828
14887
14829
14888
14830
14889
14831
14890
14832
14891
14833
14892
14834
14893
14835
14894
14836
14895
14837
14896
14838
14897
14839
14898
14840
14899
14841
14900
14842
14901
14843
14902
14844
14903
14845
14904
14846
14905
14847
14906
14848
14907
14849
14908
14850
14909
14851
14910
14852
14911
14853
14912
14854
14913
14855
14914
14856
14915
14857
14916
14858
14917
14859
14918
14860
14919
14861
14920
14862
14921
14863
14922
14864
14923
14865
14924
14866
14925
14867
14926
14868
14927
14869
14928
14870
14929
14871
14930
14872
14931
14873
14932
14874
14933
14875
14934
14876
14935
14877
14936
14878
14937
14879
14938
14939
14881
14940
14882
14941
14883
14942
14884
14943
14885
14944
14886
14945
14887
14946
14888
14947
14889
14948
14890
14949
14891
14950
14892
14951
14893
14952
14894
14953
14895
14954
14896
14955
14897
14956
14898
14957
14899
14958
14900
14959
14901
14960
14902
14961
14903
14962
14904
14963
14905
14964
14906
14965
14907
14966
14908
14967
14909
14968
14910
14969
14911
14970
14912
14971
14913
14972
14914
14973
14915
14974
14916
14975
14917
14976
14918
14977
14919
14978
14920
14979
14921
14980
14922
14981
14923
14982
14924
14983
14925
14984
14926
14985
14927
14986
14928
14987
14929
14988
14930
14989
14931
14990
14932
14991
14933
14992
14934
14993
14935
14994
14936
14995
14937
14996
14938
14997
14939
14998
14999
14941
15000
14942
15001
14943
15002
14944
15003
14945
15004
14946
15005
14947
15006
14948
15007
14949
15008
14950
15009
14951
15010
14952
15011
14953
15012
14954
15013
14955
15014
14956
15015
14957
15016
14958
15017
14959
15018
14960
15019
14961
15020
14962
15021
14963
15022
14964
15023
14965
15024
14966
15025
14967
15026
14968
15027
14969
15028
14970
15029
14971
15030
14972
15031
14973
15032
14974
15033
14975
15034
14976
15035
14977
15036
14978
15037
14979
15038
14980
15039
14981
15040
14982
15041
14983
15042
14984
15043
14985
15044
14986
15045
14987
15046
14988
15047
14989
15048
14990
15049
14991
15050
14992
15051
14993
15052
14994
15053
14995
15054
14996
15055
14997
15056
14998
15057
14999
15058
15059
15001
15060
15002
15061
15003
15062
15004
15063
15005
15064
15006
15065
15007
15066
15008
15067
15009
15068
15010
15069
15011
15070
15012
15071
15013
15072
15014
15073
15015
15074
15016
15075
15017
15076
15018
15077
15019
15078
15020
15079
15021
15080
15022
15081
15023
15082
15024
15083
15025
15084
15026
15085
15027
15086
15028
15087
15029
15088
15030
15089
15031
15090
15032
15091
15033
15092
15034
15093
15035
15094
15036
15095
15037
15096
15038
15097
15039
15098
15040
15099
15041
15100
15042
15101
15043
15102
15044
15103
15045
15104
15046
15105
15047
15106
15048
15107
15049
15108
15050
15109
15051
15110
15052
15111
15053
15112
15054
15113
15055
15114
15056
15115
15057
15116
15058
15117
15059
15118
15119
15061
15120
15062
15121
15063
15122
15064
15123
15065
15124
15066
15125
15067
15126
15068
15127
15069
15128
15070
15129
15071
15130
15072
15131
15073
15132
15074
15133
15075
15134
15076
15135
15077
15136
15078
15137
15079
15138
15080
15139
15081
15140
15082
15141
15083
15142
15084
15143
15085
15144
15086
15145
15087
15146
15088
15147
15089
15148
15090
15149
15091
15150
15092
15151
15093
15152
15094
15153
15095
15154
15096
15155
15097
15156
15098
15157
15099
15158
15100
15159
15101
15160
15102
15161
15103
15162
15104
15163
15105
15164
15106
15165
15107
15166
15108
15167
15109
15168
15110
15169
15111
15170
15112
15171
15113
15172
15114
15173
15115
15174
15116
15175
15117
15176
15118
15177
15119
15178
15179
15121
15180
15122
15181
15123
15182
15124
15183
15125
15184
15126
15185
15127
15186
15128
15187
15129
15188
15130
15189
15131
15190
15132
15191
15133
15192
15134
15193
15135
15194
15136
15195
15137
15196
15138
15197
15139
15198
15140
15199
15141
15200
15142
15201
15143
15202
15144
15203
15145
15204
15146
15205
15147
15206
15148
15207
15149
15208
15150
15209
15151
15210
15152
15211
15153
15212
15154
15213
15155
15214
15156
15215
15157
15216
15158
15217
15159
15218
15160
15219
15161
15220
15162
15221
15163
15222
15164
15223
15165
15224
15166
15225
15167
15226
15168
15227
15169
15228
15170
15229
15171
15230
15172
15231
15173
15232
15174
15233
15175
15234
15176
15235
15177
15236
15178
15237
15179
15238
15239
15181
15240
15182
15241
15183
15242
15184
15243
15185
15244
15186
15245
15187
15246
15188
15247
15189
15248
15190
15249
15191
15250
15192
15251
15193
15252
15194
15253
15195
15254
15196
15255
15197
15256
15198
15257
15199
15258
15200
15259
15201
15260
15202
15261
15203
15262
15204
15263
15205
15264
15206
15265
15207
15266
15208
15267
15209
15268
15210
15269
15211
15270
15212
15271
15213
15272
15214
15273
15215
15274
15216
15275
15217
15276
15218
15277
15219
15278
15220
15279
15221
15280
15222
15281
15223
15282
15224
15283
15225
15284
15226
15285
15227
15286
15228
15287
15229
15288
15230
15289
15231
15290
15232
15291
15233
15292
15234
15293
15235
15294
15236
15295
15237
15296
15238
15297
15239
15298
15299
15241
15300
15242
15301
15243
15302
15244
15303
15245
15304
15246
15305
15247
15306
15248
15307
15249
15308
15250
15309
15251
15310
15252
15311
15253
15312
15254
15313
15255
15314
15256
15315
15257
15316
15258
15317
15259
15318
15260
15319
15261
15320
15262
15321
15263
15322
15264
15323
15265
15324
15266
15325
15267
15326
15268
15327
15269
15328
15270
15329
15271
15330
15272
15331
15273
15332
15274
15333
15275
15334
15276
15335
15277
15336
15278
15337
15279
15338
15280
15339
15281
15340
15282
15341
15283
15342
15284
15343
15285
15344
15286
15345
15287
15346
15288
15347
15289
15348
15290
15349
15291
15350
15292
15351
15293
15352
15294
15353
15295
15354
15296
15355
15297
15356
15298
15357
15299
15358
15359
15301
15360
15302
15361
15303
15362
15304
15363
15305
15364
15306
15365
15307
15366
15308
15367
15309
15368
15310
15369
15311
15370
15312
15371
15313
15372
15314
15373
15315
15374
15316
15375
15317
15376
15318
15377
15319
15378
15320
15379
15321
15380
15322
15381
15323
15382
15324
15383
15325
15384
15326
15385
15327
15386
15328
15387
15329
15388
15330
15389
15331
15390
15332
15391
15333
15392
15334
15393
15335
15394
15336
15395
15337
15396
15338
15397
15339
15398
15340
15399
15341
15400
15342
15401
15343
15402
15344
15403
15345
15404
15346
15405
15347
15406
15348
15407
15349
15408
15350
15409
15351
15410
15352
15411
15353
15412
15354
15413
15355
15414
15356
15415
15357
15416
15358
15417
15359
15418
15419
15361
15420
15362
15421
15363
15422
15364
15423
15365
15424
15366
15425
15367
15426
15368
15427
15369
15428
15370
15429
15371
15430
15372
15431
15373
15432
15374
15433
15375
15434
15376
15435
15377
15436
15378
15437
15379
15438
15380
15439
15381
15440
15382
15441
15383
15442
15384
15443
15385
15444
15386
15445
15387
15446
15388
15447
15389
15448
15390
15449
15391
15450
15392
15451
15393
15452
15394
15453
15395
15454
15396
15455
15397
15456
15398
15457
15399
15458
15400
15459
15401
15460
15402
15461
15403
15462
15404
15463
15405
15464
15406
15465
15407
15466
15408
15467
15409
15468
15410
15469
15411
15470
15412
15471
15413
15472
15414
15473
15415
15474
15416
15475
15417
15476
15418
15477
15419
15478
15479
15421
15480
15422
15481
15423
15482
15424
15483
15425
15484
15426
15485
15427
15486
15428
15487
15429
15488
15430
15489
15431
15490
15432
15491
15433
15492
15434
15493
15435
15494
15436
15495
15437
15496
15438
15497
15439
15498
15440
15499
15441
15500
15442
15501
15443
15502
15444
15503
15445
15504
15446
15505
15447
15506
15448
15507
15449
15508
15450
15509
15451
15510
15452
15511
15453
15512
15454
15513
15455
15514
15456
15515
15457
15516
15458
15517
15459
15518
15460
15519
15461
15520
15462
15521
15463
15522
15464
15523
15465
15524
15466
15525
15467
15526
15468
15527
15469
15528
15470
15529
15471
15530
15472
15531
15473
15532
15474
15533
15475
15534
15476
15535
15477
15536
15478
15537
15479
15538
15539
15481
15540
15482
15541
15483
15542
15484
15543
15485
15544
15486
15545
15487
15546
15488
15547
15489
15548
15490
15549
15491
15550
15492
15551
15493
15552
15494
15553
15495
15554
15496
15555
15497
15556
15498
15557
15499
15558
15500
15559
15501
15560
15502
15561
15503
15562
15504
15563
15505
15564
15506
15565
15507
15566
15508
15567
15509
15568
15510
15569
15511
15570
15512
15571
15513
15572
15514
15573
15515
15574
15516
15575
15517
15576
15518
15577
15519
15578
15520
15579
15521
15580
15522
15581
15523
15582
15524
15583
15525
15584
15526
15585
15527
15586
15528
15587
15529
15588
15530
15589
15531
15590
15532
15591
15533
15592
15534
15593
15535
15594
15536
15595
15537
15596
15538
15597
15539
15598
15599
15541
15600
15542
15601
15543
15602
15544
15603
15545
15604
15546
15605
15547
15606
15548
15607
15549
15608
15550
15609
15551
15610
15552
15611
15553
15612
15554
15613
15555
15614
15556
15615
15557
15616
15558
15617
15559
15618
15560
15619
15561
15620
15562
15621
15563
15622
15564
15623
15565
15624
15566
15625
15567
15626
15568
15627
15569
15628
15570
15629
15571
15630
15572
15631
15573
15632
15574
15633
15575
15634
15576
15635
15577
15636
15578
15637
15579
15638
15580
15639
15581
15640
15582
15641
15583
15642
15584
15643
15585
15644
15586
15645
15587
15646
15588
15647
15589
15648
15590
15649
15591
15650
15592
15651
15593
15652
15594
15653
15595
15654
15596
15655
15597
15656
15598
15657
15599
15658
15659
15601
15660
15602
15661
15603
15662
15604
15663
15605
15664
15606
15665
15607
15666
15608
15667
15609
15668
15610
15669
15611
15670
15612
15671
15613
15672
15614
15673
15615
15674
15616
15675
15617
15676
15618
15677
15619
15678
15620
15679
15621
15680
15622
15681
15623
15682
15624
15683
15625
15684
15626
15685
15627
15686
15628
15687
15629
15688
15630
15689
15631
15690
15632
15691
15633
15692
15634
15693
15635
15694
15636
15695
15637
15696
15638
15697
15639
15698
15640
15699
15641
15700
15642
15701
15643
15702
15644
15703
15645
15704
15646
15705
15647
15706
15648
15707
15649
15708
15650
15709
15651
15710
15652
15711
15653
15712
15654
15713
15655
15714
15656
15715
15657
15716
15658
15717
15659
15718
15719
15661
15720
15662
15721
15663
15722
15664
15723
15665
15724
15666
15725
15667
15726
15668
15727
15669
15728
15670
15729
15671
15730
15672
15731
15673
15732
15674
15733
15675
15734
15676
15735
15677
15736
15678
15737
15679
15738
15680
15739
15681
15740
15682
15741
15683
15742
15684
15743
15685
15744
15686
15745
15687
15746
15688
15747
15689
15748
15690
15749
15691
15750
15692
15751
15693
15752
15694
15753
15695
15754
15696
15755
15697
15756
15698
15757
15699
15758
15700
15759
15701
15760
15702
15761
15703
15762
15704
15763
15705
15764
15706
15765
15707
15766
15708
15767
15709
15768
15710
15769
15711
15770
15712
15771
15713
15772
15714
15773
15715
15774
15716
15775
15717
15776
15718
15777
15719
15778
15779
15721
15780
15722
15781
15723
15782
15724
15783
15725
15784
15726
15785
15727
15786
15728
15787
15729
15788
15730
15789
15731
15790
15732
15791
15733
15792
15734
15793
15735
15794
15736
15795
15737
15796
15738
15797
15739
15798
15740
15799
15741
15800
15742
15801
15743
15802
15744
15803
15745
15804
15746
15805
15747
15806
15748
15807
15749
15808
15750
15809
15751
15810
15752
15811
15753
15812
15754
15813
15755
15814
15756
15815
15757
15816
15758
15817
15759
15818
15760
15819
15761
15820
15762
15821
15763
15822
15764
15823
15765
15824
15766
15825
15767
15826
15768
15827
15769
15828
15770
15829
15771
15830
15772
15831
15773
15832
15774
15833
15775
15834
15776
15835
15777
15836
15778
15837
15779
15838
15839
15781
15840
15782
15841
15783
15842
15784
15843
15785
15844
15786
15845
15787
15846
15788
15847
15789
15848
15790
15849
15791
15850
15792
15851
15793
15852
15794
15853
15795
15854
15796
15855
15797
15856
15798
15857
15799
15858
15800
15859
15801
15860
15802
15861
15803
15862
15804
15863
15805
15864
15806
15865
15807
15866
15808
15867
15809
15868
15810
15869
15811
15870
15812
15871
15813
15872
15814
15873
15815
15874
15816
15875
15817
15876
15818
15877
15819
15878
15820
15879
15821
15880
15822
15881
15823
15882
15824
15883
15825
15884
15826
15885
15827
15886
15828
15887
15829
15888
15830
15889
15831
15890
15832
15891
15833
15892
15834
15893
15835
15894
15836
15895
15837
15896
15838
15897
15839
15898
15899
15841
15900
15842
15901
15843
15902
15844
15903
15845
15904
15846
15905
15847
15906
15848
15907
15849
15908
15850
15909
15851
15910
15852
15911
15853
15912
15854
15913
15855
15914
15856
15915
15857
15916
15858
15917
15859
15918
15860
15919
15861
15920
15862
15921
15863
15922
15864
15923
15865
15924
15866
15925
15867
15926
15868
15927
15869
15928
15870
15929
15871
15930
15872
15931
15873
15932
15874
15933
15875
15934
15876
15935
15877
15936
15878
15937
15879
15938
15880
15939
15881
15940
15882
15941
15883
15942
15884
15943
15885
15944
15886
15945
15887
15946
15888
15947
15889
15948
15890
15949
15891
15950
15892
15951
15893
15952
15894
15953
15895
15954
15896
15955
15897
15956
15898
15957
15899
15958
15959
15901
15960
15902
15961
15903
15962
15904
15963
15905
15964
15906
15965
15907
15966
15908
15967
15909
15968
15910
15969
15911
15970
15912
15971
15913
15972
15914
15973
15915
15974
15916
15975
15917
15976
15918
15977
15919
15978
15920
15979
15921
15980
15922
15981
15923
15982
15924
15983
15925
15984
15926
15985
15927
15986
15928
15987
15929
15988
15930
15989
15931
15990
15932
15991
15933
15992
15934
15993
15935
15994
15936
15995
15937
15996
15938
15997
15939
15998
15940
15999
15941
16000
15942
16001
15943
16002
15944
16003
15945
16004
15946
16005
15947
16006
15948
16007
15949
16008
15950
16009
15951
16010
15952
16011
15953
16012
15954
16013
15955
16014
15956
16015
15957
16016
15958
16017
15959
16018
16019
15961
16020
15962
16021
15963
16022
15964
16023
15965
16024
15966
16025
15967
16026
15968
16027
15969
16028
15970
16029
15971
16030
15972
16031
15973
16032
15974
16033
15975
16034
15976
16035
15977
16036
15978
16037
15979
16038
15980
16039
15981
16040
15982
16041
15983
16042
15984
16043
15985
16044
15986
16045
15987
16046
15988
16047
15989
16048
15990
16049
15991
16050
15992
16051
15993
16052
15994
16053
15995
16054
15996
16055
15997
16056
15998
16057
15999
16058
16000
16059
16001
16060
16002
16061
16003
16062
16004
16063
16005
16064
16006
16065
16007
16066
16008
16067
16009
16068
16010
16069
16011
16070
16012
16071
16013
16072
16014
16073
16015
16074
16016
16075
16017
16076
16018
16077
16019
16078
16079
16021
16080
16022
16081
16023
16082
16024
16083
16025
16084
16026
16085
16027
16086
16028
16087
16029
16088
16030
16089
16031
16090
16032
16091
16033
16092
16034
16093
16035
16094
16036
16095
16037
16096
16038
16097
16039
16098
16040
16099
16041
16100
16042
16101
16043
16102
16044
16103
16045
16104
16046
16105
16047
16106
16048
16107
16049
16108
16050
16109
16051
16110
16052
16111
16053
16112
16054
16113
16055
16114
16056
16115
16057
16116
16058
16117
16059
16118
16060
16119
16061
16120
16062
16121
16063
16122
16064
16123
16065
16124
16066
16125
16067
16126
16068
16127
16069
16128
16070
16129
16071
16130
16072
16131
16073
16132
16074
16133
16075
16134
16076
16135
16077
16136
16078
16137
16079
16138
16139
16081
16140
16082
16141
16083
16142
16084
16143
16085
16144
16086
16145
16087
16146
16088
16147
16089
16148
16090
16149
16091
16150
16092
16151
16093
16152
16094
16153
16095
16154
16096
16155
16097
16156
16098
16157
16099
16158
16100
16159
16101
16160
16102
16161
16103
16162
16104
16163
16105
16164
16106
16165
16107
16166
16108
16167
16109
16168
16110
16169
16111
16170
16112
16171
16113
16172
16114
16173
16115
16174
16116
16175
16117
16176
16118
16177
16119
16178
16120
16179
16121
16180
16122
16181
16123
16182
16124
16183
16125
16184
16126
16185
16127
16186
16128
16187
16129
16188
16130
16189
16131
16190
16132
16191
16133
16192
16134
16193
16135
16194
16136
16195
16137
16196
16138
16197
16139
16198
16199
16141
16200
16142
16201
16143
16202
16144
16203
16145
16204
16146
16205
16147
16206
16148
16207
16149
16208
16150
16209
16151
16210
16152
16211
16153
16212
16154
16213
16155
16214
16156
16215
16157
16216
16158
16217
16159
16218
16160
16219
16161
16220
16162
16221
16163
16222
16164
16223
16165
16224
16166
16225
16167
16226
16168
16227
16169
16228
16170
16229
16171
16230
16172
16231
16173
16232
16174
16233
16175
16234
16176
16235
16177
16236
16178
16237
16179
16238
16180
16239
16181
16240
16182
16241
16183
16242
16184
16243
16185
16244
16186
16245
16187
16246
16188
16247
16189
16248
16190
16249
16191
16250
16192
16251
16193
16252
16194
16253
16195
16254
16196
16255
16197
16256
16198
16257
16199
16258
16259
16201
16260
16202
16261
16203
16262
16204
16263
16205
16264
16206
16265
16207
16266
16208
16267
16209
16268
16210
16269
16211
16270
16212
16271
16213
16272
16214
16273
16215
16274
16216
16275
16217
16276
16218
16277
16219
16278
16220
16279
16221
16280
16222
16281
16223
16282
16224
16283
16225
16284
16226
16285
16227
16286
16228
16287
16229
16288
16230
16289
16231
16290
16232
16291
16233
16292
16234
16293
16235
16294
16236
16295
16237
16296
16238
16297
16239
16298
16240
16299
16241
16300
16242
16301
16243
16302
16244
16303
16245
16304
16246
16305
16247
16306
16248
16307
16249
16308
16250
16309
16251
16310
16252
16311
16253
16312
16254
16313
16255
16314
16256
16315
16257
16316
16258
16317
16259
16318
16319
16261
16320
16262
16321
16263
16322
16264
16323
16265
16324
16266
16325
16267
16326
16268
16327
16269
16328
16270
16329
16271
16330
16272
16331
16273
16332
16274
16333
16275
16334
16276
16335
16277
16336
16278
16337
16279
16338
16280
16339
16281
16340
16282
16341
16283
16342
16284
16343
16285
16344
16286
16345
16287
16346
16288
16347
16289
16348
16290
16349
16291
16350
16292
16351
16293
16352
16294
16353
16295
16354
16296
16355
16297
16356
16298
16357
16299
16358
16300
16359
16301
16360
16302
16361
16303
16362
16304
16363
16305
16364
16306
16365
16307
16366
16308
16367
16309
16368
16310
16369
16311
16370
16312
16371
16313
16372
16314
16373
16315
16374
16316
16375
16317
16376
16318
16377
16319
16378
16379
16321
16380
16322
16381
16323
16382
16324
16383
16325
16384
16326
16385
16327
16386
16328
16387
16329
16388
16330
16389
16331
16390
16332
16391
16333
16392
16334
16393
16335
16394
16336
16395
16337
16396
16338
16397
16339
16398
16340
16399
16341
16400
16342
16401
16343
16402
16344
16403
16345
16404
16346
16405
16347
16406
16348
16407
16349
16408
16350
16409
16351
16410
16352
16411
16353
16412
16354
16413
16355
16414
16356
16415
16357
16416
16358
16417
16359
16418
16360
16419
16361
16420
16362
16421
16363
16422
16364
16423
16365
16424
16366
16425
16367
16426
16368
16427
16369
16428
16370
16429
16371
16430
16372
16431
16373
16432
16374
16433
16375
16434
16376
16435
16377
16436
16378
16437
16379
16438
16439
16381
16440
16382
16441
16383
16442
16384
16443
16385
16444
16386
16445
16387
16446
16388
16447
16389
16448
16390
16449
16391
16450
16392
16451
16393
16452
16394
16453
16395
16454
16396
16455
16397
16456
16398
16457
16399
16458
16400
16459
16401
16460
16402
16461
16403
16462
16404
16463
16405
16464
16406
16465
16407
16466
16408
16467
16409
16468
16410
16469
16411
16470
16412
16471
16413
16472
16414
16473
16415
16474
16416
16475
16417
16476
16418
16477
16419
16478
16420
16479
16421
16480
16422
16481
16423
16482
16424
16483
16425
16484
16426
16485
16427
16486
16428
16487
16429
16488
16430
16489
16431
16490
16432
16491
16433
16492
16434
16493
16435
16494
16436
16495
16437
16496
16438
16497
16439
16498
16499
16441
16500
16442
16501
16443
16502
16444
16503
16445
16504
16446
16505
16447
16506
16448
16507
16449
16508
16450
16509
16451
16510
16452
16511
16453
16512
16454
16513
16455
16514
16456
16515
16457
16516
16458
16517
16459
16518
16460
16519
16461
16520
16462
16521
16463
16522
16464
16523
16465
16524
16466
16525
16467
16526
16468
16527
16469
16528
16470
16529
16471
16530
16472
16531
16473
16532
16474
16533
16475
16534
16476
16535
16477
16536
16478
16537
16479
16538
16480
16539
16481
16540
16482
16541
16483
16542
16484
16543
16485
16544
16486
16545
16487
16546
16488
16547
16489
16548
16490
16549
16491
16550
16492
16551
16493
16552
16494
16553
16495
16554
16496
16555
16497
16556
16498
16557
16499
16558
16559
16501
16560
16502
16561
16503
16562
16504
16563
16505
16564
16506
16565
16507
16566
16508
16567
16509
16568
16510
16569
16511
16570
16512
16571
16513
16572
16514
16573
16515
16574
16516
16575
16517
16576
16518
16577
16519
16578
16520
16579
16521
16580
16522
16581
16523
16582
16524
16583
16525
16584
16526
16585
16527
16586
16528
16587
16529
16588
16530
16589
16531
16590
16532
16591
16533
16592
16534
16593
16535
16594
16536
16595
16537
16596
16538
16597
16539
16598
16540
16599
16541
16600
16542
16601
16543
16602
16544
16603
16545
16604
16546
16605
16547
16606
16548
16607
16549
16608
16550
16609
16551
16610
16552
16611
16553
16612
16554
16613
16555
16614
16556
16615
16557
16616
16558
16617
16559
16618
16619
16561
16620
16562
16621
16563
16622
16564
16623
16565
16624
16566
16625
16567
16626
16568
16627
16569
16628
16570
16629
16571
16630
16572
16631
16573
16632
16574
16633
16575
16634
16576
16635
16577
16636
16578
16637
16579
16638
16580
16639
16581
16640
16582
16641
16583
16642
16584
16643
16585
16644
16586
16645
16587
16646
16588
16647
16589
16648
16590
16649
16591
16650
16592
16651
16593
16652
16594
16653
16595
16654
16596
16655
16597
16656
16598
16657
16599
16658
16600
16659
16601
16660
16602
16661
16603
16662
16604
16663
16605
16664
16606
16665
16607
16666
16608
16667
16609
16668
16610
16669
16611
16670
16612
16671
16613
16672
16614
16673
16615
16674
16616
16675
16617
16676
16618
16677
16619
16678
16679
16621
16680
16622
16681
16623
16682
16624
16683
16625
16684
16626
16685
16627
16686
16628
16687
16629
16688
16630
16689
16631
16690
16632
16691
16633
16692
16634
16693
16635
16694
16636
16695
16637
16696
16638
16697
16639
16698
16640
16699
16641
16700
16642
16701
16643
16702
16644
16703
16645
16704
16646
16705
16647
16706
16648
16707
16649
16708
16650
16709
16651
16710
16652
16711
16653
16712
16654
16713
16655
16714
16656
16715
16657
16716
16658
16717
16659
16718
16660
16719
16661
16720
16662
16721
16663
16722
16664
16723
16665
16724
16666
16725
16667
16726
16668
16727
16669
16728
16670
16729
16671
16730
16672
16731
16673
16732
16674
16733
16675
16734
16676
16735
16677
16736
16678
16737
16679
16738
16739
16681
16740
16682
16741
16683
16742
16684
16743
16685
16744
16686
16745
16687
16746
16688
16747
16689
16748
16690
16749
16691
16750
16692
16751
16693
16752
16694
16753
16695
16754
16696
16755
16697
16756
16698
16757
16699
16758
16700
16759
16701
16760
16702
16761
16703
16762
16704
16763
16705
16764
16706
16765
16707
16766
16708
16767
16709
16768
16710
16769
16711
16770
16712
16771
16713
16772
16714
16773
16715
16774
16716
16775
16717
16776
16718
16777
16719
16778
16720
16779
16721
16780
16722
16781
16723
16782
16724
16783
16725
16784
16726
16785
16727
16786
16728
16787
16729
16788
16730
16789
16731
16790
16732
16791
16733
16792
16734
16793
16735
16794
16736
16795
16737
16796
16738
16797
16739
16798
16799
16741
20340
16742
20280
16743
20220
16744
20160
16745
20100
16746
20040
16747
19980
16748
19920
16749
19860
16750
19800
16751
19740
16752
19680
16753
19620
16754
19560
16755
19500
16756
19440
16757
19380
16758
19320
16759
19260
16760
19200
16761
19140
16762
19080
16763
19020
16764
18960
16765
18900
16766
18840
16767
18780
16768
18720
16769
18660
16770
18600
16771
18540
16772
18480
16773
18420
16774
18360
16775
18300
16776
18240
16777
18180
16778
18120
16779
18060
16780
18000
16781
17940
16782
17880
16783
17820
16784
17760
16785
17700
16786
17640
16787
17580
16788
17520
16789
17460
16790
17400
16791
17340
16792
17280
16793
17220
16794
17160
16795
17100
16796
17040
16797
16980
16798
16920
16799
16860
16800
16801
16860
16802
16861
16803
16862
16804
16863
16805
16864
16806
16865
16807
16866
16808
16867
16809
16868
16810
16869
16811
16870
16812
16871
16813
16872
16814
16873
16815
16874
16816
16875
16817
16876
16818
16877
16819
16878
16820
16879
16821
16880
16822
16881
16823
16882
16824
16883
16825
16884
16826
16885
16827
16886
16828
16887
16829
16888
16830
16889
16831
16890
16832
16891
16833
16892
16834
16893
16835
16894
16836
16895
16837
16896
16838
16897
16839
16898
16840
16899
16841
16900
16842
16901
16843
16902
16844
16903
16845
16904
16846
16905
16847
16906
16848
16907
16849
16908
16850
16909
16851
16910
16852
16911
16853
16912
16854
16913
16855
16914
16856
16915
16857
16916
16858
16917
16859
16918
16919
23940
16861
16920
16862
16921
16863
16922
16864
16923
16865
16924
16866
16925
16867
16926
16868
16927
16869
16928
16870
16929
16871
16930
16872
16931
16873
16932
16874
16933
16875
16934
16876
16935
16877
16936
16878
16937
16879
16938
16880
16939
16881
16940
16882
16941
16883
16942
16884
16943
16885
16944
16886
16945
16887
16946
16888
16947
16889
16948
16890
16949
16891
16950
16892
16951
16893
16952
16894
16953
16895
16954
16896
16955
16897
16956
16898
16957
16899
16958
16900
16959
16901
16960
16902
16961
16903
16962
16904
16963
16905
16964
16906
16965
16907
16966
16908
16967
16909
16968
16910
16969
16911
16970
16912
16971
16913
16972
16914
16973
16915
16974
16916
16975
16917
16976
16918
16977
16919
16978
16979
23941
16921
16980
16922
16981
16923
16982
16924
16983
16925
16984
16926
16985
16927
16986
16928
16987
16929
16988
16930
16989
16931
16990
16932
16991
16933
16992
16934
16993
16935
16994
16936
16995
16937
16996
16938
16997
16939
16998
16940
16999
16941
17000
16942
17001
16943
17002
16944
17003
16945
17004
16946
17005
16947
17006
16948
17007
16949
17008
16950
17009
16951
17010
16952
17011
16953
17012
16954
17013
16955
17014
16956
17015
16957
17016
16958
17017
16959
17018
16960
17019
16961
17020
16962
17021
16963
17022
16964
17023
16965
17024
16966
17025
16967
17026
16968
17027
16969
17028
16970
17029
16971
17030
16972
17031
16973
17032
16974
17033
16975
17034
16976
17035
16977
17036
16978
17037
16979
17038
17039
23942
16981
17040
16982
17041
16983
17042
16984
17043
16985
17044
16986
17045
16987
17046
16988
17047
16989
17048
16990
17049
16991
17050
16992
17051
16993
17052
16994
17053
16995
17054
16996
17055
16997
17056
16998
17057
16999
17058
17000
17059
17001
17060
17002
17061
17003
17062
17004
17063
17005
17064
17006
17065
17007
17066
17008
17067
17009
17068
17010
17069
17011
17070
17012
17071
17013
17072
17014
17073
17015
17074
17016
17075
17017
17076
17018
17077
17019
17078
17020
17079
17021
17080
17022
17081
17023
17082
17024
17083
17025
17084
17026
17085
17027
17086
17028
17087
17029
17088
17030
17089
17031
17090
17032
17091
17033
17092
17034
17093
17035
17094
17036
17095
17037
17096
17038
17097
17039
17098
17099
23943
17041
17100
17042
17101
17043
17102
17044
17103
17045
17104
17046
17105
17047
17106
17048
17107
17049
17108
17050
17109
17051
17110
17052
17111
17053
17112
17054
17113
17055
17114
17056
17115
17057
17116
17058
17117
17059
17118
17060
17119
17061
17120
17062
17121
17063
17122
17064
17123
17065
17124
17066
17125
17067
17126
17068
17127
17069
17128
17070
17129
17071
17130
17072
17131
17073
17132
17074
17133
17075
17134
17076
17135
17077
17136
17078
17137
17079
17138
17080
17139
17081
17140
17082
17141
17083
17142
17084
17143
17085
17144
17086
17145
17087
17146
17088
17147
17089
17148
17090
17149
17091
17150
17092
17151
17093
17152
17094
17153
17095
17154
17096
17155
17097
17156
17098
17157
17099
17158
17159
23944
17101
17160
17102
17161
17103
17162
17104
17163
17105
17164
17106
17165
17107
17166
17108
17167
17109
17168
17110
17169
17111
17170
17112
17171
17113
17172
17114
17173
17115
17174
17116
17175
17117
17176
17118
17177
17119
17178
17120
17179
17121
17180
17122
17181
17123
17182
17124
17183
17125
17184
17126
17185
17127
17186
17128
17187
17129
17188
17130
17189
17131
17190
17132
17191
17133
17192
17134
17193
17135
17194
17136
17195
17137
17196
17138
17197
17139
17198
17140
17199
17141
17200
17142
17201
17143
17202
17144
17203
17145
17204
17146
17205
17147
17206
17148
17207
17149
17208
17150
17209
17151
17210
17152
17211
17153
17212
17154
17213
17155
17214
17156
17215
17157
17216
17158
17217
17159
17218
17219
23945
17161
17220
17162
17221
17163
17222
17164
17223
17165
17224
17166
17225
17167
17226
17168
17227
17169
17228
17170
17229
17171
17230
17172
17231
17173
17232
17174
17233
17175
17234
17176
17235
17177
17236
17178
17237
17179
17238
17180
17239
17181
17240
17182
17241
17183
17242
17184
17243
17185
17244
17186
17245
17187
17246
17188
17247
17189
17248
17190
17249
17191
17250
17192
17251
17193
17252
17194
17253
17195
17254
17196
17255
17197
17256
17198
17257
17199
17258
17200
17259
17201
17260
17202
17261
17203
17262
17204
17263
17205
17264
17206
17265
17207
17266
17208
17267
17209
17268
17210
17269
17211
17270
17212
17271
17213
17272
17214
17273
17215
17274
17216
17275
17217
17276
17218
17277
17219
17278
17279
23946
17221
17280
17222
17281
17223
17282
17224
17283
17225
17284
17226
17285
17227
17286
17228
17287
17229
17288
17230
17289
17231
17290
17232
17291
17233
17292
17234
17293
17235
17294
17236
17295
17237
17296
17238
17297
17239
17298
17240
17299
17241
17300
17242
17301
17243
17302
17244
17303
17245
17304
17246
17305
17247
17306
17248
17307
17249
17308
17250
17309
17251
17310
17252
17311
17253
17312
17254
17313
17255
17314
17256
17315
17257
17316
17258
17317
17259
17318
17260
17319
17261
17320
17262
17321
17263
17322
17264
17323
17265
17324
17266
17325
17267
17326
17268
17327
17269
17328
17270
17329
17271
17330
17272
17331
17273
17332
17274
17333
17275
17334
17276
17335
17277
17336
17278
17337
17279
17338
17339
23947
17281
17340
17282
17341
17283
17342
17284
17343
17285
17344
17286
17345
17287
17346
17288
17347
17289
17348
17290
17349
17291
17350
17292
17351
17293
17352
17294
17353
17295
17354
17296
17355
17297
17356
17298
17357
17299
17358
17300
17359
17301
17360
17302
17361
17303
17362
17304
17363
17305
17364
17306
17365
17307
17366
17308
17367
17309
17368
17310
17369
17311
17370
17312
17371
17313
17372
17314
17373
17315
17374
17316
17375
17317
17376
17318
17377
17319
17378
17320
17379
17321
17380
17322
17381
17323
17382
17324
17383
17325
17384
17326
17385
17327
17386
17328
17387
17329
17388
17330
17389
17331
17390
17332
17391
17333
17392
17334
17393
17335
17394
17336
17395
17337
17396
17338
17397
17339
17398
17399
23948
17341
17400
17342
17401
17343
17402
17344
17403
17345
17404
17346
17405
17347
17406
17348
17407
17349
17408
17350
17409
17351
17410
17352
17411
17353
17412
17354
17413
17355
17414
17356
17415
17357
17416
17358
17417
17359
17418
17360
17419
17361
17420
17362
17421
17363
17422
17364
17423
17365
17424
17366
17425
17367
17426
17368
17427
17369
17428
17370
17429
17371
17430
17372
17431
17373
17432
17374
17433
17375
17434
17376
17435
17377
17436
17378
17437
17379
17438
17380
17439
17381
17440
17382
17441
17383
17442
17384
17443
17385
17444
17386
17445
17387
17446
17388
17447
17389
17448
17390
17449
17391
17450
17392
17451
17393
17452
17394
17453
17395
17454
17396
17455
17397
17456
17398
17457
17399
17458
17459
23949
17401
17460
17402
17461
17403
17462
17404
17463
17405
17464
17406
17465
17407
17466
17408
17467
17409
17468
17410
17469
17411
17470
17412
17471
17413
17472
17414
17473
17415
17474
17416
17475
17417
17476
17418
17477
17419
17478
17420
17479
17421
17480
17422
17481
17423
17482
17424
17483
17425
17484
17426
17485
17427
17486
17428
17487
17429
17488
17430
17489
17431
17490
17432
17491
17433
17492
17434
17493
17435
17494
17436
17495
17437
17496
17438
17497
17439
17498
17440
17499
17441
17500
17442
17501
17443
17502
17444
17503
17445
17504
17446
17505
17447
17506
17448
17507
17449
17508
17450
17509
17451
17510
17452
17511
17453
17512
17454
17513
17455
17514
17456
17515
17457
17516
17458
17517
17459
17518
17519
23950
17461
17520
17462
17521
17463
17522
17464
17523
17465
17524
17466
17525
17467
17526
17468
17527
17469
17528
17470
17529
17471
17530
17472
17531
17473
17532
17474
17533
17475
17534
17476
17535
17477
17536
17478
17537
17479
17538
17480
17539
17481
17540
17482
17541
17483
17542
17484
17543
17485
17544
17486
17545
17487
17546
17488
17547
17489
17548
17490
17549
17491
17550
17492
17551
17493
17552
17494
17553
17495
17554
17496
17555
17497
17556
17498
17557
17499
17558
17500
17559
17501
17560
17502
17561
17503
17562
17504
17563
17505
17564
17506
17565
17507
17566
17508
17567
17509
17568
17510
17569
17511
17570
17512
17571
17513
17572
17514
17573
17515
17574
17516
17575
17517
17576
17518
17577
17519
17578
17579
23951
17521
17580
17522
17581
17523
17582
17524
17583
17525
17584
17526
17585
17527
17586
17528
17587
17529
17588
17530
17589
17531
17590
17532
17591
17533
17592
17534
17593
17535
17594
17536
17595
17537
17596
17538
17597
17539
17598
17540
17599
17541
17600
17542
17601
17543
17602
17544
17603
17545
17604
17546
17605
17547
17606
17548
17607
17549
17608
17550
17609
17551
17610
17552
17611
17553
17612
17554
17613
17555
17614
17556
17615
17557
17616
17558
17617
17559
17618
17560
17619
17561
17620
17562
17621
17563
17622
17564
17623
17565
17624
17566
17625
17567
17626
17568
17627
17569
17628
17570
17629
17571
17630
17572
17631
17573
17632
17574
17633
17575
17634
17576
17635
17577
17636
17578
17637
17579
17638
17639
23952
17581
17640
17582
17641
17583
17642
17584
17643
17585
17644
17586
17645
17587
17646
17588
17647
17589
17648
17590
17649
17591
17650
17592
17651
17593
17652
17594
17653
17595
17654
17596
17655
17597
17656
17598
17657
17599
17658
17600
17659
17601
17660
17602
17661
17603
17662
17604
17663
17605
17664
17606
17665
17607
17666
17608
17667
17609
17668
17610
17669
17611
17670
17612
17671
17613
17672
17614
17673
17615
17674
17616
17675
17617
17676
17618
17677
17619
17678
17620
17679
17621
17680
17622
17681
17623
17682
17624
17683
17625
17684
17626
17685
17627
17686
17628
17687
17629
17688
17630
17689
17631
17690
17632
17691
17633
17692
17634
17693
17635
17694
17636
17695
17637
17696
17638
17697
17639
17698
17699
23953
17641
17700
17642
17701
17643
17702
17644
17703
17645
17704
17646
17705
17647
17706
17648
17707
17649
17708
17650
17709
17651
17710
17652
17711
17653
17712
17654
17713
17655
17714
17656
17715
17657
17716
17658
17717
17659
17718
17660
17719
17661
17720
17662
17721
17663
17722
17664
17723
17665
17724
17666
17725
17667
17726
17668
17727
17669
17728
17670
17729
17671
17730
17672
17731
17673
17732
17674
17733
17675
17734
17676
17735
17677
17736
17678
17737
17679
17738
17680
17739
17681
17740
17682
17741
17683
17742
17684
17743
17685
17744
17686
17745
17687
17746
17688
17747
17689
17748
17690
17749
17691
17750
17692
17751
17693
17752
17694
17753
17695
17754
17696
17755
17697
17756
17698
17757
17699
17758
17759
23954
17701
17760
17702
17761
17703
17762
17704
17763
17705
17764
17706
17765
17707
17766
17708
17767
17709
17768
17710
17769
17711
17770
17712
17771
17713
17772
17714
17773
17715
17774
17716
17775
17717
17776
17718
17777
17719
17778
17720
17779
17721
17780
17722
17781
17723
17782
17724
17783
17725
17784
17726
17785
17727
17786
17728
17787
17729
17788
17730
17789
17731
17790
17732
17791
17733
17792
17734
17793
17735
17794
17736
17795
17737
17796
17738
17797
17739
17798
17740
17799
17741
17800
17742
17801
17743
17802
17744
17803
17745
17804
17746
17805
17747
17806
17748
17807
17749
17808
17750
17809
17751
17810
17752
17811
17753
17812
17754
17813
17755
17814
17756
17815
17757
17816
17758
17817
17759
17818
17819
23955
17761
17820
17762
17821
17763
17822
17764
17823
17765
17824
17766
17825
17767
17826
17768
17827
17769
17828
17770
17829
17771
17830
17772
17831
17773
17832
17774
17833
17775
17834
17776
17835
17777
17836
17778
17837
17779
17838
17780
17839
17781
17840
17782
17841
17783
17842
17784
17843
17785
17844
17786
17845
17787
17846
17788
17847
17789
17848
17790
17849
17791
17850
17792
17851
17793
17852
17794
17853
17795
17854
17796
17855
17797
17856
17798
17857
17799
17858
17800
17859
17801
17860
17802
17861
17803
17862
17804
17863
17805
17864
17806
17865
17807
17866
17808
17867
17809
17868
17810
17869
17811
17870
17812
17871
17813
17872
17814
17873
17815
17874
17816
17875
17817
17876
17818
17877
17819
17878
17879
23956
17821
17880
17822
17881
17823
17882
17824
17883
17825
17884
17826
17885
17827
17886
17828
17887
17829
17888
17830
17889
17831
17890
17832
17891
17833
17892
17834
17893
17835
17894
17836
17895
17837
17896
17838
17897
17839
17898
17840
17899
17841
17900
17842
17901
17843
17902
17844
17903
17845
17904
17846
17905
17847
17906
17848
17907
17849
17908
17850
17909
17851
17910
17852
17911
17853
17912
17854
17913
17855
17914
17856
17915
17857
17916
17858
17917
17859
17918
17860
17919
17861
17920
17862
17921
17863
17922
17864
17923
17865
17924
17866
17925
17867
17926
17868
17927
17869
17928
17870
17929
17871
17930
17872
17931
17873
17932
17874
17933
17875
17934
17876
17935
17877
17936
17878
17937
17879
17938
17939
23957
17881
17940
17882
17941
17883
17942
17884
17943
17885
17944
17886
17945
17887
17946
17888
17947
17889
17948
17890
17949
17891
17950
17892
17951
17893
17952
17894
17953
17895
17954
17896
17955
17897
17956
17898
17957
17899
17958
17900
17959
17901
17960
17902
17961
17903
17962
17904
17963
17905
17964
17906
17965
17907
17966
17908
17967
17909
17968
17910
17969
17911
17970
17912
17971
17913
17972
17914
17973
17915
17974
17916
17975
17917
17976
17918
17977
17919
17978
17920
17979
17921
17980
17922
17981
17923
17982
17924
17983
17925
17984
17926
17985
17927
17986
17928
17987
17929
17988
17930
17989
17931
17990
17932
17991
17933
17992
17934
17993
17935
17994
17936
17995
17937
17996
17938
17997
17939
17998
17999
23958
17941
18000
17942
18001
17943
18002
17944
18003
17945
18004
17946
18005
17947
18006
17948
18007
17949
18008
17950
18009
17951
18010
17952
18011
17953
18012
17954
18013
17955
18014
17956
18015
17957
18016
17958
18017
17959
18018
17960
18019
17961
18020
17962
18021
17963
18022
17964
18023
17965
18024
17966
18025
17967
18026
17968
18027
17969
18028
17970
18029
17971
18030
17972
18031
17973
18032
17974
18033
17975
18034
17976
18035
17977
18036
17978
18037
17979
18038
17980
18039
17981
18040
17982
18041
17983
18042
17984
18043
17985
18044
17986
18045
17987
18046
17988
18047
17989
18048
17990
18049
17991
18050
17992
18051
17993
18052
17994
18053
17995
18054
17996
18055
17997
18056
17998
18057
17999
18058
18059
23959
18001
18060
18002
18061
18003
18062
18004
18063
18005
18064
18006
18065
18007
18066
18008
18067
18009
18068
18010
18069
18011
18070
18012
18071
18013
18072
18014
18073
18015
18074
18016
18075
18017
18076
18018
18077
18019
18078
18020
18079
18021
18080
18022
18081
18023
18082
18024
18083
18025
18084
18026
18085
18027
18086
18028
18087
18029
18088
18030
18089
18031
18090
18032
18091
18033
18092
18034
18093
18035
18094
18036
18095
18037
18096
18038
18097
18039
18098
18040
18099
18041
18100
18042
18101
18043
18102
18044
18103
18045
18104
18046
18105
18047
18106
18048
18107
18049
18108
18050
18109
18051
18110
18052
18111
18053
18112
18054
18113
18055
18114
18056
18115
18057
18116
18058
18117
18059
18118
18119
23960
18061
18120
18062
18121
18063
18122
18064
18123
18065
18124
18066
18125
18067
18126
18068
18127
18069
18128
18070
18129
18071
18130
18072
18131
18073
18132
18074
18133
18075
18134
18076
18135
18077
18136
18078
18137
18079
18138
18080
18139
18081
18140
18082
18141
18083
18142
18084
18143
18085
18144
18086
18145
18087
18146
18088
18147
18089
18148
18090
18149
18091
18150
18092
18151
18093
18152
18094
18153
18095
18154
18096
18155
18097
18156
18098
18157
18099
18158
18100
18159
18101
18160
18102
18161
18103
18162
18104
18163
18105
18164
18106
18165
18107
18166
18108
18167
18109
18168
18110
18169
18111
18170
18112
18171
18113
18172
18114
18173
18115
18174
18116
18175
18117
18176
18118
18177
18119
18178
18179
23961
18121
18180
18122
18181
18123
18182
18124
18183
18125
18184
18126
18185
18127
18186
18128
18187
18129
18188
18130
18189
18131
18190
18132
18191
18133
18192
18134
18193
18135
18194
18136
18195
18137
18196
18138
18197
18139
18198
18140
18199
18141
18200
18142
18201
18143
18202
18144
18203
18145
18204
18146
18205
18147
18206
18148
18207
18149
18208
18150
18209
18151
18210
18152
18211
18153
18212
18154
18213
18155
18214
18156
18215
18157
18216
18158
18217
18159
18218
18160
18219
18161
18220
18162
18221
18163
18222
18164
18223
18165
18224
18166
18225
18167
18226
18168
18227
18169
18228
18170
18229
18171
18230
18172
18231
18173
18232
18174
18233
18175
18234
18176
18235
18177
18236
18178
18237
18179
18238
18239
23962
18181
18240
18182
18241
18183
18242
18184
18243
18185
18244
18186
18245
18187
18246
18188
18247
18189
18248
18190
18249
18191
18250
18192
18251
18193
18252
18194
18253
18195
18254
18196
18255
18197
18256
18198
18257
18199
18258
18200
18259
18201
18260
18202
18261
18203
18262
18204
18263
18205
18264
18206
18265
18207
18266
18208
18267
18209
18268
18210
18269
18211
18270
18212
18271
18213
18272
18214
18273
18215
18274
18216
18275
18217
18276
18218
18277
18219
18278
18220
18279
18221
18280
18222
18281
18223
18282
18224
18283
18225
18284
18226
18285
18227
18286
18228
18287
18229
18288
18230
18289
18231
18290
18232
18291
18233
18292
18234
18293
18235
18294
18236
18295
18237
18296
18238
18297
18239
18298
18299
23963
18241
18300
18242
18301
18243
18302
18244
18303
18245
18304
18246
18305
18247
18306
18248
18307
18249
18308
18250
18309
18251
18310
18252
18311
18253
18312
18254
18313
18255
18314
18256
18315
18257
18316
18258
18317
18259
18318
18260
18319
18261
18320
18262
18321
18263
18322
18264
18323
18265
18324
18266
18325
18267
18326
18268
18327
18269
18328
18270
18329
18271
18330
18272
18331
18273
18332
18274
18333
18275
18334
18276
18335
18277
18336
18278
18337
18279
18338
18280
18339
18281
18340
18282
18341
18283
18342
18284
18343
18285
18344
18286
18345
18287
18346
18288
18347
18289
18348
18290
18349
18291
18350
18292
18351
18293
18352
18294
18353
18295
18354
18296
18355
18297
18356
18298
18357
18299
18358
18359
23964
18301
18360
18302
18361
18303
18362
18304
18363
18305
18364
18306
18365
18307
18366
18308
18367
18309
18368
18310
18369
18311
18370
18312
18371
18313
18372
18314
18373
18315
18374
18316
18375
18317
18376
18318
18377
18319
18378
18320
18379
18321
18380
18322
18381
18323
18382
18324
18383
18325
18384
18326
18385
18327
18386
18328
18387
18329
18388
18330
18389
18331
18390
18332
18391
18333
18392
18334
18393
18335
18394
18336
18395
18337
18396
18338
18397
18339
18398
18340
18399
18341
18400
18342
18401
18343
18402
18344
18403
18345
18404
18346
18405
18347
18406
18348
18407
18349
18408
18350
18409
18351
18410
18352
18411
18353
18412
18354
18413
18355
18414
18356
18415
18357
18416
18358
18417
18359
18418
18419
23965
18361
18420
18362
18421
18363
18422
18364
18423
18365
18424
18366
18425
18367
18426
18368
18427
18369
18428
18370
18429
18371
18430
18372
18431
18373
18432
18374
18433
18375
18434
18376
18435
18377
18436
18378
18437
18379
18438
18380
18439
18381
18440
18382
18441
18383
18442
18384
18443
18385
18444
18386
18445
18387
18446
18388
18447
18389
18448
18390
18449
18391
18450
18392
18451
18393
18452
18394
18453
18395
18454
18396
18455
18397
18456
18398
18457
18399
18458
18400
18459
18401
18460
18402
18461
18403
18462
18404
18463
18405
18464
18406
18465
18407
18466
18408
18467
18409
18468
18410
18469
18411
18470
18412
18471
18413
18472
18414
18473
18415
18474
18416
18475
18417
18476
18418
18477
18419
18478
18479
23966
18421
18480
18422
18481
18423
18482
18424
18483
18425
18484
18426
18485
18427
18486
18428
18487
18429
18488
18430
18489
18431
18490
18432
18491
18433
18492
18434
18493
18435
18494
18436
18495
18437
18496
18438
18497
18439
18498
18440
18499
18441
18500
18442
18501
18443
18502
18444
18503
18445
18504
18446
18505
18447
18506
18448
18507
18449
18508
18450
18509
18451
18510
18452
18511
18453
18512
18454
18513
18455
18514
18456
18515
18457
18516
18458
18517
18459
18518
18460
18519
18461
18520
18462
18521
18463
18522
18464
18523
18465
18524
18466
18525
18467
18526
18468
18527
18469
18528
18470
18529
18471
18530
18472
18531
18473
18532
18474
18533
18475
18534
18476
18535
18477
18536
18478
18537
18479
18538
18539
23967
18481
18540
18482
18541
18483
18542
18484
18543
18485
18544
18486
18545
18487
18546
18488
18547
18489
18548
18490
18549
18491
18550
18492
18551
18493
18552
18494
18553
18495
18554
18496
18555
18497
18556
18498
18557
18499
18558
18500
18559
18501
18560
18502
18561
18503
18562
18504
18563
18505
18564
18506
18565
18507
18566
18508
18567
18509
18568
18510
18569
18511
18570
18512
18571
18513
18572
18514
18573
18515
18574
18516
18575
18517
18576
18518
18577
18519
18578
18520
18579
18521
18580
18522
18581
18523
18582
18524
18583
18525
18584
18526
18585
18527
18586
18528
18587
18529
18588
18530
18589
18531
18590
18532
18591
18533
18592
18534
18593
18535
18594
18536
18595
18537
18596
18538
18597
18539
18598
18599
23968
18541
18600
18542
18601
18543
18602
18544
18603
18545
18604
18546
18605
18547
18606
18548
18607
18549
18608
18550
18609
18551
18610
18552
18611
18553
18612
18554
18613
18555
18614
18556
18615
18557
18616
18558
18617
18559
18618
18560
18619
18561
18620
18562
18621
18563
18622
18564
18623
18565
18624
18566
18625
18567
18626
18568
18627
18569
18628
18570
18629
18571
18630
18572
18631
18573
18632
18574
18633
18575
18634
18576
18635
18577
18636
18578
18637
18579
18638
18580
18639
18581
18640
18582
18641
18583
18642
18584
18643
18585
18644
18586
18645
18587
18646
18588
18647
18589
18648
18590
18649
18591
18650
18592
18651
18593
18652
18594
18653
18595
18654
18596
18655
18597
18656
18598
18657
18599
18658
18659
23969
18601
18660
18602
18661
18603
18662
18604
18663
18605
18664
18606
18665
18607
18666
18608
18667
18609
18668
18610
18669
18611
18670
18612
18671
18613
18672
18614
18673
18615
18674
18616
18675
18617
18676
18618
18677
18619
18678
18620
18679
18621
18680
18622
18681
18623
18682
18624
18683
18625
18684
18626
18685
18627
18686
18628
18687
18629
18688
18630
18689
18631
18690
18632
18691
18633
18692
18634
18693
18635
18694
18636
18695
18637
18696
18638
18697
18639
18698
18640
18699
18641
18700
18642
18701
18643
18702
18644
18703
18645
18704
18646
18705
18647
18706
18648
18707
18649
18708
18650
18709
18651
18710
18652
18711
18653
18712
18654
18713
18655
18714
18656
18715
18657
18716
18658
18717
18659
18718
18719
23970
18661
18720
18662
18721
18663
18722
18664
18723
18665
18724
18666
18725
18667
18726
18668
18727
18669
18728
18670
18729
18671
18730
18672
18731
18673
18732
18674
18733
18675
18734
18676
18735
18677
18736
18678
18737
18679
18738
18680
18739
18681
18740
18682
18741
18683
18742
18684
18743
18685
18744
18686
18745
18687
18746
18688
18747
18689
18748
18690
18749
18691
18750
18692
18751
18693
18752
18694
18753
18695
18754
18696
18755
18697
18756
18698
18757
18699
18758
18700
18759
18701
18760
18702
18761
18703
18762
18704
18763
18705
18764
18706
18765
18707
18766
18708
18767
18709
18768
18710
18769
18711
18770
18712
18771
18713
18772
18714
18773
18715
18774
18716
18775
18717
18776
18718
18777
18719
18778
18779
23971
18721
18780
18722
18781
18723
18782
18724
18783
18725
18784
18726
18785
18727
18786
18728
18787
18729
18788
18730
18789
18731
18790
18732
18791
18733
18792
18734
18793
18735
18794
18736
18795
18737
18796
18738
18797
18739
18798
18740
18799
18741
18800
18742
18801
18743
18802
18744
18803
18745
18804
18746
18805
18747
18806
18748
18807
18749
18808
18750
18809
18751
18810
18752
18811
18753
18812
18754
18813
18755
18814
18756
18815
18757
18816
18758
18817
18759
18818
18760
18819
18761
18820
18762
18821
18763
18822
18764
18823
18765
18824
18766
18825
18767
18826
18768
18827
18769
18828
18770
18829
18771
18830
18772
18831
18773
18832
18774
18833
18775
18834
18776
18835
18777
18836
18778
18837
18779
18838
18839
23972
18781
18840
18782
18841
18783
18842
18784
18843
18785
18844
18786
18845
18787
18846
18788
18847
18789
18848
18790
18849
18791
18850
18792
18851
18793
18852
18794
18853
18795
18854
18796
18855
18797
18856
18798
18857
18799
18858
18800
18859
18801
18860
18802
18861
18803
18862
18804
18863
18805
18864
18806
18865
18807
18866
18808
18867
18809
18868
18810
18869
18811
18870
18812
18871
18813
18872
18814
18873
18815
18874
18816
18875
18817
18876
18818
18877
18819
18878
18820
18879
18821
18880
18822
18881
18823
18882
18824
18883
18825
18884
18826
18885
18827
18886
18828
18887
18829
18888
18830
18889
18831
18890
18832
18891
18833
18892
18834
18893
18835
18894
18836
18895
18837
18896
18838
18897
18839
18898
18899
23973
18841
18900
18842
18901
18843
18902
18844
18903
18845
18904
18846
18905
18847
18906
18848
18907
18849
18908
18850
18909
18851
18910
18852
18911
18853
18912
18854
18913
18855
18914
18856
18915
18857
18916
18858
18917
18859
18918
18860
18919
18861
18920
18862
18921
18863
18922
18864
18923
18865
18924
18866
18925
18867
18926
18868
18927
18869
18928
18870
18929
18871
18930
18872
18931
18873
18932
18874
18933
18875
18934
18876
18935
18877
18936
18878
18937
18879
18938
18880
18939
18881
18940
18882
18941
18883
18942
18884
18943
18885
18944
18886
18945
18887
18946
18888
18947
18889
18948
18890
18949
18891
18950
18892
18951
18893
18952
18894
18953
18895
18954
18896
18955
18897
18956
18898
18957
18899
18958
18959
23974
18901
18960
18902
18961
18903
18962
18904
18963
18905
18964
18906
18965
18907
18966
18908
18967
18909
18968
18910
18969
18911
18970
18912
18971
18913
18972
18914
18973
18915
18974
18916
18975
18917
18976
18918
18977
18919
18978
18920
18979
18921
18980
18922
18981
18923
18982
18924
18983
18925
18984
18926
18985
18927
18986
18928
18987
18929
18988
18930
18989
18931
18990
18932
18991
18933
18992
18934
18993
18935
18994
18936
18995
18937
18996
18938
18997
18939
18998
18940
18999
18941
19000
18942
19001
18943
19002
18944
19003
18945
19004
18946
19005
18947
19006
18948
19007
18949
19008
18950
19009
18951
19010
18952
19011
18953
19012
18954
19013
18955
19014
18956
19015
18957
19016
18958
19017
18959
19018
19019
23975
18961
19020
18962
19021
18963
19022
18964
19023
18965
19024
18966
19025
18967
19026
18968
19027
18969
19028
18970
19029
18971
19030
18972
19031
18973
19032
18974
19033
18975
19034
18976
19035
18977
19036
18978
19037
18979
19038
18980
19039
18981
19040
18982
19041
18983
19042
18984
19043
18985
19044
18986
19045
18987
19046
18988
19047
18989
19048
18990
19049
18991
19050
18992
19051
18993
19052
18994
19053
18995
19054
18996
19055
18997
19056
18998
19057
18999
19058
19000
19059
19001
19060
19002
19061
19003
19062
19004
19063
19005
19064
19006
19065
19007
19066
19008
19067
19009
19068
19010
19069
19011
19070
19012
19071
19013
19072
19014
19073
19015
19074
19016
19075
19017
19076
19018
19077
19019
19078
19079
23976
19021
19080
19022
19081
19023
19082
19024
19083
19025
19084
19026
19085
19027
19086
19028
19087
19029
19088
19030
19089
19031
19090
19032
19091
19033
19092
19034
19093
19035
19094
19036
19095
19037
19096
19038
19097
19039
19098
19040
19099
19041
19100
19042
19101
19043
19102
19044
19103
19045
19104
19046
19105
19047
19106
19048
19107
19049
19108
19050
19109
19051
19110
19052
19111
19053
19112
19054
19113
19055
19114
19056
19115
19057
19116
19058
19117
19059
19118
19060
19119
19061
19120
19062
19121
19063
19122
19064
19123
19065
19124
19066
19125
19067
19126
19068
19127
19069
19128
19070
19129
19071
19130
19072
19131
19073
19132
19074
19133
19075
19134
19076
19135
19077
19136
19078
19137
19079
19138
19139
23977
19081
19140
19082
19141
19083
19142
19084
19143
19085
19144
19086
19145
19087
19146
19088
19147
19089
19148
19090
19149
19091
19150
19092
19151
19093
19152
19094
19153
19095
19154
19096
19155
19097
19156
19098
19157
19099
19158
19100
19159
19101
19160
19102
19161
19103
19162
19104
19163
19105
19164
19106
19165
19107
19166
19108
19167
19109
19168
19110
19169
19111
19170
19112
19171
19113
19172
19114
19173
19115
19174
19116
19175
19117
19176
19118
19177
19119
19178
19120
19179
19121
19180
19122
19181
19123
19182
19124
19183
19125
19184
19126
19185
19127
19186
19128
19187
19129
19188
19130
19189
19131
19190
19132
19191
19133
19192
19134
19193
19135
19194
19136
19195
19137
19196
19138
19197
19139
19198
19199
23978
19141
19200
19142
19201
19143
19202
19144
19203
19145
19204
19146
19205
19147
19206
19148
19207
19149
19208
19150
19209
19151
19210
19152
19211
19153
19212
19154
19213
19155
19214
19156
19215
19157
19216
19158
19217
19159
19218
19160
19219
19161
19220
19162
19221
19163
19222
19164
19223
19165
19224
19166
19225
19167
19226
19168
19227
19169
19228
19170
19229
19171
19230
19172
19231
19173
19232
19174
19233
19175
19234
19176
19235
19177
19236
19178
19237
19179
19238
19180
19239
19181
19240
19182
19241
19183
19242
19184
19243
19185
19244
19186
19245
19187
19246
19188
19247
19189
19248
19190
19249
19191
19250
19192
19251
19193
19252
19194
19253
19195
19254
19196
19255
19197
19256
19198
19257
19199
19258
19259
23979
19201
19260
19202
19261
19203
19262
19204
19263
19205
19264
19206
19265
19207
19266
19208
19267
19209
19268
19210
19269
19211
19270
19212
19271
19213
19272
19214
19273
19215
19274
19216
19275
19217
19276
19218
19277
19219
19278
19220
19279
19221
19280
19222
19281
19223
19282
19224
19283
19225
19284
19226
19285
19227
19286
19228
19287
19229
19288
19230
19289
19231
19290
19232
19291
19233
19292
19234
19293
19235
19294
19236
19295
19237
19296
19238
19297
19239
19298
19240
19299
19241
19300
19242
19301
19243
19302
19244
19303
19245
19304
19246
19305
19247
19306
19248
19307
19249
19308
19250
19309
19251
19310
19252
19311
19253
19312
19254
19313
19255
19314
19256
19315
19257
19316
19258
19317
19259
19318
19319
23980
19261
19320
19262
19321
19263
19322
19264
19323
19265
19324
19266
19325
19267
19326
19268
19327
19269
19328
19270
19329
19271
19330
19272
19331
19273
19332
19274
19333
19275
19334
19276
19335
19277
19336
19278
19337
19279
19338
19280
19339
19281
19340
19282
19341
19283
19342
19284
19343
19285
19344
19286
19345
19287
19346
19288
19347
19289
19348
19290
19349
19291
19350
19292
19351
19293
19352
19294
19353
19295
19354
19296
19355
19297
19356
19298
19357
19299
19358
19300
19359
19301
19360
19302
19361
19303
19362
19304
19363
19305
19364
19306
19365
19307
19366
19308
19367
19309
19368
19310
19369
19311
19370
19312
19371
19313
19372
19314
19373
19315
19374
19316
19375
19317
19376
19318
19377
19319
19378
19379
23981
19321
19380
19322
19381
19323
19382
19324
19383
19325
19384
19326
19385
19327
19386
19328
19387
19329
19388
19330
19389
19331
19390
19332
19391
19333
19392
19334
19393
19335
19394
19336
19395
19337
19396
19338
19397
19339
19398
19340
19399
19341
19400
19342
19401
19343
19402
19344
19403
19345
19404
19346
19405
19347
19406
19348
19407
19349
19408
19350
19409
19351
19410
19352
19411
19353
19412
19354
19413
19355
19414
19356
19415
19357
19416
19358
19417
19359
19418
19360
19419
19361
19420
19362
19421
19363
19422
19364
19423
19365
19424
19366
19425
19367
19426
19368
19427
19369
19428
19370
19429
19371
19430
19372
19431
19373
19432
19374
19433
19375
19434
19376
19435
19377
19436
19378
19437
19379
19438
19439
23982
19381
19440
19382
19441
19383
19442
19384
19443
19385
19444
19386
19445
19387
19446
19388
19447
19389
19448
19390
19449
19391
19450
19392
19451
19393
19452
19394
19453
19395
19454
19396
19455
19397
19456
19398
19457
19399
19458
19400
19459
19401
19460
19402
19461
19403
19462
19404
19463
19405
19464
19406
19465
19407
19466
19408
19467
19409
19468
19410
19469
19411
19470
19412
19471
19413
19472
19414
19473
19415
19474
19416
19475
19417
19476
19418
19477
19419
19478
19420
19479
19421
19480
19422
19481
19423
19482
19424
19483
19425
19484
19426
19485
19427
19486
19428
19487
19429
19488
19430
19489
19431
19490
19432
19491
19433
19492
19434
19493
19435
19494
19436
19495
19437
19496
19438
19497
19439
19498
19499
23983
19441
19500
19442
19501
19443
19502
19444
19503
19445
19504
19446
19505
19447
19506
19448
19507
19449
19508
19450
19509
19451
19510
19452
19511
19453
19512
19454
19513
19455
19514
19456
19515
19457
19516
19458
19517
19459
19518
19460
19519
19461
19520
19462
19521
19463
19522
19464
19523
19465
19524
19466
19525
19467
19526
19468
19527
19469
19528
19470
19529
19471
19530
19472
19531
19473
19532
19474
19533
19475
19534
19476
19535
19477
19536
19478
19537
19479
19538
19480
19539
19481
19540
19482
19541
19483
19542
19484
19543
19485
19544
19486
19545
19487
19546
19488
19547
19489
19548
19490
19549
19491
19550
19492
19551
19493
19552
19494
19553
19495
19554
19496
19555
19497
19556
19498
19557
19499
19558
19559
23984
19501
19560
19502
19561
19503
19562
19504
19563
19505
19564
19506
19565
19507
19566
19508
19567
19509
19568
19510
19569
19511
19570
19512
19571
19513
19572
19514
19573
19515
19574
19516
19575
19517
19576
19518
19577
19519
19578
19520
19579
19521
19580
19522
19581
19523
19582
19524
19583
19525
19584
19526
19585
19527
19586
19528
19587
19529
19588
19530
19589
19531
19590
19532
19591
19533
19592
19534
19593
19535
19594
19536
19595
19537
19596
19538
19597
19539
19598
19540
19599
19541
19600
19542
19601
19543
19602
19544
19603
19545
19604
19546
19605
19547
19606
19548
19607
19549
19608
19550
19609
19551
19610
19552
19611
19553
19612
19554
19613
19555
19614
19556
19615
19557
19616
19558
19617
19559
19618
19619
23985
19561
19620
19562
19621
19563
19622
19564
19623
19565
19624
19566
19625
19567
19626
19568
19627
19569
19628
19570
19629
19571
19630
19572
19631
19573
19632
19574
19633
19575
19634
19576
19635
19577
19636
19578
19637
19579
19638
19580
19639
19581
19640
19582
19641
19583
19642
19584
19643
19585
19644
19586
19645
19587
19646
19588
19647
19589
19648
19590
19649
19591
19650
19592
19651
19593
19652
19594
19653
19595
19654
19596
19655
19597
19656
19598
19657
19599
19658
19600
19659
19601
19660
19602
19661
19603
19662
19604
19663
19605
19664
19606
19665
19607
19666
19608
19667
19609
19668
19610
19669
19611
19670
19612
19671
19613
19672
19614
19673
19615
19674
19616
19675
19617
19676
19618
19677
19619
19678
19679
23986
19621
19680
19622
19681
19623
19682
19624
19683
19625
19684
19626
19685
19627
19686
19628
19687
19629
19688
19630
19689
19631
19690
19632
19691
19633
19692
19634
19693
19635
19694
19636
19695
19637
19696
19638
19697
19639
19698
19640
19699
19641
19700
19642
19701
19643
19702
19644
19703
19645
19704
19646
19705
19647
19706
19648
19707
19649
19708
19650
19709
19651
19710
19652
19711
19653
19712
19654
19713
19655
19714
19656
19715
19657
19716
19658
19717
19659
19718
19660
19719
19661
19720
19662
19721
19663
19722
19664
19723
19665
19724
19666
19725
19667
19726
19668
19727
19669
19728
19670
19729
19671
19730
19672
19731
19673
19732
19674
19733
19675
19734
19676
19735
19677
19736
19678
19737
19679
19738
19739
23987
19681
19740
19682
19741
19683
19742
19684
19743
19685
19744
19686
19745
19687
19746
19688
19747
19689
19748
19690
19749
19691
19750
19692
19751
19693
19752
19694
19753
19695
19754
19696
19755
19697
19756
19698
19757
19699
19758
19700
19759
19701
19760
19702
19761
19703
19762
19704
19763
19705
19764
19706
19765
19707
19766
19708
19767
19709
19768
19710
19769
19711
19770
19712
19771
19713
19772
19714
19773
19715
19774
19716
19775
19717
19776
19718
19777
19719
19778
19720
19779
19721
19780
19722
19781
19723
19782
19724
19783
19725
19784
19726
19785
19727
19786
19728
19787
19729
19788
19730
19789
19731
19790
19732
19791
19733
19792
19734
19793
19735
19794
19736
19795
19737
19796
19738
19797
19739
19798
19799
23988
19741
19800
19742
19801
19743
19802
19744
19803
19745
19804
19746
19805
19747
19806
19748
19807
19749
19808
19750
19809
19751
19810
19752
19811
19753
19812
19754
19813
19755
19814
19756
19815
19757
19816
19758
19817
19759
19818
19760
19819
19761
19820
19762
19821
19763
19822
19764
19823
19765
19824
19766
19825
19767
19826
19768
19827
19769
19828
19770
19829
19771
19830
19772
19831
19773
19832
19774
19833
19775
19834
19776
19835
19777
19836
19778
19837
19779
19838
19780
19839
19781
19840
19782
19841
19783
19842
19784
19843
19785
19844
19786
19845
19787
19846
19788
19847
19789
19848
19790
19849
19791
19850
19792
19851
19793
19852
19794
19853
19795
19854
19796
19855
19797
19856
19798
19857
19799
19858
19859
23989
19801
19860
19802
19861
19803
19862
19804
19863
19805
19864
19806
19865
19807
19866
19808
19867
19809
19868
19810
19869
19811
19870
19812
19871
19813
19872
19814
19873
19815
19874
19816
19875
19817
19876
19818
19877
19819
19878
19820
19879
19821
19880
19822
19881
19823
19882
19824
19883
19825
19884
19826
19885
19827
19886
19828
19887
19829
19888
19830
19889
19831
19890
19832
19891
19833
19892
19834
19893
19835
19894
19836
19895
19837
19896
19838
19897
19839
19898
19840
19899
19841
19900
19842
19901
19843
19902
19844
19903
19845
19904
19846
19905
19847
19906
19848
19907
19849
19908
19850
19909
19851
19910
19852
19911
19853
19912
19854
19913
19855
19914
19856
19915
19857
19916
19858
19917
19859
19918
19919
23990
19861
19920
19862
19921
19863
19922
19864
19923
19865
19924
19866
19925
19867
19926
19868
19927
19869
19928
19870
19929
19871
19930
19872
19931
19873
19932
19874
19933
19875
19934
19876
19935
19877
19936
19878
19937
19879
19938
19880
19939
19881
19940
19882
19941
19883
19942
19884
19943
19885
19944
19886
19945
19887
19946
19888
19947
19889
19948
19890
19949
19891
19950
19892
19951
19893
19952
19894
19953
19895
19954
19896
19955
19897
19956
19898
19957
19899
19958
19900
19959
19901
19960
19902
19961
19903
19962
19904
19963
19905
19964
19906
19965
19907
19966
19908
19967
19909
19968
19910
19969
19911
19970
19912
19971
19913
19972
19914
19973
19915
19974
19916
19975
19917
19976
19918
19977
19919
19978
19979
23991
19921
19980
19922
19981
19923
19982
19924
19983
19925
19984
19926
19985
19927
19986
19928
19987
19929
19988
19930
19989
19931
19990
19932
19991
19933
19992
19934
19993
19935
19994
19936
19995
19937
19996
19938
19997
19939
19998
19940
19999
19941
20000
19942
20001
19943
20002
19944
20003
19945
20004
19946
20005
19947
20006
19948
20007
19949
20008
19950
20009
19951
20010
19952
20011
19953
20012
19954
20013
19955
20014
19956
20015
19957
20016
19958
20017
19959
20018
19960
20019
19961
20020
19962
20021
19963
20022
19964
20023
19965
20024
19966
20025
19967
20026
19968
20027
19969
20028
19970
20029
19971
20030
19972
20031
19973
20032
19974
20033
19975
20034
19976
20035
19977
20036
19978
20037
19979
20038
20039
23992
19981
20040
19982
20041
19983
20042
19984
20043
19985
20044
19986
20045
19987
20046
19988
20047
19989
20048
19990
20049
19991
20050
19992
20051
19993
20052
19994
20053
19995
20054
19996
20055
19997
20056
19998
20057
19999
20058
20000
20059
20001
20060
20002
20061
20003
20062
20004
20063
20005
20064
20006
20065
20007
20066
20008
20067
20009
20068
20010
20069
20011
20070
20012
20071
20013
20072
20014
20073
20015
20074
20016
20075
20017
20076
20018
20077
20019
20078
20020
20079
20021
20080
20022
20081
20023
20082
20024
20083
20025
20084
20026
20085
20027
20086
20028
20087
20029
20088
20030
20089
20031
20090
20032
20091
20033
20092
20034
20093
20035
20094
20036
20095
20037
20096
20038
20097
20039
20098
20099
23993
20041
20100
20042
20101
20043
20102
20044
20103
20045
20104
20046
20105
20047
20106
20048
20107
20049
20108
20050
20109
20051
20110
20052
20111
20053
20112
20054
20113
20055
20114
20056
20115
20057
20116
20058
20117
20059
20118
20060
20119
20061
20120
20062
20121
20063
20122
20064
20123
20065
20124
20066
20125
20067
20126
20068
20127
20069
20128
20070
20129
20071
20130
20072
20131
20073
20132
20074
20133
20075
20134
20076
20135
20077
20136
20078
20137
20079
20138
20080
20139
20081
20140
20082
20141
20083
20142
20084
20143
20085
20144
20086
20145
20087
20146
20088
20147
20089
20148
20090
20149
20091
20150
20092
20151
20093
20152
20094
20153
20095
20154
20096
20155
20097
20156
20098
20157
20099
20158
20159
23994
20101
20160
20102
20161
20103
20162
20104
20163
20105
20164
20106
20165
20107
20166
20108
20167
20109
20168
20110
20169
20111
20170
20112
20171
20113
20172
20114
20173
20115
20174
20116
20175
20117
20176
20118
20177
20119
20178
20120
20179
20121
20180
20122
20181
20123
20182
20124
20183
20125
20184
20126
20185
20127
20186
20128
20187
20129
20188
20130
20189
20131
20190
20132
20191
20133
20192
20134
20193
20135
20194
20136
20195
20137
20196
20138
20197
20139
20198
20140
20199
20141
20200
20142
20201
20143
20202
20144
20203
20145
20204
20146
20205
20147
20206
20148
20207
20149
20208
20150
20209
20151
20210
20152
20211
20153
20212
20154
20213
20155
20214
20156
20215
20157
20216
20158
20217
20159
20218
20219
23995
20161
20220
20162
20221
20163
20222
20164
20223
20165
20224
20166
20225
20167
20226
20168
20227
20169
20228
20170
20229
20171
20230
20172
20231
20173
20232
20174
20233
20175
20234
20176
20235
20177
20236
20178
20237
20179
20238
20180
20239
20181
20240
20182
20241
20183
20242
20184
20243
20185
20244
20186
20245
20187
20246
20188
20247
20189
20248
20190
20249
20191
20250
20192
20251
20193
20252
20194
20253
20195
20254
20196
20255
20197
20256
20198
20257
20199
20258
20200
20259
20201
20260
20202
20261
20203
20262
20204
20263
20205
20264
20206
20265
20207
20266
20208
20267
20209
20268
20210
20269
20211
20270
20212
20271
20213
20272
20214
20273
20215
20274
20216
20275
20217
20276
20218
20277
20219
20278
20279
23996
20221
20280
20222
20281
20223
20282
20224
20283
20225
20284
20226
20285
20227
20286
20228
20287
20229
20288
20230
20289
20231
20290
20232
20291
20233
20292
20234
20293
20235
20294
20236
20295
20237
20296
20238
20297
20239
20298
20240
20299
20241
20300
20242
20301
20243
20302
20244
20303
20245
20304
20246
20305
20247
20306
20248
20307
20249
20308
20250
20309
20251
20310
20252
20311
20253
20312
20254
20313
20255
20314
20256
20315
20257
20316
20258
20317
20259
20318
20260
20319
20261
20320
20262
20321
20263
20322
20264
20323
20265
20324
20266
20325
20267
20326
20268
20327
20269
20328
20270
20329
20271
20330
20272
20331
20273
20332
20274
20333
20275
20334
20276
20335
20277
20336
20278
20337
20279
20338
20339
23997
20281
20340
20282
20341
20283
20342
20284
20343
20285
20344
20286
20345
20287
20346
20288
20347
20289
20348
20290
20349
20291
20350
20292
20351
20293
20352
20294
20353
20295
20354
20296
20355
20297
20356
20298
20357
20299
20358
20300
20359
20301
20360
20302
20361
20303
20362
20304
20363
20305
20364
20306
20365
20307
20366
20308
20367
20309
20368
20310
20369
20311
20370
20312
20371
20313
20372
20314
20373
20315
20374
20316
20375
20317
20376
20318
20377
20319
20378
20320
20379
20321
20380
20322
20381
20323
20382
20324
20383
20325
20384
20326
20385
20327
20386
20328
20387
20329
20388
20330
20389
20331
20390
20332
20391
20333
20392
20334
20393
20335
20394
20336
20395
20337
20396
20338
20397
20339
20398
20399
23998
20341
20342
20343
20344
20345
20346
20347
20348
20349
20350
20351
20352
20353
20354
20355
20356
20357
20358
20359
20360
20361
20362
20363
20364
20365
20366
20367
20368
20369
20370
20371
20372
20373
20374
20375
20376
20377
20378
20379
20380
20381
20382
20383
20384
20385
20386
20387
20388
20389
20390
20391
20392
20393
20394
20395
20396
20397
20398
20399
23999
20401
20460
20402
20461
20403
20462
20404
20463
20405
20464
20406
20465
20407
20466
20408
20467
20409
20468
20410
20469
20411
20470
20412
20471
20413
20472
20414
20473
20415
20474
20416
20475
20417
20476
20418
20477
20419
20478
20420
20479
20421
20480
20422
20481
20423
20482
20424
20483
20425
20484
20426
20485
20427
20486
20428
20487
20429
20488
20430
20489
20431
20490
20432
20491
20433
20492
20434
20493
20435
20494
20436
20495
20437
20496
20438
20497
20439
20498
20440
20499
20441
20500
20442
20501
20443
20502
20444
20503
20445
20504
20446
20505
20447
20506
20448
20507
20449
20508
20450
20509
20451
20510
20452
20511
20453
20512
20454
20513
20455
20514
20456
20515
20457
20516
20458
20517
20459
20518
20519
24000
20461
20520
20462
20521
20463
20522
20464
20523
20465
20524
20466
20525
20467
20526
20468
20527
20469
20528
20470
20529
20471
20530
20472
20531
20473
20532
20474
20533
20475
20534
20476
20535
20477
20536
20478
20537
20479
20538
20480
20539
20481
20540
20482
20541
20483
20542
20484
20543
20485
20544
20486
20545
20487
20546
20488
20547
20489
20548
20490
20549
20491
20550
20492
20551
20493
20552
20494
20553
20495
20554
20496
20555
20497
20556
20498
20557
20499
20558
20500
20559
20501
20560
20502
20561
20503
20562
20504
20563
20505
20564
20506
20565
20507
20566
20508
20567
20509
20568
20510
20569
20511
20570
20512
20571
20513
20572
20514
20573
20515
20574
20516
20575
20517
20576
20518
20577
20519
20578
20579
24440
20521
20580
20522
20581
20523
20582
20524
20583
20525
20584
20526
20585
20527
20586
20528
20587
20529
20588
20530
20589
20531
20590
20532
20591
20533
20592
20534
20593
20535
20594
20536
20595
20537
20596
20538
20597
20539
20598
20540
20599
20541
20600
20542
20601
20543
20602
20544
20603
20545
20604
20546
20605
20547
20606
20548
20607
20549
20608
20550
20609
20551
20610
20552
20611
20553
20612
20554
20613
20555
20614
20556
20615
20557
20616
20558
20617
20559
20618
20560
20619
20561
20620
20562
20621
20563
20622
20564
20623
20565
20624
20566
20625
20567
20626
20568
20627
20569
20628
20570
20629
20571
20630
20572
20631
20573
20632
20574
20633
20575
20634
20576
20635
20577
20636
20578
20637
20579
20638
20639
24880
20581
20640
20582
20641
20583
20642
20584
20643
20585
20644
20586
20645
20587
20646
20588
20647
20589
20648
20590
20649
20591
20650
20592
20651
20593
20652
20594
20653
20595
20654
20596
20655
20597
20656
20598
20657
20599
20658
20600
20659
20601
20660
20602
20661
20603
20662
20604
20663
20605
20664
20606
20665
20607
20666
20608
20667
20609
20668
20610
20669
20611
20670
20612
20671
20613
20672
20614
20673
20615
20674
20616
20675
20617
20676
20618
20677
20619
20678
20620
20679
20621
20680
20622
20681
20623
20682
20624
20683
20625
20684
20626
20685
20627
20686
20628
20687
20629
20688
20630
20689
20631
20690
20632
20691
20633
20692
20634
20693
20635
20694
20636
20695
20637
20696
20638
20697
20639
20698
20699
25320
20641
20700
20642
20701
20643
20702
20644
20703
20645
20704
20646
20705
20647
20706
20648
20707
20649
20708
20650
20709
20651
20710
20652
20711
20653
20712
20654
20713
20655
20714
20656
20715
20657
20716
20658
20717
20659
20718
20660
20719
20661
20720
20662
20721
20663
20722
20664
20723
20665
20724
20666
20725
20667
20726
20668
20727
20669
20728
20670
20729
20671
20730
20672
20731
20673
20732
20674
20733
20675
20734
20676
20735
20677
20736
20678
20737
20679
20738
20680
20739
20681
20740
20682
20741
20683
20742
20684
20743
20685
20744
20686
20745
20687
20746
20688
20747
20689
20748
20690
20749
20691
20750
20692
20751
20693
20752
20694
20753
20695
20754
20696
20755
20697
20756
20698
20757
20699
20758
20759
25760
20701
20760
20702
20761
20703
20762
20704
20763
20705
20764
20706
20765
20707
20766
20708
20767
20709
20768
20710
20769
20711
20770
20712
20771
20713
20772
20714
20773
20715
20774
20716
20775
20717
20776
20718
20777
20719
20778
20720
20779
20721
20780
20722
20781
20723
20782
20724
20783
20725
20784
20726
20785
20727
20786
20728
20787
20729
20788
20730
20789
20731
20790
20732
20791
20733
20792
20734
20793
20735
20794
20736
20795
20737
20796
20738
20797
20739
20798
20740
20799
20741
20800
20742
20801
20743
20802
20744
20803
20745
20804
20746
20805
20747
20806
20748
20807
20749
20808
20750
20809
20751
20810
20752
20811
20753
20812
20754
20813
20755
20814
20756
20815
20757
20816
20758
20817
20759
20818
20819
26200
20761
20820
20762
20821
20763
20822
20764
20823
20765
20824
20766
20825
20767
20826
20768
20827
20769
20828
20770
20829
20771
20830
20772
20831
20773
20832
20774
20833
20775
20834
20776
20835
20777
20836
20778
20837
20779
20838
20780
20839
20781
20840
20782
20841
20783
20842
20784
20843
20785
20844
20786
20845
20787
20846
20788
20847
20789
20848
20790
20849
20791
20850
20792
20851
20793
20852
20794
20853
20795
20854
20796
20855
20797
20856
20798
20857
20799
20858
20800
20859
20801
20860
20802
20861
20803
20862
20804
20863
20805
20864
20806
20865
20807
20866
20808
20867
20809
20868
20810
20869
20811
20870
20812
20871
20813
20872
20814
20873
20815
20874
20816
20875
20817
20876
20818
20877
20819
20878
20879
26640
20821
20880
20822
20881
20823
20882
20824
20883
20825
20884
20826
20885
20827
20886
20828
20887
20829
20888
20830
20889
20831
20890
20832
20891
20833
20892
20834
20893
20835
20894
20836
20895
20837
20896
20838
20897
20839
20898
20840
20899
20841
20900
20842
20901
20843
20902
20844
20903
20845
20904
20846
20905
20847
20906
20848
20907
20849
20908
20850
20909
20851
20910
20852
20911
20853
20912
20854
20913
20855
20914
20856
20915
20857
20916
20858
20917
20859
20918
20860
20919
20861
20920
20862
20921
20863
20922
20864
20923
20865
20924
20866
20925
20867
20926
20868
20927
20869
20928
20870
20929
20871
20930
20872
20931
20873
20932
20874
20933
20875
20934
20876
20935
20877
20936
20878
20937
20879
20938
20939
27080
20881
20940
20882
20941
20883
20942
20884
20943
20885
20944
20886
20945
20887
20946
20888
20947
20889
20948
20890
20949
20891
20950
20892
20951
20893
20952
20894
20953
20895
20954
20896
20955
20897
20956
20898
20957
20899
20958
20900
20959
20901
20960
20902
20961
20903
20962
20904
20963
20905
20964
20906
20965
20907
20966
20908
20967
20909
20968
20910
20969
20911
20970
20912
20971
20913
20972
20914
20973
20915
20974
20916
20975
20917
20976
20918
20977
20919
20978
20920
20979
20921
20980
20922
20981
20923
20982
20924
20983
20925
20984
20926
20985
20927
20986
20928
20987
20929
20988
20930
20989
20931
20990
20932
20991
20933
20992
20934
20993
20935
20994
20936
20995
20937
20996
20938
20997
20939
20998
20999
27520
20941
21000
20942
21001
20943
21002
20944
21003
20945
21004
20946
21005
20947
21006
20948
21007
20949
21008
20950
21009
20951
21010
20952
21011
20953
21012
20954
21013
20955
21014
20956
21015
20957
21016
20958
21017
20959
21018
20960
21019
20961
21020
20962
21021
20963
21022
20964
21023
20965
21024
20966
21025
20967
21026
20968
21027
20969
21028
20970
21029
20971
21030
20972
21031
20973
21032
20974
21033
20975
21034
20976
21035
20977
21036
20978
21037
20979
21038
20980
21039
20981
21040
20982
21041
20983
21042
20984
21043
20985
21044
20986
21045
20987
21046
20988
21047
20989
21048
20990
21049
20991
21050
20992
21051
20993
21052
20994
21053
20995
21054
20996
21055
20997
21056
20998
21057
20999
21058
21059
27960
21001
21060
21002
21061
21003
21062
21004
21063
21005
21064
21006
21065
21007
21066
21008
21067
21009
21068
21010
21069
21011
21070
21012
21071
21013
21072
21014
21073
21015
21074
21016
21075
21017
21076
21018
21077
21019
21078
21020
21079
21021
21080
21022
21081
21023
21082
21024
21083
21025
21084
21026
21085
21027
21086
21028
21087
21029
21088
21030
21089
21031
21090
21032
21091
21033
21092
21034
21093
21035
21094
21036
21095
21037
21096
21038
21097
21039
21098
21040
21099
21041
21100
21042
21101
21043
21102
21044
21103
21045
21104
21046
21105
21047
21106
21048
21107
21049
21108
21050
21109
21051
21110
21052
21111
21053
21112
21054
21113
21055
21114
21056
21115
21057
21116
21058
21117
21059
21118
21119
28400
21061
21120
21062
21121
21063
21122
21064
21123
21065
21124
21066
21125
21067
21126
21068
21127
21069
21128
21070
21129
21071
21130
21072
21131
21073
21132
21074
21133
21075
21134
21076
21135
21077
21136
21078
21137
21079
21138
21080
21139
21081
21140
21082
21141
21083
21142
21084
21143
21085
21144
21086
21145
21087
21146
21088
21147
21089
21148
21090
21149
21091
21150
21092
21151
21093
21152
21094
21153
21095
21154
21096
21155
21097
21156
21098
21157
21099
21158
21100
21159
21101
21160
21102
21161
21103
21162
21104
21163
21105
21164
21106
21165
21107
21166
21108
21167
21109
21168
21110
21169
21111
21170
21112
21171
21113
21172
21114
21173
21115
21174
21116
21175
21117
21176
21118
21177
21119
21178
21179
28840
21121
21180
21122
21181
21123
21182
21124
21183
21125
21184
21126
21185
21127
21186
21128
21187
21129
21188
21130
21189
21131
21190
21132
21191
21133
21192
21134
21193
21135
21194
21136
21195
21137
21196
21138
21197
21139
21198
21140
21199
21141
21200
21142
21201
21143
21202
21144
21203
21145
21204
21146
21205
21147
21206
21148
21207
21149
21208
21150
21209
21151
21210
21152
21211
21153
21212
21154
21213
21155
21214
21156
21215
21157
21216
21158
21217
21159
21218
21160
21219
21161
21220
21162
21221
21163
21222
21164
21223
21165
21224
21166
21225
21167
21226
21168
21227
21169
21228
21170
21229
21171
21230
21172
21231
21173
21232
21174
21233
21175
21234
21176
21235
21177
21236
21178
21237
21179
21238
21239
29280
21181
21240
21182
21241
21183
21242
21184
21243
21185
21244
21186
21245
21187
21246
21188
21247
21189
21248
21190
21249
21191
21250
21192
21251
21193
21252
21194
21253
21195
21254
21196
21255
21197
21256
21198
21257
21199
21258
21200
21259
21201
21260
21202
21261
21203
21262
21204
21263
21205
21264
21206
21265
21207
21266
21208
21267
21209
21268
21210
21269
21211
21270
21212
21271
21213
21272
21214
21273
21215
21274
21216
21275
21217
21276
21218
21277
21219
21278
21220
21279
21221
21280
21222
21281
21223
21282
21224
21283
21225
21284
21226
21285
21227
21286
21228
21287
21229
21288
21230
21289
21231
21290
21232
21291
21233
21292
21234
21293
21235
21294
21236
21295
21237
21296
21238
21297
21239
21298
21299
29720
21241
21300
21242
21301
21243
21302
21244
21303
21245
21304
21246
21305
21247
21306
21248
21307
21249
21308
21250
21309
21251
21310
21252
21311
21253
21312
21254
21313
21255
21314
21256
21315
21257
21316
21258
21317
21259
21318
21260
21319
21261
21320
21262
21321
21263
21322
21264
21323
21265
21324
21266
21325
21267
21326
21268
21327
21269
21328
21270
21329
21271
21330
21272
21331
21273
21332
21274
21333
21275
21334
21276
21335
21277
21336
21278
21337
21279
21338
21280
21339
21281
21340
21282
21341
21283
21342
21284
21343
21285
21344
21286
21345
21287
21346
21288
21347
21289
21348
21290
21349
21291
21350
21292
21351
21293
21352
21294
21353
21295
21354
21296
21355
21297
21356
21298
21357
21299
21358
21359
30160
21301
21360
21302
21361
21303
21362
21304
21363
21305
21364
21306
21365
21307
21366
21308
21367
21309
21368
21310
21369
21311
21370
21312
21371
21313
21372
21314
21373
21315
21374
21316
21375
21317
21376
21318
21377
21319
21378
21320
21379
21321
21380
21322
21381
21323
21382
21324
21383
21325
21384
21326
21385
21327
21386
21328
21387
21329
21388
21330
21389
21331
21390
21332
21391
21333
21392
21334
21393
21335
21394
21336
21395
21337
21396
21338
21397
21339
21398
21340
21399
21341
21400
21342
21401
21343
21402
21344
21403
21345
21404
21346
21405
21347
21406
21348
21407
21349
21408
21350
21409
21351
21410
21352
21411
21353
21412
21354
21413
21355
21414
21356
21415
21357
21416
21358
21417
21359
21418
21419
30600
21361
21420
21362
21421
21363
21422
21364
21423
21365
21424
21366
21425
21367
21426
21368
21427
21369
21428
21370
21429
21371
21430
21372
21431
21373
21432
21374
21433
21375
21434
21376
21435
21377
21436
21378
21437
21379
21438
21380
21439
21381
21440
21382
21441
21383
21442
21384
21443
21385
21444
21386
21445
21387
21446
21388
21447
21389
21448
21390
21449
21391
21450
21392
21451
21393
21452
21394
21453
21395
21454
21396
21455
21397
21456
21398
21457
21399
21458
21400
21459
21401
21460
21402
21461
21403
21462
21404
21463
21405
21464
21406
21465
21407
21466
21408
21467
21409
21468
21410
21469
21411
21470
21412
21471
21413
21472
21414
21473
21415
21474
21416
21475
21417
21476
21418
21477
21419
21478
21479
31040
21421
21480
21422
21481
21423
21482
21424
21483
21425
21484
21426
21485
21427
21486
21428
21487
21429
21488
21430
21489
21431
21490
21432
21491
21433
21492
21434
21493
21435
21494
21436
21495
21437
21496
21438
21497
21439
21498
21440
21499
21441
21500
21442
21501
21443
21502
21444
21503
21445
21504
21446
21505
21447
21506
21448
21507
21449
21508
21450
21509
21451
21510
21452
21511
21453
21512
21454
21513
21455
21514
21456
21515
21457
21516
21458
21517
21459
21518
21460
21519
21461
21520
21462
21521
21463
21522
21464
21523
21465
21524
21466
21525
21467
21526
21468
21527
21469
21528
21470
21529
21471
21530
21472
21531
21473
21532
21474
21533
21475
21534
21476
21535
21477
21536
21478
21537
21479
21538
21539
31480
21481
21540
21482
21541
21483
21542
21484
21543
21485
21544
21486
21545
21487
21546
21488
21547
21489
21548
21490
21549
21491
21550
21492
21551
21493
21552
21494
21553
21495
21554
21496
21555
21497
21556
21498
21557
21499
21558
21500
21559
21501
21560
21502
21561
21503
21562
21504
21563
21505
21564
21506
21565
21507
21566
21508
21567
21509
21568
21510
21569
21511
21570
21512
21571
21513
21572
21514
21573
21515
21574
21516
21575
21517
21576
21518
21577
21519
21578
21520
21579
21521
21580
21522
21581
21523
21582
21524
21583
21525
21584
21526
21585
21527
21586
21528
21587
21529
21588
21530
21589
21531
21590
21532
21591
21533
21592
21534
21593
21535
21594
21536
21595
21537
21596
21538
21597
21539
21598
21599
31920
21541
21600
21542
21601
21543
21602
21544
21603
21545
21604
21546
21605
21547
21606
21548
21607
21549
21608
21550
21609
21551
21610
21552
21611
21553
21612
21554
21613
21555
21614
21556
21615
21557
21616
21558
21617
21559
21618
21560
21619
21561
21620
21562
21621
21563
21622
21564
21623
21565
21624
21566
21625
21567
21626
21568
21627
21569
21628
21570
21629
21571
21630
21572
21631
21573
21632
21574
21633
21575
21634
21576
21635
21577
21636
21578
21637
21579
21638
21580
21639
21581
21640
21582
21641
21583
21642
21584
21643
21585
21644
21586
21645
21587
21646
21588
21647
21589
21648
21590
21649
21591
21650
21592
21651
21593
21652
21594
21653
21595
21654
21596
21655
21597
21656
21598
21657
21599
21658
21659
32360
21601
21660
21602
21661
21603
21662
21604
21663
21605
21664
21606
21665
21607
21666
21608
21667
21609
21668
21610
21669
21611
21670
21612
21671
21613
21672
21614
21673
21615
21674
21616
21675
21617
21676
21618
21677
21619
21678
21620
21679
21621
21680
21622
21681
21623
21682
21624
21683
21625
21684
21626
21685
21627
21686
21628
21687
21629
21688
21630
21689
21631
21690
21632
21691
21633
21692
21634
21693
21635
21694
21636
21695
21637
21696
21638
21697
21639
21698
21640
21699
21641
21700
21642
21701
21643
21702
21644
21703
21645
21704
21646
21705
21647
21706
21648
21707
21649
21708
21650
21709
21651
21710
21652
21711
21653
21712
21654
21713
21655
21714
21656
21715
21657
21716
21658
21717
21659
21718
21719
32800
21661
21720
21662
21721
21663
21722
21664
21723
21665
21724
21666
21725
21667
21726
21668
21727
21669
21728
21670
21729
21671
21730
21672
21731
21673
21732
21674
21733
21675
21734
21676
21735
21677
21736
21678
21737
21679
21738
21680
21739
21681
21740
21682
21741
21683
21742
21684
21743
21685
21744
21686
21745
21687
21746
21688
21747
21689
21748
21690
21749
21691
21750
21692
21751
21693
21752
21694
21753
21695
21754
21696
21755
21697
21756
21698
21757
21699
21758
21700
21759
21701
21760
21702
21761
21703
21762
21704
21763
21705
21764
21706
21765
21707
21766
21708
21767
21709
21768
21710
21769
21711
21770
21712
21771
21713
21772
21714
21773
21715
21774
21716
21775
21717
21776
21718
21777
21719
21778
21779
33240
21721
21780
21722
21781
21723
21782
21724
21783
21725
21784
21726
21785
21727
21786
21728
21787
21729
21788
21730
21789
21731
21790
21732
21791
21733
21792
21734
21793
21735
21794
21736
21795
21737
21796
21738
21797
21739
21798
21740
21799
21741
21800
21742
21801
21743
21802
21744
21803
21745
21804
21746
21805
21747
21806
21748
21807
21749
21808
21750
21809
21751
21810
21752
21811
21753
21812
21754
21813
21755
21814
21756
21815
21757
21816
21758
21817
21759
21818
21760
21819
21761
21820
21762
21821
21763
21822
21764
21823
21765
21824
21766
21825
21767
21826
21768
21827
21769
21828
21770
21829
21771
21830
21772
21831
21773
21832
21774
21833
21775
21834
21776
21835
21777
21836
21778
21837
21779
21838
21839
33680
21781
21840
21782
21841
21783
21842
21784
21843
21785
21844
21786
21845
21787
21846
21788
21847
21789
21848
21790
21849
21791
21850
21792
21851
21793
21852
21794
21853
21795
21854
21796
21855
21797
21856
21798
21857
21799
21858
21800
21859
21801
21860
21802
21861
21803
21862
21804
21863
21805
21864
21806
21865
21807
21866
21808
21867
21809
21868
21810
21869
21811
21870
21812
21871
21813
21872
21814
21873
21815
21874
21816
21875
21817
21876
21818
21877
21819
21878
21820
21879
21821
21880
21822
21881
21823
21882
21824
21883
21825
21884
21826
21885
21827
21886
21828
21887
21829
21888
21830
21889
21831
21890
21832
21891
21833
21892
21834
21893
21835
21894
21836
21895
21837
21896
21838
21897
21839
21898
21899
34120
21841
21900
21842
21901
21843
21902
21844
21903
21845
21904
21846
21905
21847
21906
21848
21907
21849
21908
21850
21909
21851
21910
21852
21911
21853
21912
21854
21913
21855
21914
21856
21915
21857
21916
21858
21917
21859
21918
21860
21919
21861
21920
21862
21921
21863
21922
21864
21923
21865
21924
21866
21925
21867
21926
21868
21927
21869
21928
21870
21929
21871
21930
21872
21931
21873
21932
21874
21933
21875
21934
21876
21935
21877
21936
21878
21937
21879
21938
21880
21939
21881
21940
21882
21941
21883
21942
21884
21943
21885
21944
21886
21945
21887
21946
21888
21947
21889
21948
21890
21949
21891
21950
21892
21951
21893
21952
21894
21953
21895
21954
21896
21955
21897
21956
21898
21957
21899
21958
21959
34560
21901
21960
21902
21961
21903
21962
21904
21963
21905
21964
21906
21965
21907
21966
21908
21967
21909
21968
21910
21969
21911
21970
21912
21971
21913
21972
21914
21973
21915
21974
21916
21975
21917
21976
21918
21977
21919
21978
21920
21979
21921
21980
21922
21981
21923
21982
21924
21983
21925
21984
21926
21985
21927
21986
21928
21987
21929
21988
21930
21989
21931
21990
21932
21991
21933
21992
21934
21993
21935
21994
21936
21995
21937
21996
21938
21997
21939
21998
21940
21999
21941
22000
21942
22001
21943
22002
21944
22003
21945
22004
21946
22005
21947
22006
21948
22007
21949
22008
21950
22009
21951
22010
21952
22011
21953
22012
21954
22013
21955
22014
21956
22015
21957
22016
21958
22017
21959
22018
22019
35000
21961
22020
21962
22021
21963
22022
21964
22023
21965
22024
21966
22025
21967
22026
21968
22027
21969
22028
21970
22029
21971
22030
21972
22031
21973
22032
21974
22033
21975
22034
21976
22035
21977
22036
21978
22037
21979
22038
21980
22039
21981
22040
21982
22041
21983
22042
21984
22043
21985
22044
21986
22045
21987
22046
21988
22047
21989
22048
21990
22049
21991
22050
21992
22051
21993
22052
21994
22053
21995
22054
21996
22055
21997
22056
21998
22057
21999
22058
22000
22059
22001
22060
22002
22061
22003
22062
22004
22063
22005
22064
22006
22065
22007
22066
22008
22067
22009
22068
22010
22069
22011
22070
22012
22071
22013
22072
22014
22073
22015
22074
22016
22075
22017
22076
22018
22077
22019
22078
22079
35440
22021
22080
22022
22081
22023
22082
22024
22083
22025
22084
22026
22085
22027
22086
22028
22087
22029
22088
22030
22089
22031
22090
22032
22091
22033
22092
22034
22093
22035
22094
22036
22095
22037
22096
22038
22097
22039
22098
22040
22099
22041
22100
22042
22101
22043
22102
22044
22103
22045
22104
22046
22105
22047
22106
22048
22107
22049
22108
22050
22109
22051
22110
22052
22111
22053
22112
22054
22113
22055
22114
22056
22115
22057
22116
22058
22117
22059
22118
22060
22119
22061
22120
22062
22121
22063
22122
22064
22123
22065
22124
22066
22125
22067
22126
22068
22127
22069
22128
22070
22129
22071
22130
22072
22131
22073
22132
22074
22133
22075
22134
22076
22135
22077
22136
22078
22137
22079
22138
22139
35880
22081
22140
22082
22141
22083
22142
22084
22143
22085
22144
22086
22145
22087
22146
22088
22147
22089
22148
22090
22149
22091
22150
22092
22151
22093
22152
22094
22153
22095
22154
22096
22155
22097
22156
22098
22157
22099
22158
22100
22159
22101
22160
22102
22161
22103
22162
22104
22163
22105
22164
22106
22165
22107
22166
22108
22167
22109
22168
22110
22169
22111
22170
22112
22171
22113
22172
22114
22173
22115
22174
22116
22175
22117
22176
22118
22177
22119
22178
22120
22179
22121
22180
22122
22181
22123
22182
22124
22183
22125
22184
22126
22185
22127
22186
22128
22187
22129
22188
22130
22189
22131
22190
22132
22191
22133
22192
22134
22193
22135
22194
22136
22195
22137
22196
22138
22197
22139
22198
22199
36320
22141
22200
22142
22201
22143
22202
22144
22203
22145
22204
22146
22205
22147
22206
22148
22207
22149
22208
22150
22209
22151
22210
22152
22211
22153
22212
22154
22213
22155
22214
22156
22215
22157
22216
22158
22217
22159
22218
22160
22219
22161
22220
22162
22221
22163
22222
22164
22223
22165
22224
22166
22225
22167
22226
22168
22227
22169
22228
22170
22229
22171
22230
22172
22231
22173
22232
22174
22233
22175
22234
22176
22235
22177
22236
22178
22237
22179
22238
22180
22239
22181
22240
22182
22241
22183
22242
22184
22243
22185
22244
22186
22245
22187
22246
22188
22247
22189
22248
22190
22249
22191
22250
22192
22251
22193
22252
22194
22253
22195
22254
22196
22255
22197
22256
22198
22257
22199
22258
22259
36760
22201
22260
22202
22261
22203
22262
22204
22263
22205
22264
22206
22265
22207
22266
22208
22267
22209
22268
22210
22269
22211
22270
22212
22271
22213
22272
22214
22273
22215
22274
22216
22275
22217
22276
22218
22277
22219
22278
22220
22279
22221
22280
22222
22281
22223
22282
22224
22283
22225
22284
22226
22285
22227
22286
22228
22287
22229
22288
22230
22289
22231
22290
22232
22291
22233
22292
22234
22293
22235
22294
22236
22295
22237
22296
22238
22297
22239
22298
22240
22299
22241
22300
22242
22301
22243
22302
22244
22303
22245
22304
22246
22305
22247
22306
22248
22307
22249
22308
22250
22309
22251
22310
22252
22311
22253
22312
22254
22313
22255
22314
22256
22315
22257
22316
22258
22317
22259
22318
22319
37200
22261
22320
22262
22321
22263
22322
22264
22323
22265
22324
22266
22325
22267
22326
22268
22327
22269
22328
22270
22329
22271
22330
22272
22331
22273
22332
22274
22333
22275
22334
22276
22335
22277
22336
22278
22337
22279
22338
22280
22339
22281
22340
22282
22341
22283
22342
22284
22343
22285
22344
22286
22345
22287
22346
22288
22347
22289
22348
22290
22349
22291
22350
22292
22351
22293
22352
22294
22353
22295
22354
22296
22355
22297
22356
22298
22357
22299
22358
22300
22359
22301
22360
22302
22361
22303
22362
22304
22363
22305
22364
22306
22365
22307
22366
22308
22367
22309
22368
22310
22369
22311
22370
22312
22371
22313
22372
22314
22373
22315
22374
22316
22375
22317
22376
22318
22377
22319
22378
22379
37640
22321
22380
22322
22381
22323
22382
22324
22383
22325
22384
22326
22385
22327
22386
22328
22387
22329
22388
22330
22389
22331
22390
22332
22391
22333
22392
22334
22393
22335
22394
22336
22395
22337
22396
22338
22397
22339
22398
22340
22399
22341
22400
22342
22401
22343
22402
22344
22403
22345
22404
22346
22405
22347
22406
22348
22407
22349
22408
22350
22409
22351
22410
22352
22411
22353
22412
22354
22413
22355
22414
22356
22415
22357
22416
22358
22417
22359
22418
22360
22419
22361
22420
22362
22421
22363
22422
22364
22423
22365
22424
22366
22425
22367
22426
22368
22427
22369
22428
22370
22429
22371
22430
22372
22431
22373
22432
22374
22433
22375
22434
22376
22435
22377
22436
22378
22437
22379
22438
22439
38080
22381
22440
22382
22441
22383
22442
22384
22443
22385
22444
22386
22445
22387
22446
22388
22447
22389
22448
22390
22449
22391
22450
22392
22451
22393
22452
22394
22453
22395
22454
22396
22455
22397
22456
22398
22457
22399
22458
22400
22459
22401
22460
22402
22461
22403
22462
22404
22463
22405
22464
22406
22465
22407
22466
22408
22467
22409
22468
22410
22469
22411
22470
22412
22471
22413
22472
22414
22473
22415
22474
22416
22475
22417
22476
22418
22477
22419
22478
22420
22479
22421
22480
22422
22481
22423
22482
22424
22483
22425
22484
22426
22485
22427
22486
22428
22487
22429
22488
22430
22489
22431
22490
22432
22491
22433
22492
22434
22493
22435
22494
22436
22495
22437
22496
22438
22497
22439
22498
22499
38520
22441
22500
22442
22501
22443
22502
22444
22503
22445
22504
22446
22505
22447
22506
22448
22507
22449
22508
22450
22509
22451
22510
22452
22511
22453
22512
22454
22513
22455
22514
22456
22515
22457
22516
22458
22517
22459
22518
22460
22519
22461
22520
22462
22521
22463
22522
22464
22523
22465
22524
22466
22525
22467
22526
22468
22527
22469
22528
22470
22529
22471
22530
22472
22531
22473
22532
22474
22533
22475
22534
22476
22535
22477
22536
22478
22537
22479
22538
22480
22539
22481
22540
22482
22541
22483
22542
22484
22543
22485
22544
22486
22545
22487
22546
22488
22547
22489
22548
22490
22549
22491
22550
22492
22551
22493
22552
22494
22553
22495
22554
22496
22555
22497
22556
22498
22557
22499
22558
22559
38960
22501
22560
22502
22561
22503
22562
22504
22563
22505
22564
22506
22565
22507
22566
22508
22567
22509
22568
22510
22569
22511
22570
22512
22571
22513
22572
22514
22573
22515
22574
22516
22575
22517
22576
22518
22577
22519
22578
22520
22579
22521
22580
22522
22581
22523
22582
22524
22583
22525
22584
22526
22585
22527
22586
22528
22587
22529
22588
22530
22589
22531
22590
22532
22591
22533
22592
22534
22593
22535
22594
22536
22595
22537
22596
22538
22597
22539
22598
22540
22599
22541
22600
22542
22601
22543
22602
22544
22603
22545
22604
22546
22605
22547
22606
22548
22607
22549
22608
22550
22609
22551
22610
22552
22611
22553
22612
22554
22613
22555
22614
22556
22615
22557
22616
22558
22617
22559
22618
22619
39400
22561
22620
22562
22621
22563
22622
22564
22623
22565
22624
22566
22625
22567
22626
22568
22627
22569
22628
22570
22629
22571
22630
22572
22631
22573
22632
22574
22633
22575
22634
22576
22635
22577
22636
22578
22637
22579
22638
22580
22639
22581
22640
22582
22641
22583
22642
22584
22643
22585
22644
22586
22645
22587
22646
22588
22647
22589
22648
22590
22649
22591
22650
22592
22651
22593
22652
22594
22653
22595
22654
22596
22655
22597
22656
22598
22657
22599
22658
22600
22659
22601
22660
22602
22661
22603
22662
22604
22663
22605
22664
22606
22665
22607
22666
22608
22667
22609
22668
22610
22669
22611
22670
22612
22671
22613
22672
22614
22673
22615
22674
22616
22675
22617
22676
22618
22677
22619
22678
22679
39840
22621
22680
22622
22681
22623
22682
22624
22683
22625
22684
22626
22685
22627
22686
22628
22687
22629
22688
22630
22689
22631
22690
22632
22691
22633
22692
22634
22693
22635
22694
22636
22695
22637
22696
22638
22697
22639
22698
22640
22699
22641
22700
22642
22701
22643
22702
22644
22703
22645
22704
22646
22705
22647
22706
22648
22707
22649
22708
22650
22709
22651
22710
22652
22711
22653
22712
22654
22713
22655
22714
22656
22715
22657
22716
22658
22717
22659
22718
22660
22719
22661
22720
22662
22721
22663
22722
22664
22723
22665
22724
22666
22725
22667
22726
22668
22727
22669
22728
22670
22729
22671
22730
22672
22731
22673
22732
22674
22733
22675
22734
22676
22735
22677
22736
22678
22737
22679
22738
22739
40280
22681
22740
22682
22741
22683
22742
22684
22743
22685
22744
22686
22745
22687
22746
22688
22747
22689
22748
22690
22749
22691
22750
22692
22751
22693
22752
22694
22753
22695
22754
22696
22755
22697
22756
22698
22757
22699
22758
22700
22759
22701
22760
22702
22761
22703
22762
22704
22763
22705
22764
22706
22765
22707
22766
22708
22767
22709
22768
22710
22769
22711
22770
22712
22771
22713
22772
22714
22773
22715
22774
22716
22775
22717
22776
22718
22777
22719
22778
22720
22779
22721
22780
22722
22781
22723
22782
22724
22783
22725
22784
22726
22785
22727
22786
22728
22787
22729
22788
22730
22789
22731
22790
22732
22791
22733
22792
22734
22793
22735
22794
22736
22795
22737
22796
22738
22797
22739
22798
22799
40720
22741
22800
22742
22801
22743
22802
22744
22803
22745
22804
22746
22805
22747
22806
22748
22807
22749
22808
22750
22809
22751
22810
22752
22811
22753
22812
22754
22813
22755
22814
22756
22815
22757
22816
22758
22817
22759
22818
22760
22819
22761
22820
22762
22821
22763
22822
22764
22823
22765
22824
22766
22825
22767
22826
22768
22827
22769
22828
22770
22829
22771
22830
22772
22831
22773
22832
22774
22833
22775
22834
22776
22835
22777
22836
22778
22837
22779
22838
22780
22839
22781
22840
22782
22841
22783
22842
22784
22843
22785
22844
22786
22845
22787
22846
22788
22847
22789
22848
22790
22849
22791
22850
22792
22851
22793
22852
22794
22853
22795
22854
22796
22855
22797
22856
22798
22857
22799
22858
22859
41160
22801
22860
22802
22861
22803
22862
22804
22863
22805
22864
22806
22865
22807
22866
22808
22867
22809
22868
22810
22869
22811
22870
22812
22871
22813
22872
22814
22873
22815
22874
22816
22875
22817
22876
22818
22877
22819
22878
22820
22879
22821
22880
22822
22881
22823
22882
22824
22883
22825
22884
22826
22885
22827
22886
22828
22887
22829
22888
22830
22889
22831
22890
22832
22891
22833
22892
22834
22893
22835
22894
22836
22895
22837
22896
22838
22897
22839
22898
22840
22899
22841
22900
22842
22901
22843
22902
22844
22903
22845
22904
22846
22905
22847
22906
22848
22907
22849
22908
22850
22909
22851
22910
22852
22911
22853
22912
22854
22913
22855
22914
22856
22915
22857
22916
22858
22917
22859
22918
22919
41600
22861
22920
22862
22921
22863
22922
22864
22923
22865
22924
22866
22925
22867
22926
22868
22927
22869
22928
22870
22929
22871
22930
22872
22931
22873
22932
22874
22933
22875
22934
22876
22935
22877
22936
22878
22937
22879
22938
22880
22939
22881
22940
22882
22941
22883
22942
22884
22943
22885
22944
22886
22945
22887
22946
22888
22947
22889
22948
22890
22949
22891
22950
22892
22951
22893
22952
22894
22953
22895
22954
22896
22955
22897
22956
22898
22957
22899
22958
22900
22959
22901
22960
22902
22961
22903
22962
22904
22963
22905
22964
22906
22965
22907
22966
22908
22967
22909
22968
22910
22969
22911
22970
22912
22971
22913
22972
22914
22973
22915
22974
22916
22975
22917
22976
22918
22977
22919
22978
22979
42040
22921
22980
22922
22981
22923
22982
22924
22983
22925
22984
22926
22985
22927
22986
22928
22987
22929
22988
22930
22989
22931
22990
22932
22991
22933
22992
22934
22993
22935
22994
22936
22995
22937
22996
22938
22997
22939
22998
22940
22999
22941
23000
22942
23001
22943
23002
22944
23003
22945
23004
22946
23005
22947
23006
22948
23007
22949
23008
22950
23009
22951
23010
22952
23011
22953
23012
22954
23013
22955
23014
22956
23015
22957
23016
22958
23017
22959
23018
22960
23019
22961
23020
22962
23021
22963
23022
22964
23023
22965
23024
22966
23025
22967
23026
22968
23027
22969
23028
22970
23029
22971
23030
22972
23031
22973
23032
22974
23033
22975
23034
22976
23035
22977
23036
22978
23037
22979
23038
23039
42480
22981
23040
22982
23041
22983
23042
22984
23043
22985
23044
22986
23045
22987
23046
22988
23047
22989
23048
22990
23049
22991
23050
22992
23051
22993
23052
22994
23053
22995
23054
22996
23055
22997
23056
22998
23057
22999
23058
23000
23059
23001
23060
23002
23061
23003
23062
23004
23063
23005
23064
23006
23065
23007
23066
23008
23067
23009
23068
23010
23069
23011
23070
23012
23071
23013
23072
23014
23073
23015
23074
23016
23075
23017
23076
23018
23077
23019
23078
23020
23079
23021
23080
23022
23081
23023
23082
23024
23083
23025
23084
23026
23085
23027
23086
23028
23087
23029
23088
23030
23089
23031
23090
23032
23091
23033
23092
23034
23093
23035
23094
23036
23095
23037
23096
23038
23097
23039
23098
23099
42920
23041
23100
23042
23101
23043
23102
23044
23103
23045
23104
23046
23105
23047
23106
23048
23107
23049
23108
23050
23109
23051
23110
23052
23111
23053
23112
23054
23113
23055
23114
23056
23115
23057
23116
23058
23117
23059
23118
23060
23119
23061
23120
23062
23121
23063
23122
23064
23123
23065
23124
23066
23125
23067
23126
23068
23127
23069
23128
23070
23129
23071
23130
23072
23131
23073
23132
23074
23133
23075
23134
23076
23135
23077
23136
23078
23137
23079
23138
23080
23139
23081
23140
23082
23141
23083
23142
23084
23143
23085
23144
23086
23145
23087
23146
23088
23147
23089
23148
23090
23149
23091
23150
23092
23151
23093
23152
23094
23153
23095
23154
23096
23155
23097
23156
23098
23157
23099
23158
23159
43360
23101
23160
23102
23161
23103
23162
23104
23163
23105
23164
23106
23165
23107
23166
23108
23167
23109
23168
23110
23169
23111
23170
23112
23171
23113
23172
23114
23173
23115
23174
23116
23175
23117
23176
23118
23177
23119
23178
23120
23179
23121
23180
23122
23181
23123
23182
23124
23183
23125
23184
23126
23185
23127
23186
23128
23187
23129
23188
23130
23189
23131
23190
23132
23191
23133
23192
23134
23193
23135
23194
23136
23195
23137
23196
23138
23197
23139
23198
23140
23199
23141
23200
23142
23201
23143
23202
23144
23203
23145
23204
23146
23205
23147
23206
23148
23207
23149
23208
23150
23209
23151
23210
23152
23211
23153
23212
23154
23213
23155
23214
23156
23215
23157
23216
23158
23217
23159
23218
23219
43800
23161
23220
23162
23221
23163
23222
23164
23223
23165
23224
23166
23225
23167
23226
23168
23227
23169
23228
23170
23229
23171
23230
23172
23231
23173
23232
23174
23233
23175
23234
23176
23235
23177
23236
23178
23237
23179
23238
23180
23239
23181
23240
23182
23241
23183
23242
23184
23243
23185
23244
23186
23245
23187
23246
23188
23247
23189
23248
23190
23249
23191
23250
23192
23251
23193
23252
23194
23253
23195
23254
23196
23255
23197
23256
23198
23257
23199
23258
23200
23259
23201
23260
23202
23261
23203
23262
23204
23263
23205
23264
23206
23265
23207
23266
23208
23267
23209
23268
23210
23269
23211
23270
23212
23271
23213
23272
23214
23273
23215
23274
23216
23275
23217
23276
23218
23277
23219
23278
23279
44240
23221
23280
23222
23281
23223
23282
23224
23283
23225
23284
23226
23285
23227
23286
23228
23287
23229
23288
23230
23289
23231
23290
23232
23291
23233
23292
23234
23293
23235
23294
23236
23295
23237
23296
23238
23297
23239
23298
23240
23299
23241
23300
23242
23301
23243
23302
23244
23303
23245
23304
23246
23305
23247
23306
23248
23307
23249
23308
23250
23309
23251
23310
23252
23311
23253
23312
23254
23313
23255
23314
23256
23315
23257
23316
23258
23317
23259
23318
23260
23319
23261
23320
23262
23321
23263
23322
23264
23323
23265
23324
23266
23325
23267
23326
23268
23327
23269
23328
23270
23329
23271
23330
23272
23331
23273
23332
23274
23333
23275
23334
23276
23335
23277
23336
23278
23337
23279
23338
23339
44680
23281
23340
23282
23341
23283
23342
23284
23343
23285
23344
23286
23345
23287
23346
23288
23347
23289
23348
23290
23349
23291
23350
23292
23351
23293
23352
23294
23353
23295
23354
23296
23355
23297
23356
23298
23357
23299
23358
23300
23359
23301
23360
23302
23361
23303
23362
23304
23363
23305
23364
23306
23365
23307
23366
23308
23367
23309
23368
23310
23369
23311
23370
23312
23371
23313
23372
23314
23373
23315
23374
23316
23375
23317
23376
23318
23377
23319
23378
23320
23379
23321
23380
23322
23381
23323
23382
23324
23383
23325
23384
23326
23385
23327
23386
23328
23387
23329
23388
23330
23389
23331
23390
23332
23391
23333
23392
23334
23393
23335
23394
23336
23395
23337
23396
23338
23397
23339
23398
23399
45120
23341
23400
23342
23401
23343
23402
23344
23403
23345
23404
23346
23405
23347
23406
23348
23407
23349
23408
23350
23409
23351
23410
23352
23411
23353
23412
23354
23413
23355
23414
23356
23415
23357
23416
23358
23417
23359
23418
23360
23419
23361
23420
23362
23421
23363
23422
23364
23423
23365
23424
23366
23425
23367
23426
23368
23427
23369
23428
23370
23429
23371
23430
23372
23431
23373
23432
23374
23433
23375
23434
23376
23435
23377
23436
23378
23437
23379
23438
23380
23439
23381
23440
23382
23441
23383
23442
23384
23443
23385
23444
23386
23445
23387
23446
23388
23447
23389
23448
23390
23449
23391
23450
23392
23451
23393
23452
23394
23453
23395
23454
23396
23455
23397
23456
23398
23457
23399
23458
23459
45560
23401
23460
23402
23461
23403
23462
23404
23463
23405
23464
23406
23465
23407
23466
23408
23467
23409
23468
23410
23469
23411
23470
23412
23471
23413
23472
23414
23473
23415
23474
23416
23475
23417
23476
23418
23477
23419
23478
23420
23479
23421
23480
23422
23481
23423
23482
23424
23483
23425
23484
23426
23485
23427
23486
23428
23487
23429
23488
23430
23489
23431
23490
23432
23491
23433
23492
23434
23493
23435
23494
23436
23495
23437
23496
23438
23497
23439
23498
23440
23499
23441
23500
23442
23501
23443
23502
23444
23503
23445
23504
23446
23505
23447
23506
23448
23507
23449
23508
23450
23509
23451
23510
23452
23511
23453
23512
23454
23513
23455
23514
23456
23515
23457
23516
23458
23517
23459
23518
23519
46000
23461
23520
23462
23521
23463
23522
23464
23523
23465
23524
23466
23525
23467
23526
23468
23527
23469
23528
23470
23529
23471
23530
23472
23531
23473
23532
23474
23533
23475
23534
23476
23535
23477
23536
23478
23537
23479
23538
23480
23539
23481
23540
23482
23541
23483
23542
23484
23543
23485
23544
23486
23545
23487
23546
23488
23547
23489
23548
23490
23549
23491
23550
23492
23551
23493
23552
23494
23553
23495
23554
23496
23555
23497
23556
23498
23557
23499
23558
23500
23559
23501
23560
23502
23561
23503
23562
23504
23563
23505
23564
23506
23565
23507
23566
23508
23567
23509
23568
23510
23569
23511
23570
23512
23571
23513
23572
23514
23573
23515
23574
23516
23575
23517
23576
23518
23577
23519
23578
23579
46440
23521
23580
23522
23581
23523
23582
23524
23583
23525
23584
23526
23585
23527
23586
23528
23587
23529
23588
23530
23589
23531
23590
23532
23591
23533
23592
23534
23593
23535
23594
23536
23595
23537
23596
23538
23597
23539
23598
23540
23599
23541
23600
23542
23601
23543
23602
23544
23603
23545
23604
23546
23605
23547
23606
23548
23607
23549
23608
23550
23609
23551
23610
23552
23611
23553
23612
23554
23613
23555
23614
23556
23615
23557
23616
23558
23617
23559
23618
23560
23619
23561
23620
23562
23621
23563
23622
23564
23623
23565
23624
23566
23625
23567
23626
23568
23627
23569
23628
23570
23629
23571
23630
23572
23631
23573
23632
23574
23633
23575
23634
23576
23635
23577
23636
23578
23637
23579
23638
23639
46880
23581
23640
23582
23641
23583
23642
23584
23643
23585
23644
23586
23645
23587
23646
23588
23647
23589
23648
23590
23649
23591
23650
23592
23651
23593
23652
23594
23653
23595
23654
23596
23655
23597
23656
23598
23657
23599
23658
23600
23659
23601
23660
23602
23661
23603
23662
23604
23663
23605
23664
23606
23665
23607
23666
23608
23667
23609
23668
23610
23669
23611
23670
23612
23671
23613
23672
23614
23673
23615
23674
23616
23675
23617
23676
23618
23677
23619
23678
23620
23679
23621
23680
23622
23681
23623
23682
23624
23683
23625
23684
23626
23685
23627
23686
23628
23687
23629
23688
23630
23689
23631
23690
23632
23691
23633
23692
23634
23693
23635
23694
23636
23695
23637
23696
23638
23697
23639
23698
23699
47320
23641
23700
23642
23701
23643
23702
23644
23703
23645
23704
23646
23705
23647
23706
23648
23707
23649
23708
23650
23709
23651
23710
23652
23711
23653
23712
23654
23713
23655
23714
23656
23715
23657
23716
23658
23717
23659
23718
23660
23719
23661
23720
23662
23721
23663
23722
23664
23723
23665
23724
23666
23725
23667
23726
23668
23727
23669
23728
23670
23729
23671
23730
23672
23731
23673
23732
23674
23733
23675
23734
23676
23735
23677
23736
23678
23737
23679
23738
23680
23739
23681
23740
23682
23741
23683
23742
23684
23743
23685
23744
23686
23745
23687
23746
23688
23747
23689
23748
23690
23749
23691
23750
23692
23751
23693
23752
23694
23753
23695
23754
23696
23755
23697
23756
23698
23757
23699
23758
23759
47760
23701
23760
23702
23761
23703
23762
23704
23763
23705
23764
23706
23765
23707
23766
23708
23767
23709
23768
23710
23769
23711
23770
23712
23771
23713
23772
23714
23773
23715
23774
23716
23775
23717
23776
23718
23777
23719
23778
23720
23779
23721
23780
23722
23781
23723
23782
23724
23783
23725
23784
23726
23785
23727
23786
23728
23787
23729
23788
23730
23789
23731
23790
23732
23791
23733
23792
23734
23793
23735
23794
23736
23795
23737
23796
23738
23797
23739
23798
23740
23799
23741
23800
23742
23801
23743
23802
23744
23803
23745
23804
23746
23805
23747
23806
23748
23807
23749
23808
23750
23809
23751
23810
23752
23811
23753
23812
23754
23813
23755
23814
23756
23815
23757
23816
23758
23817
23759
23818
23819
48200
23761
23820
23762
23821
23763
23822
23764
23823
23765
23824
23766
23825
23767
23826
23768
23827
23769
23828
23770
23829
23771
23830
23772
23831
23773
23832
23774
23833
23775
23834
23776
23835
23777
23836
23778
23837
23779
23838
23780
23839
23781
23840
23782
23841
23783
23842
23784
23843
23785
23844
23786
23845
23787
23846
23788
23847
23789
23848
23790
23849
23791
23850
23792
23851
23793
23852
23794
23853
23795
23854
23796
23855
23797
23856
23798
23857
23799
23858
23800
23859
23801
23860
23802
23861
23803
23862
23804
23863
23805
23864
23806
23865
23807
23866
23808
23867
23809
23868
23810
23869
23811
23870
23812
23871
23813
23872
23814
23873
23815
23874
23816
23875
23817
23876
23818
23877
23819
23878
23879
48640
23821
23880
23822
23881
23823
23882
23824
23883
23825
23884
23826
23885
23827
23886
23828
23887
23829
23888
23830
23889
23831
23890
23832
23891
23833
23892
23834
23893
23835
23894
23836
23895
23837
23896
23838
23897
23839
23898
23840
23899
23841
23900
23842
23901
23843
23902
23844
23903
23845
23904
23846
23905
23847
23906
23848
23907
23849
23908
23850
23909
23851
23910
23852
23911
23853
23912
23854
23913
23855
23914
23856
23915
23857
23916
23858
23917
23859
23918
23860
23919
23861
23920
23862
23921
23863
23922
23864
23923
23865
23924
23866
23925
23867
23926
23868
23927
23869
23928
23870
23929
23871
23930
23872
23931
23873
23932
23874
23933
23875
23934
23876
23935
23877
23936
23878
23937
23879
23938
23939
49080
23881
23940
23882
23941
23883
23942
23884
23943
23885
23944
23886
23945
23887
23946
23888
23947
23889
23948
23890
23949
23891
23950
23892
23951
23893
23952
23894
23953
23895
23954
23896
23955
23897
23956
23898
23957
23899
23958
23900
23959
23901
23960
23902
23961
23903
23962
23904
23963
23905
23964
23906
23965
23907
23966
23908
23967
23909
23968
23910
23969
23911
23970
23912
23971
23913
23972
23914
23973
23915
23974
23916
23975
23917
23976
23918
23977
23919
23978
23920
23979
23921
23980
23922
23981
23923
23982
23924
23983
23925
23984
23926
23985
23927
23986
23928
23987
23929
23988
23930
23989
23931
23990
23932
23991
23933
23992
23934
23993
23935
23994
23936
23995
23937
23996
23938
23997
23939
23998
23999
49520
23941
23942
23943
23944
23945
23946
23947
23948
23949
23950
23951
23952
23953
23954
23955
23956
23957
23958
23959
23960
23961
23962
23963
23964
23965
23966
23967
23968
23969
23970
23971
23972
23973
23974
23975
23976
23977
23978
23979
23980
23981
23982
23983
23984
23985
23986
23987
23988
23989
23990
23991
23992
23993
23994
23995
23996
23997
23998
23999
49960
24001
24440
24002
24441
24003
24442
24004
24443
24005
24444
24006
24445
24007
24446
24008
24447
24009
24448
24010
24449
24011
24450
24012
24451
24013
24452
24014
24453
24015
24454
24016
24455
24017
24456
24018
24457
24019
24458
24020
24459
24021
24460
24022
24461
24023
24462
24024
24463
24025
24464
24026
24465
24027
24466
24028
24467
24029
24468
24030
24469
24031
24470
24032
24471
24033
24472
24034
24473
24035
24474
24036
24475
24037
24476
24038
24477
24039
24478
24040
24479
24041
24480
24042
24481
24043
24482
24044
24483
24045
24484
24046
24485
24047
24486
24048
24487
24049
24488
24050
24489
24051
24490
24052
24491
24053
24492
24054
24493
24055
24494
24056
24495
24057
24496
24058
24497
24059
24498
24060
24499
24061
24500
24062
24501
24063
24502
24064
24503
24065
24504
24066
24505
24067
24506
24068
24507
24069
24508
24070
24509
24071
24510
24072
24511
24073
24512
24074
24513
24075
24514
24076
24515
24077
24516
24078
24517
24079
24518
24080
24519
24081
24520
24082
24521
24083
24522
24084
24523
24085
24524
24086
24525
24087
24526
24088
24527
24089
24528
24090
24529
24091
24530
24092
24531
24093
24532
24094
24533
24095
24534
24096
24535
24097
24536
24098
24537
24099
24538
24100
24539
24101
24540
24102
24541
24103
24542
24104
24543
24105
24544
24106
24545
24107
24546
24108
24547
24109
24548
24110
24549
24111
24550
24112
24551
24113
24552
24114
24553
24115
24554
24116
24555
24117
24556
24118
24557
24119
24558
24120
24559
24121
24560
24122
24561
24123
24562
24124
24563
24125
24564
24126
24565
24127
24566
24128
24567
24129
24568
24130
24569
24131
24570
24132
24571
24133
24572
24134
24573
24135
24574
24136
24575
24137
24576
24138
24577
24139
24578
24140
24579
24141
24580
24142
24581
24143
24582
24144
24583
24145
24584
24146
24585
24147
24586
24148
24587
24149
24588
24150
24589
24151
24590
24152
24591
24153
24592
24154
24593
24155
24594
24156
24595
24157
24596
24158
24597
24159
24598
24160
24599
24161
24600
24162
24601
24163
24602
24164
24603
24165
24604
24166
24605
24167
24606
24168
24607
24169
24608
24170
24609
24171
24610
24172
24611
24173
24612
24174
24613
24175
24614
24176
24615
24177
24616
24178
24617
24179
24618
24180
24619
24181
24620
24182
24621
24183
24622
24184
24623
24185
24624
24186
24625
24187
24626
24188
24627
24189
24628
24190
24629
24191
24630
24192
24631
24193
24632
24194
24633
24195
24634
24196
24635
24197
24636
24198
24637
24199
24638
24200
24639
24201
24640
24202
24641
24203
24642
24204
24643
24205
24644
24206
24645
24207
24646
24208
24647
24209
24648
24210
24649
24211
24650
24212
24651
24213
24652
24214
24653
24215
24654
24216
24655
24217
24656
24218
24657
24219
24658
24220
24659
24221
24660
24222
24661
24223
24662
24224
24663
24225
24664
24226
24665
24227
24666
24228
24667
24229
24668
24230
24669
24231
24670
24232
24671
24233
24672
24234
24673
24235
24674
24236
24675
24237
24676
24238
24677
24239
24678
24240
24679
24241
24680
24242
24681
24243
24682
24244
24683
24245
24684
24246
24685
24247
24686
24248
24687
24249
24688
24250
24689
24251
24690
24252
24691
24253
24692
24254
24693
24255
24694
24256
24695
24257
24696
24258
24697
24259
24698
24260
24699
24261
24700
24262
24701
24263
24702
24264
24703
24265
24704
24266
24705
24267
24706
24268
24707
24269
24708
24270
24709
24271
24710
24272
24711
24273
24712
24274
24713
24275
24714
24276
24715
24277
24716
24278
24717
24279
24718
24280
24719
24281
24720
24282
24721
24283
24722
24284
24723
24285
24724
24286
24725
24287
24726
24288
24727
24289
24728
24290
24729
24291
24730
24292
24731
24293
24732
24294
24733
24295
24734
24296
24735
24297
24736
24298
24737
24299
24738
24300
24739
24301
24740
24302
24741
24303
24742
24304
24743
24305
24744
24306
24745
24307
24746
24308
24747
24309
24748
24310
24749
24311
24750
24312
24751
24313
24752
24314
24753
24315
24754
24316
24755
24317
24756
24318
24757
24319
24758
24320
24759
24321
24760
24322
24761
24323
24762
24324
24763
24325
24764
24326
24765
24327
24766
24328
24767
24329
24768
24330
24769
24331
24770
24332
24771
24333
24772
24334
24773
24335
24774
24336
24775
24337
24776
24338
24777
24339
24778
24340
24779
24341
24780
24342
24781
24343
24782
24344
24783
24345
24784
24346
24785
24347
24786
24348
24787
24349
24788
24350
24789
24351
24790
24352
24791
24353
24792
24354
24793
24355
24794
24356
24795
24357
24796
24358
24797
24359
24798
24360
24799
24361
24800
24362
24801
24363
24802
24364
24803
24365
24804
24366
24805
24367
24806
24368
24807
24369
24808
24370
24809
24371
24810
24372
24811
24373
24812
24374
24813
24375
24814
24376
24815
24377
24816
24378
24817
24379
24818
24380
24819
24381
24820
24382
24821
24383
24822
24384
24823
24385
24824
24386
24825
24387
24826
24388
24827
24389
24828
24390
24829
24391
24830
24392
24831
24393
24832
24394
24833
24395
24834
24396
24835
24397
24836
24398
24837
24399
24838
24400
24839
24401
24840
24402
24841
24403
24842
24404
24843
24405
24844
24406
24845
24407
24846
24408
24847
24409
24848
24410
24849
24411
24850
24412
24851
24413
24852
24414
24853
24415
24854
24416
24855
24417
24856
24418
24857
24419
24858
24420
24859
24421
24860
24422
24861
24423
24862
24424
24863
24425
24864
24426
24865
24427
24866
24428
24867
24429
24868
24430
24869
24431
24870
24432
24871
24433
24872
24434
24873
24435
24874
24436
24875
24437
24876
24438
24877
24439
24878
24879
24441
24880
24442
24881
24443
24882
24444
24883
24445
24884
24446
24885
24447
24886
24448
24887
24449
24888
24450
24889
24451
24890
24452
24891
24453
24892
24454
24893
24455
24894
24456
24895
24457
24896
24458
24897
24459
24898
24460
24899
24461
24900
24462
24901
24463
24902
24464
24903
24465
24904
24466
24905
24467
24906
24468
24907
24469
24908
24470
24909
24471
24910
24472
24911
24473
24912
24474
24913
24475
24914
24476
24915
24477
24916
24478
24917
24479
24918
24480
24919
24481
24920
24482
24921
24483
24922
24484
24923
24485
24924
24486
24925
24487
24926
24488
24927
24489
24928
24490
24929
24491
24930
24492
24931
24493
24932
24494
24933
24495
24934
24496
24935
24497
24936
24498
24937
24499
24938
24500
24939
24501
24940
24502
24941
24503
24942
24504
24943
24505
24944
24506
24945
24507
24946
24508
24947
24509
24948
24510
24949
24511
24950
24512
24951
24513
24952
24514
24953
24515
24954
24516
24955
24517
24956
24518
24957
24519
24958
24520
24959
24521
24960
24522
24961
24523
24962
24524
24963
24525
24964
24526
24965
24527
24966
24528
24967
24529
24968
24530
24969
24531
24970
24532
24971
24533
24972
24534
24973
24535
24974
24536
24975
24537
24976
24538
24977
24539
24978
24540
24979
24541
24980
24542
24981
24543
24982
24544
24983
24545
24984
24546
24985
24547
24986
24548
24987
24549
24988
24550
24989
24551
24990
24552
24991
24553
24992
24554
24993
24555
24994
24556
24995
24557
24996
24558
24997
24559
24998
24560
24999
24561
25000
24562
25001
24563
25002
24564
25003
24565
25004
24566
25005
24567
25006
24568
25007
24569
25008
24570
25009
24571
25010
24572
25011
24573
25012
24574
25013
24575
25014
24576
25015
24577
25016
24578
25017
24579
25018
24580
25019
24581
25020
24582
25021
24583
25022
24584
25023
24585
25024
24586
25025
24587
25026
24588
25027
24589
25028
24590
25029
24591
25030
24592
25031
24593
25032
24594
25033
24595
25034
24596
25035
24597
25036
24598
25037
24599
25038
24600
25039
24601
25040
24602
25041
24603
25042
24604
25043
24605
25044
24606
25045
24607
25046
24608
25047
24609
25048
24610
25049
24611
25050
24612
25051
24613
25052
24614
25053
24615
25054
24616
25055
24617
25056
24618
25057
24619
25058
24620
25059
24621
25060
24622
25061
24623
25062
24624
25063
24625
25064
24626
25065
24627
25066
24628
25067
24629
25068
24630
25069
24631
25070
24632
25071
24633
25072
24634
25073
24635
25074
24636
25075
24637
25076
24638
25077
24639
25078
24640
25079
24641
25080
24642
25081
24643
25082
24644
25083
24645
25084
24646
25085
24647
25086
24648
25087
24649
25088
24650
25089
24651
25090
24652
25091
24653
25092
24654
25093
24655
25094
24656
25095
24657
25096
24658
25097
24659
25098
24660
25099
24661
25100
24662
25101
24663
25102
24664
25103
24665
25104
24666
25105
24667
25106
24668
25107
24669
25108
24670
25109
24671
25110
24672
25111
24673
25112
24674
25113
24675
25114
24676
25115
24677
25116
24678
25117
24679
25118
24680
25119
24681
25120
24682
25121
24683
25122
24684
25123
24685
25124
24686
25125
24687
25126
24688
25127
24689
25128
24690
25129
24691
25130
24692
25131
24693
25132
24694
25133
24695
25134
24696
25135
24697
25136
24698
25137
24699
25138
24700
25139
24701
25140
24702
25141
24703
25142
24704
25143
24705
25144
24706
25145
24707
25146
24708
25147
24709
25148
24710
25149
24711
25150
24712
25151
24713
25152
24714
25153
24715
25154
24716
25155
24717
25156
24718
25157
24719
25158
24720
25159
24721
25160
24722
25161
24723
25162
24724
25163
24725
25164
24726
25165
24727
25166
24728
25167
24729
25168
24730
25169
24731
25170
24732
25171
24733
25172
24734
25173
24735
25174
24736
25175
24737
25176
24738
25177
24739
25178
24740
25179
24741
25180
24742
25181
24743
25182
24744
25183
24745
25184
24746
25185
24747
25186
24748
25187
24749
25188
24750
25189
24751
25190
24752
25191
24753
25192
24754
25193
24755
25194
24756
25195
24757
25196
24758
25197
24759
25198
24760
25199
24761
25200
24762
25201
24763
25202
24764
25203
24765
25204
24766
25205
24767
25206
24768
25207
24769
25208
24770
25209
24771
25210
24772
25211
24773
25212
24774
25213
24775
25214
24776
25215
24777
25216
24778
25217
24779
25218
24780
25219
24781
25220
24782
25221
24783
25222
24784
25223
24785
25224
24786
25225
24787
25226
24788
25227
24789
25228
24790
25229
24791
25230
24792
25231
24793
25232
24794
25233
24795
25234
24796
25235
24797
25236
24798
25237
24799
25238
24800
25239
24801
25240
24802
25241
24803
25242
24804
25243
24805
25244
24806
25245
24807
25246
24808
25247
24809
25248
24810
25249
24811
25250
24812
25251
24813
25252
24814
25253
24815
25254
24816
25255
24817
25256
24818
25257
24819
25258
24820
25259
24821
25260
24822
25261
24823
25262
24824
25263
24825
25264
24826
25265
24827
25266
24828
25267
24829
25268
24830
25269
24831
25270
24832
25271
24833
25272
24834
25273
24835
25274
24836
25275
24837
25276
24838
25277
24839
25278
24840
25279
24841
25280
24842
25281
24843
25282
24844
25283
24845
25284
24846
25285
24847
25286
24848
25287
24849
25288
24850
25289
24851
25290
24852
25291
24853
25292
24854
25293
24855
25294
24856
25295
24857
25296
24858
25297
24859
25298
24860
25299
24861
25300
24862
25301
24863
25302
24864
25303
24865
25304
24866
25305
24867
25306
24868
25307
24869
25308
24870
25309
24871
25310
24872
25311
24873
25312
24874
25313
24875
25314
24876
25315
24877
25316
24878
25317
24879
25318
25319
24881
25320
24882
25321
24883
25322
24884
25323
24885
25324
24886
25325
24887
25326
24888
25327
24889
25328
24890
25329
24891
25330
24892
25331
24893
25332
24894
25333
24895
25334
24896
25335
24897
25336
24898
25337
24899
25338
24900
25339
24901
25340
24902
25341
24903
25342
24904
25343
24905
25344
24906
25345
24907
25346
24908
25347
24909
25348
24910
25349
24911
25350
24912
25351
24913
25352
24914
25353
24915
25354
24916
25355
24917
25356
24918
25357
24919
25358
24920
25359
24921
25360
24922
25361
24923
25362
24924
25363
24925
25364
24926
25365
24927
25366
24928
25367
24929
25368
24930
25369
24931
25370
24932
25371
24933
25372
24934
25373
24935
25374
24936
25375
24937
25376
24938
25377
24939
25378
24940
25379
24941
25380
24942
25381
24943
25382
24944
25383
24945
25384
24946
25385
24947
25386
24948
25387
24949
25388
24950
25389
24951
25390
24952
25391
24953
25392
24954
25393
24955
25394
24956
25395
24957
25396
24958
25397
24959
25398
24960
25399
24961
25400
24962
25401
24963
25402
24964
25403
24965
25404
24966
25405
24967
25406
24968
25407
24969
25408
24970
25409
24971
25410
24972
25411
24973
25412
24974
25413
24975
25414
24976
25415
24977
25416
24978
25417
24979
25418
24980
25419
24981
25420
24982
25421
24983
25422
24984
25423
24985
25424
24986
25425
24987
25426
24988
25427
24989
25428
24990
25429
24991
25430
24992
25431
24993
25432
24994
25433
24995
25434
24996
25435
24997
25436
24998
25437
24999
25438
25000
25439
25001
25440
25002
25441
25003
25442
25004
25443
25005
25444
25006
25445
25007
25446
25008
25447
25009
25448
25010
25449
25011
25450
25012
25451
25013
25452
25014
25453
25015
25454
25016
25455
25017
25456
25018
25457
25019
25458
25020
25459
25021
25460
25022
25461
25023
25462
25024
25463
25025
25464
25026
25465
25027
25466
25028
25467
25029
25468
25030
25469
25031
25470
25032
25471
25033
25472
25034
25473
25035
25474
25036
25475
25037
25476
25038
25477
25039
25478
25040
25479
25041
25480
25042
25481
25043
25482
25044
25483
25045
25484
25046
25485
25047
25486
25048
25487
25049
25488
25050
25489
25051
25490
25052
25491
25053
25492
25054
25493
25055
25494
25056
25495
25057
25496
25058
25497
25059
25498
25060
25499
25061
25500
25062
25501
25063
25502
25064
25503
25065
25504
25066
25505
25067
25506
25068
25507
25069
25508
25070
25509
25071
25510
25072
25511
25073
25512
25074
25513
25075
25514
25076
25515
25077
25516
25078
25517
25079
25518
25080
25519
25081
25520
25082
25521
25083
25522
25084
25523
25085
25524
25086
25525
25087
25526
25088
25527
25089
25528
25090
25529
25091
25530
25092
25531
25093
25532
25094
25533
25095
25534
25096
25535
25097
25536
25098
25537
25099
25538
25100
25539
25101
25540
25102
25541
25103
25542
25104
25543
25105
25544
25106
25545
25107
25546
25108
25547
25109
25548
25110
25549
25111
25550
25112
25551
25113
25552
25114
25553
25115
25554
25116
25555
25117
25556
25118
25557
25119
25558
25120
25559
25121
25560
25122
25561
25123
25562
25124
25563
25125
25564
25126
25565
25127
25566
25128
25567
25129
25568
25130
25569
25131
25570
25132
25571
25133
25572
25134
25573
25135
25574
25136
25575
25137
25576
25138
25577
25139
25578
25140
25579
25141
25580
25142
25581
25143
25582
25144
25583
25145
25584
25146
25585
25147
25586
25148
25587
25149
25588
25150
25589
25151
25590
25152
25591
25153
25592
25154
25593
25155
25594
25156
25595
25157
25596
25158
25597
25159
25598
25160
25599
25161
25600
25162
25601
25163
25602
25164
25603
25165
25604
25166
25605
25167
25606
25168
25607
25169
25608
25170
25609
25171
25610
25172
25611
25173
25612
25174
25613
25175
25614
25176
25615
25177
25616
25178
25617
25179
25618
25180
25619
25181
25620
25182
25621
25183
25622
25184
25623
25185
25624
25186
25625
25187
25626
25188
25627
25189
25628
25190
25629
25191
25630
25192
25631
25193
25632
25194
25633
25195
25634
25196
25635
25197
25636
25198
25637
25199
25638
25200
25639
25201
25640
25202
25641
25203
25642
25204
25643
25205
25644
25206
25645
25207
25646
25208
25647
25209
25648
25210
25649
25211
25650
25212
25651
25213
25652
25214
25653
25215
25654
25216
25655
25217
25656
25218
25657
25219
25658
25220
25659
25221
25660
25222
25661
25223
25662
25224
25663
25225
25664
25226
25665
25227
25666
25228
25667
25229
25668
25230
25669
25231
25670
25232
25671
25233
25672
25234
25673
25235
25674
25236
25675
25237
25676
25238
25677
25239
25678
25240
25679
25241
25680
25242
25681
25243
25682
25244
25683
25245
25684
25246
25685
25247
25686
25248
25687
25249
25688
25250
25689
25251
25690
25252
25691
25253
25692
25254
25693
25255
25694
25256
25695
25257
25696
25258
25697
25259
25698
25260
25699
25261
25700
25262
25701
25263
25702
25264
25703
25265
25704
25266
25705
25267
25706
25268
25707
25269
25708
25270
25709
25271
25710
25272
25711
25273
25712
25274
25713
25275
25714
25276
25715
25277
25716
25278
25717
25279
25718
25280
25719
25281
25720
25282
25721
25283
25722
25284
25723
25285
25724
25286
25725
25287
25726
25288
25727
25289
25728
25290
25729
25291
25730
25292
25731
25293
25732
25294
25733
25295
25734
25296
25735
25297
25736
25298
25737
25299
25738
25300
25739
25301
25740
25302
25741
25303
25742
25304
25743
25305
25744
25306
25745
25307
25746
25308
25747
25309
25748
25310
25749
25311
25750
25312
25751
25313
25752
25314
25753
25315
25754
25316
25755
25317
25756
25318
25757
25319
25758
25759
25321
25760
25322
25761
25323
25762
25324
25763
25325
25764
25326
25765
25327
25766
25328
25767
25329
25768
25330
25769
25331
25770
25332
25771
25333
25772
25334
25773
25335
25774
25336
25775
25337
25776
25338
25777
25339
25778
25340
25779
25341
25780
25342
25781
25343
25782
25344
25783
25345
25784
25346
25785
25347
25786
25348
25787
25349
25788
25350
25789
25351
25790
25352
25791
25353
25792
25354
25793
25355
25794
25356
25795
25357
25796
25358
25797
25359
25798
25360
25799
25361
25800
25362
25801
25363
25802
25364
25803
25365
25804
25366
25805
25367
25806
25368
25807
25369
25808
25370
25809
25371
25810
25372
25811
25373
25812
25374
25813
25375
25814
25376
25815
25377
25816
25378
25817
25379
25818
25380
25819
25381
25820
25382
25821
25383
25822
25384
25823
25385
25824
25386
25825
25387
25826
25388
25827
25389
25828
25390
25829
25391
25830
25392
25831
25393
25832
25394
25833
25395
25834
25396
25835
25397
25836
25398
25837
25399
25838
25400
25839
25401
25840
25402
25841
25403
25842
25404
25843
25405
25844
25406
25845
25407
25846
25408
25847
25409
25848
25410
25849
25411
25850
25412
25851
25413
25852
25414
25853
25415
25854
25416
25855
25417
25856
25418
25857
25419
25858
25420
25859
25421
25860
25422
25861
25423
25862
25424
25863
25425
25864
25426
25865
25427
25866
25428
25867
25429
25868
25430
25869
25431
25870
25432
25871
25433
25872
25434
25873
25435
25874
25436
25875
25437
25876
25438
25877
25439
25878
25440
25879
25441
25880
25442
25881
25443
25882
25444
25883
25445
25884
25446
25885
25447
25886
25448
25887
25449
25888
25450
25889
25451
25890
25452
25891
25453
25892
25454
25893
25455
25894
25456
25895
25457
25896
25458
25897
25459
25898
25460
25899
25461
25900
25462
25901
25463
25902
25464
25903
25465
25904
25466
25905
25467
25906
25468
25907
25469
25908
25470
25909
25471
25910
25472
25911
25473
25912
25474
25913
25475
25914
25476
25915
25477
25916
25478
25917
25479
25918
25480
25919
25481
25920
25482
25921
25483
25922
25484
25923
25485
25924
25486
25925
25487
25926
25488
25927
25489
25928
25490
25929
25491
25930
25492
25931
25493
25932
25494
25933
25495
25934
25496
25935
25497
25936
25498
25937
25499
25938
25500
25939
25501
25940
25502
25941
25503
25942
25504
25943
25505
25944
25506
25945
25507
25946
25508
25947
25509
25948
25510
25949
25511
25950
25512
25951
25513
25952
25514
25953
25515
25954
25516
25955
25517
25956
25518
25957
25519
25958
25520
25959
25521
25960
25522
25961
25523
25962
25524
25963
25525
25964
25526
25965
25527
25966
25528
25967
25529
25968
25530
25969
25531
25970
25532
25971
25533
25972
25534
25973
25535
25974
25536
25975
25537
25976
25538
25977
25539
25978
25540
25979
25541
25980
25542
25981
25543
25982
25544
25983
25545
25984
25546
25985
25547
25986
25548
25987
25549
25988
25550
25989
25551
25990
25552
25991
25553
25992
25554
25993
25555
25994
25556
25995
25557
25996
25558
25997
25559
25998
25560
25999
25561
26000
25562
26001
25563
26002
25564
26003
25565
26004
25566
26005
25567
26006
25568
26007
25569
26008
25570
26009
25571
26010
25572
26011
25573
26012
25574
26013
25575
26014
25576
26015
25577
26016
25578
26017
25579
26018
25580
26019
25581
26020
25582
26021
25583
26022
25584
26023
25585
26024
25586
26025
25587
26026
25588
26027
25589
26028
25590
26029
25591
26030
25592
26031
25593
26032
25594
26033
25595
26034
25596
26035
25597
26036
25598
26037
25599
26038
25600
26039
25601
26040
25602
26041
25603
26042
25604
26043
25605
26044
25606
26045
25607
26046
25608
26047
25609
26048
25610
26049
25611
26050
25612
26051
25613
26052
25614
26053
25615
26054
25616
26055
25617
26056
25618
26057
25619
26058
25620
26059
25621
26060
25622
26061
25623
26062
25624
26063
25625
26064
25626
26065
25627
26066
25628
26067
25629
26068
25630
26069
25631
26070
25632
26071
25633
26072
25634
26073
25635
26074
25636
26075
25637
26076
25638
26077
25639
26078
25640
26079
25641
26080
25642
26081
25643
26082
25644
26083
25645
26084
25646
26085
25647
26086
25648
26087
25649
26088
25650
26089
25651
26090
25652
26091
25653
26092
25654
26093
25655
26094
25656
26095
25657
26096
25658
26097
25659
26098
25660
26099
25661
26100
25662
26101
25663
26102
25664
26103
25665
26104
25666
26105
25667
26106
25668
26107
25669
26108
25670
26109
25671
26110
25672
26111
25673
26112
25674
26113
25675
26114
25676
26115
25677
26116
25678
26117
25679
26118
25680
26119
25681
26120
25682
26121
25683
26122
25684
26123
25685
26124
25686
26125
25687
26126
25688
26127
25689
26128
25690
26129
25691
26130
25692
26131
25693
26132
25694
26133
25695
26134
25696
26135
25697
26136
25698
26137
25699
26138
25700
26139
25701
26140
25702
26141
25703
26142
25704
26143
25705
26144
25706
26145
25707
26146
25708
26147
25709
26148
25710
26149
25711
26150
25712
26151
25713
26152
25714
26153
25715
26154
25716
26155
25717
26156
25718
26157
25719
26158
25720
26159
25721
26160
25722
26161
25723
26162
25724
26163
25725
26164
25726
26165
25727
26166
25728
26167
25729
26168
25730
26169
25731
26170
25732
26171
25733
26172
25734
26173
25735
26174
25736
26175
25737
26176
25738
26177
25739
26178
25740
26179
25741
26180
25742
26181
25743
26182
25744
26183
25745
26184
25746
26185
25747
26186
25748
26187
25749
26188
25750
26189
25751
26190
25752
26191
25753
26192
25754
26193
25755
26194
25756
26195
25757
26196
25758
26197
25759
26198
26199
25761
26200
25762
26201
25763
26202
25764
26203
25765
26204
25766
26205
25767
26206
25768
26207
25769
26208
25770
26209
25771
26210
25772
26211
25773
26212
25774
26213
25775
26214
25776
26215
25777
26216
25778
26217
25779
26218
25780
26219
25781
26220
25782
26221
25783
26222
25784
26223
25785
26224
25786
26225
25787
26226
25788
26227
25789
26228
25790
26229
25791
26230
25792
26231
25793
26232
25794
26233
25795
26234
25796
26235
25797
26236
25798
26237
25799
26238
25800
26239
25801
26240
25802
26241
25803
26242
25804
26243
25805
26244
25806
26245
25807
26246
25808
26247
25809
26248
25810
26249
25811
26250
25812
26251
25813
26252
25814
26253
25815
26254
25816
26255
25817
26256
25818
26257
25819
26258
25820
26259
25821
26260
25822
26261
25823
26262
25824
26263
25825
26264
25826
26265
25827
26266
25828
26267
25829
26268
25830
26269
25831
26270
25832
26271
25833
26272
25834
26273
25835
26274
25836
26275
25837
26276
25838
26277
25839
26278
25840
26279
25841
26280
25842
26281
25843
26282
25844
26283
25845
26284
25846
26285
25847
26286
25848
26287
25849
26288
25850
26289
25851
26290
25852
26291
25853
26292
25854
26293
25855
26294
25856
26295
25857
26296
25858
26297
25859
26298
25860
26299
25861
26300
25862
26301
25863
26302
25864
26303
25865
26304
25866
26305
25867
26306
25868
26307
25869
26308
25870
26309
25871
26310
25872
26311
25873
26312
25874
26313
25875
26314
25876
26315
25877
26316
25878
26317
25879
26318
25880
26319
25881
26320
25882
26321
25883
26322
25884
26323
25885
26324
25886
26325
25887
26326
25888
26327
25889
26328
25890
26329
25891
26330
25892
26331
25893
26332
25894
26333
25895
26334
25896
26335
25897
26336
25898
26337
25899
26338
25900
26339
25901
26340
25902
26341
25903
26342
25904
26343
25905
26344
25906
26345
25907
26346
25908
26347
25909
26348
25910
26349
25911
26350
25912
26351
25913
26352
25914
26353
25915
26354
25916
26355
25917
26356
25918
26357
25919
26358
25920
26359
25921
26360
25922
26361
25923
26362
25924
26363
25925
26364
25926
26365
25927
26366
25928
26367
25929
26368
25930
26369
25931
26370
25932
26371
25933
26372
25934
26373
25935
26374
25936
26375
25937
26376
25938
26377
25939
26378
25940
26379
25941
26380
25942
26381
25943
26382
25944
26383
25945
26384
25946
26385
25947
26386
25948
26387
25949
26388
25950
26389
25951
26390
25952
26391
25953
26392
25954
26393
25955
26394
25956
26395
25957
26396
25958
26397
25959
26398
25960
26399
25961
26400
25962
26401
25963
26402
25964
26403
25965
26404
25966
26405
25967
26406
25968
26407
25969
26408
25970
26409
25971
26410
25972
26411
25973
26412
25974
26413
25975
26414
25976
26415
25977
26416
25978
26417
25979
26418
25980
26419
25981
26420
25982
26421
25983
26422
25984
26423
25985
26424
25986
26425
25987
26426
25988
26427
25989
26428
25990
26429
25991
26430
25992
26431
25993
26432
25994
26433
25995
26434
25996
26435
25997
26436
25998
26437
25999
26438
26000
26439
26001
26440
26002
26441
26003
26442
26004
26443
26005
26444
26006
26445
26007
26446
26008
26447
26009
26448
26010
26449
26011
26450
26012
26451
26013
26452
26014
26453
26015
26454
26016
26455
26017
26456
26018
26457
26019
26458
26020
26459
26021
26460
26022
26461
26023
26462
26024
26463
26025
26464
26026
26465
26027
26466
26028
26467
26029
26468
26030
26469
26031
26470
26032
26471
26033
26472
26034
26473
26035
26474
26036
26475
26037
26476
26038
26477
26039
26478
26040
26479
26041
26480
26042
26481
26043
26482
26044
26483
26045
26484
26046
26485
26047
26486
26048
26487
26049
26488
26050
26489
26051
26490
26052
26491
26053
26492
26054
26493
26055
26494
26056
26495
26057
26496
26058
26497
26059
26498
26060
26499
26061
26500
26062
26501
26063
26502
26064
26503
26065
26504
26066
26505
26067
26506
26068
26507
26069
26508
26070
26509
26071
26510
26072
26511
26073
26512
26074
26513
26075
26514
26076
26515
26077
26516
26078
26517
26079
26518
26080
26519
26081
26520
26082
26521
26083
26522
26084
26523
26085
26524
26086
26525
26087
26526
26088
26527
26089
26528
26090
26529
26091
26530
26092
26531
26093
26532
26094
26533
26095
26534
26096
26535
26097
26536
26098
26537
26099
26538
26100
26539
26101
26540
26102
26541
26103
26542
26104
26543
26105
26544
26106
26545
26107
26546
26108
26547
26109
26548
26110
26549
26111
26550
26112
26551
26113
26552
26114
26553
26115
26554
26116
26555
26117
26556
26118
26557
26119
26558
26120
26559
26121
26560
26122
26561
26123
26562
26124
26563
26125
26564
26126
26565
26127
26566
26128
26567
26129
26568
26130
26569
26131
26570
26132
26571
26133
26572
26134
26573
26135
26574
26136
26575
26137
26576
26138
26577
26139
26578
26140
26579
26141
26580
26142
26581
26143
26582
26144
26583
26145
26584
26146
26585
26147
26586
26148
26587
26149
26588
26150
26589
26151
26590
26152
26591
26153
26592
26154
26593
26155
26594
26156
26595
26157
26596
26158
26597
26159
26598
26160
26599
26161
26600
26162
26601
26163
26602
26164
26603
26165
26604
26166
26605
26167
26606
26168
26607
26169
26608
26170
26609
26171
26610
26172
26611
26173
26612
26174
26613
26175
26614
26176
26615
26177
26616
26178
26617
26179
26618
26180
26619
26181
26620
26182
26621
26183
26622
26184
26623
26185
26624
26186
26625
26187
26626
26188
26627
26189
26628
26190
26629
26191
26630
26192
26631
26193
26632
26194
26633
26195
26634
26196
26635
26197
26636
26198
26637
26199
26638
26639
26201
26640
26202
26641
26203
26642
26204
26643
26205
26644
26206
26645
26207
26646
26208
26647
26209
26648
26210
26649
26211
26650
26212
26651
26213
26652
26214
26653
26215
26654
26216
26655
26217
26656
26218
26657
26219
26658
26220
26659
26221
26660
26222
26661
26223
26662
26224
26663
26225
26664
26226
26665
26227
26666
26228
26667
26229
26668
26230
26669
26231
26670
26232
26671
26233
26672
26234
26673
26235
26674
26236
26675
26237
26676
26238
26677
26239
26678
26240
26679
26241
26680
26242
26681
26243
26682
26244
26683
26245
26684
26246
26685
26247
26686
26248
26687
26249
26688
26250
26689
26251
26690
26252
26691
26253
26692
26254
26693
26255
26694
26256
26695
26257
26696
26258
26697
26259
26698
26260
26699
26261
26700
26262
26701
26263
26702
26264
26703
26265
26704
26266
26705
26267
26706
26268
26707
26269
26708
26270
26709
26271
26710
26272
26711
26273
26712
26274
26713
26275
26714
26276
26715
26277
26716
26278
26717
26279
26718
26280
26719
26281
26720
26282
26721
26283
26722
26284
26723
26285
26724
26286
26725
26287
26726
26288
26727
26289
26728
26290
26729
26291
26730
26292
26731
26293
26732
26294
26733
26295
26734
26296
26735
26297
26736
26298
26737
26299
26738
26300
26739
26301
26740
26302
26741
26303
26742
26304
26743
26305
26744
26306
26745
26307
26746
26308
26747
26309
26748
26310
26749
26311
26750
26312
26751
26313
26752
26314
26753
26315
26754
26316
26755
26317
26756
26318
26757
26319
26758
26320
26759
26321
26760
26322
26761
26323
26762
26324
26763
26325
26764
26326
26765
26327
26766
26328
26767
26329
26768
26330
26769
26331
26770
26332
26771
26333
26772
26334
26773
26335
26774
26336
26775
26337
26776
26338
26777
26339
26778
26340
26779
26341
26780
26342
26781
26343
26782
26344
26783
26345
26784
26346
26785
26347
26786
26348
26787
26349
26788
26350
26789
26351
26790
26352
26791
26353
26792
26354
26793
26355
26794
26356
26795
26357
26796
26358
26797
26359
26798
26360
26799
26361
26800
26362
26801
26363
26802
26364
26803
26365
26804
26366
26805
26367
26806
26368
26807
26369
26808
26370
26809
26371
26810
26372
26811
26373
26812
26374
26813
26375
26814
26376
26815
26377
26816
26378
26817
26379
26818
26380
26819
26381
26820
26382
26821
26383
26822
26384
26823
26385
26824
26386
26825
26387
26826
26388
26827
26389
26828
26390
26829
26391
26830
26392
26831
26393
26832
26394
26833
26395
26834
26396
26835
26397
26836
26398
26837
26399
26838
26400
26839
26401
26840
26402
26841
26403
26842
26404
26843
26405
26844
26406
26845
26407
26846
26408
26847
26409
26848
26410
26849
26411
26850
26412
26851
26413
26852
26414
26853
26415
26854
26416
26855
26417
26856
26418
26857
26419
26858
26420
26859
26421
26860
26422
26861
26423
26862
26424
26863
26425
26864
26426
26865
26427
26866
26428
26867
26429
26868
26430
26869
26431
26870
26432
26871
26433
26872
26434
26873
26435
26874
26436
26875
26437
26876
26438
26877
26439
26878
26440
26879
26441
26880
26442
26881
26443
26882
26444
26883
26445
26884
26446
26885
26447
26886
26448
26887
26449
26888
26450
26889
26451
26890
26452
26891
26453
26892
26454
26893
26455
26894
26456
26895
26457
26896
26458
26897
26459
26898
26460
26899
26461
26900
26462
26901
26463
26902
26464
26903
26465
26904
26466
26905
26467
26906
26468
26907
26469
26908
26470
26909
26471
26910
26472
26911
26473
26912
26474
26913
26475
26914
26476
26915
26477
26916
26478
26917
26479
26918
26480
26919
26481
26920
26482
26921
26483
26922
26484
26923
26485
26924
26486
26925
26487
26926
26488
26927
26489
26928
26490
26929
26491
26930
26492
26931
26493
26932
26494
26933
26495
26934
26496
26935
26497
26936
26498
26937
26499
26938
26500
26939
26501
26940
26502
26941
26503
26942
26504
26943
26505
26944
26506
26945
26507
26946
26508
26947
26509
26948
26510
26949
26511
26950
26512
26951
26513
26952
26514
26953
26515
26954
26516
26955
26517
26956
26518
26957
26519
26958
26520
26959
26521
26960
26522
26961
26523
26962
26524
26963
26525
26964
26526
26965
26527
26966
26528
26967
26529
26968
26530
26969
26531
26970
26532
26971
26533
26972
26534
26973
26535
26974
26536
26975
26537
26976
26538
26977
26539
26978
26540
26979
26541
26980
26542
26981
26543
26982
26544
26983
26545
26984
26546
26985
26547
26986
26548
26987
26549
26988
26550
26989
26551
26990
26552
26991
26553
26992
26554
26993
26555
26994
26556
26995
26557
26996
26558
26997
26559
26998
26560
26999
26561
27000
26562
27001
26563
27002
26564
27003
26565
27004
26566
27005
26567
27006
26568
27007
26569
27008
26570
27009
26571
27010
26572
27011
26573
27012
26574
27013
26575
27014
26576
27015
26577
27016
26578
27017
26579
27018
26580
27019
26581
27020
26582
27021
26583
27022
26584
27023
26585
27024
26586
27025
26587
27026
26588
27027
26589
27028
26590
27029
26591
27030
26592
27031
26593
27032
26594
27033
26595
27034
26596
27035
26597
27036
26598
27037
26599
27038
26600
27039
26601
27040
26602
27041
26603
27042
26604
27043
26605
27044
26606
27045
26607
27046
26608
27047
26609
27048
26610
27049
26611
27050
26612
27051
26613
27052
26614
27053
26615
27054
26616
27055
26617
27056
26618
27057
26619
27058
26620
27059
26621
27060
26622
27061
26623
27062
26624
27063
26625
27064
26626
27065
26627
27066
26628
27067
26629
27068
26630
27069
26631
27070
26632
27071
26633
27072
26634
27073
26635
27074
26636
27075
26637
27076
26638
27077
26639
27078
27079
26641
27080
26642
27081
26643
27082
26644
27083
26645
27084
26646
27085
26647
27086
26648
27087
26649
27088
26650
27089
26651
27090
26652
27091
26653
27092
26654
27093
26655
27094
26656
27095
26657
27096
26658
27097
26659
27098
26660
27099
26661
27100
26662
27101
26663
27102
26664
27103
26665
27104
26666
27105
26667
27106
26668
27107
26669
27108
26670
27109
26671
27110
26672
27111
26673
27112
26674
27113
26675
27114
26676
27115
26677
27116
26678
27117
26679
27118
26680
27119
26681
27120
26682
27121
26683
27122
26684
27123
26685
27124
26686
27125
26687
27126
26688
27127
26689
27128
26690
27129
26691
27130
26692
27131
26693
27132
26694
27133
26695
27134
26696
27135
26697
27136
26698
27137
26699
27138
26700
27139
26701
27140
26702
27141
26703
27142
26704
27143
26705
27144
26706
27145
26707
27146
26708
27147
26709
27148
26710
27149
26711
27150
26712
27151
26713
27152
26714
27153
26715
27154
26716
27155
26717
27156
26718
27157
26719
27158
26720
27159
26721
27160
26722
27161
26723
27162
26724
27163
26725
27164
26726
27165
26727
27166
26728
27167
26729
27168
26730
27169
26731
27170
26732
27171
26733
27172
26734
27173
26735
27174
26736
27175
26737
27176
26738
27177
26739
27178
26740
27179
26741
27180
26742
27181
26743
27182
26744
27183
26745
27184
26746
27185
26747
27186
26748
27187
26749
27188
26750
27189
26751
27190
26752
27191
26753
27192
26754
27193
26755
27194
26756
27195
26757
27196
26758
27197
26759
27198
26760
27199
26761
27200
26762
27201
26763
27202
26764
27203
26765
27204
26766
27205
26767
27206
26768
27207
26769
27208
26770
27209
26771
27210
26772
27211
26773
27212
26774
27213
26775
27214
26776
27215
26777
27216
26778
27217
26779
27218
26780
27219
26781
27220
26782
27221
26783
27222
26784
27223
26785
27224
26786
27225
26787
27226
26788
27227
26789
27228
26790
27229
26791
27230
26792
27231
26793
27232
26794
27233
26795
27234
26796
27235
26797
27236
26798
27237
26799
27238
26800
27239
26801
27240
26802
27241
26803
27242
26804
27243
26805
27244
26806
27245
26807
27246
26808
27247
26809
27248
26810
27249
26811
27250
26812
27251
26813
27252
26814
27253
26815
27254
26816
27255
26817
27256
26818
27257
26819
27258
26820
27259
26821
27260
26822
27261
26823
27262
26824
27263
26825
27264
26826
27265
26827
27266
26828
27267
26829
27268
26830
27269
26831
27270
26832
27271
26833
27272
26834
27273
26835
27274
26836
27275
26837
27276
26838
27277
26839
27278
26840
27279
26841
27280
26842
27281
26843
27282
26844
27283
26845
27284
26846
27285
26847
27286
26848
27287
26849
27288
26850
27289
26851
27290
26852
27291
26853
27292
26854
27293
26855
27294
26856
27295
26857
27296
26858
27297
26859
27298
26860
27299
26861
27300
26862
27301
26863
27302
26864
27303
26865
27304
26866
27305
26867
27306
26868
27307
26869
27308
26870
27309
26871
27310
26872
27311
26873
27312
26874
27313
26875
27314
26876
27315
26877
27316
26878
27317
26879
27318
26880
27319
26881
27320
26882
27321
26883
27322
26884
27323
26885
27324
26886
27325
26887
27326
26888
27327
26889
27328
26890
27329
26891
27330
26892
27331
26893
27332
26894
27333
26895
27334
26896
27335
26897
27336
26898
27337
26899
27338
26900
27339
26901
27340
26902
27341
26903
27342
26904
27343
26905
27344
26906
27345
26907
27346
26908
27347
26909
27348
26910
27349
26911
27350
26912
27351
26913
27352
26914
27353
26915
27354
26916
27355
26917
27356
26918
27357
26919
27358
26920
27359
26921
27360
26922
27361
26923
27362
26924
27363
26925
27364
26926
27365
26927
27366
26928
27367
26929
27368
26930
27369
26931
27370
26932
27371
26933
27372
26934
27373
26935
27374
26936
27375
26937
27376
26938
27377
26939
27378
26940
27379
26941
27380
26942
27381
26943
27382
26944
27383
26945
27384
26946
27385
26947
27386
26948
27387
26949
27388
26950
27389
26951
27390
26952
27391
26953
27392
26954
27393
26955
27394
26956
27395
26957
27396
26958
27397
26959
27398
26960
27399
26961
27400
26962
27401
26963
27402
26964
27403
26965
27404
26966
27405
26967
27406
26968
27407
26969
27408
26970
27409
26971
27410
26972
27411
26973
27412
26974
27413
26975
27414
26976
27415
26977
27416
26978
27417
26979
27418
26980
27419
26981
27420
26982
27421
26983
27422
26984
27423
26985
27424
26986
27425
26987
27426
26988
27427
26989
27428
26990
27429
26991
27430
26992
27431
26993
27432
26994
27433
26995
27434
26996
27435
26997
27436
26998
27437
26999
27438
27000
27439
27001
27440
27002
27441
27003
27442
27004
27443
27005
27444
27006
27445
27007
27446
27008
27447
27009
27448
27010
27449
27011
27450
27012
27451
27013
27452
27014
27453
27015
27454
27016
27455
27017
27456
27018
27457
27019
27458
27020
27459
27021
27460
27022
27461
27023
27462
27024
27463
27025
27464
27026
27465
27027
27466
27028
27467
27029
27468
27030
27469
27031
27470
27032
27471
27033
27472
27034
27473
27035
27474
27036
27475
27037
27476
27038
27477
27039
27478
27040
27479
27041
27480
27042
27481
27043
27482
27044
27483
27045
27484
27046
27485
27047
27486
27048
27487
27049
27488
27050
27489
27051
27490
27052
27491
27053
27492
27054
27493
27055
27494
27056
27495
27057
27496
27058
27497
27059
27498
27060
27499
27061
27500
27062
27501
27063
27502
27064
27503
27065
27504
27066
27505
27067
27506
27068
27507
27069
27508
27070
27509
27071
27510
27072
27511
27073
27512
27074
27513
27075
27514
27076
27515
27077
27516
27078
27517
27079
27518
27519
27081
27520
27082
27521
27083
27522
27084
27523
27085
27524
27086
27525
27087
27526
27088
27527
27089
27528
27090
27529
27091
27530
27092
27531
27093
27532
27094
27533
27095
27534
27096
27535
27097
27536
27098
27537
27099
27538
27100
27539
27101
27540
27102
27541
27103
27542
27104
27543
27105
27544
27106
27545
27107
27546
27108
27547
27109
27548
27110
27549
27111
27550
27112
27551
27113
27552
27114
27553
27115
27554
27116
27555
27117
27556
27118
27557
27119
27558
27120
27559
27121
27560
27122
27561
27123
27562
27124
27563
27125
27564
27126
27565
27127
27566
27128
27567
27129
27568
27130
27569
27131
27570
27132
27571
27133
27572
27134
27573
27135
27574
27136
27575
27137
27576
27138
27577
27139
27578
27140
27579
27141
27580
27142
27581
27143
27582
27144
27583
27145
27584
27146
27585
27147
27586
27148
27587
27149
27588
27150
27589
27151
27590
27152
27591
27153
27592
27154
27593
27155
27594
27156
27595
27157
27596
27158
27597
27159
27598
27160
27599
27161
27600
27162
27601
27163
27602
27164
27603
27165
27604
27166
27605
27167
27606
27168
27607
27169
27608
27170
27609
27171
27610
27172
27611
27173
27612
27174
27613
27175
27614
27176
27615
27177
27616
27178
27617
27179
27618
27180
27619
27181
27620
27182
27621
27183
27622
27184
27623
27185
27624
27186
27625
27187
27626
27188
27627
27189
27628
27190
27629
27191
27630
27192
27631
27193
27632
27194
27633
27195
27634
27196
27635
27197
27636
27198
27637
27199
27638
27200
27639
27201
27640
27202
27641
27203
27642
27204
27643
27205
27644
27206
27645
27207
27646
27208
27647
27209
27648
27210
27649
27211
27650
27212
27651
27213
27652
27214
27653
27215
27654
27216
27655
27217
27656
27218
27657
27219
27658
27220
27659
27221
27660
27222
27661
27223
27662
27224
27663
27225
27664
27226
27665
27227
27666
27228
27667
27229
27668
27230
27669
27231
27670
27232
27671
27233
27672
27234
27673
27235
27674
27236
27675
27237
27676
27238
27677
27239
27678
27240
27679
27241
27680
27242
27681
27243
27682
27244
27683
27245
27684
27246
27685
27247
27686
27248
27687
27249
27688
27250
27689
27251
27690
27252
27691
27253
27692
27254
27693
27255
27694
27256
27695
27257
27696
27258
27697
27259
27698
27260
27699
27261
27700
27262
27701
27263
27702
27264
27703
27265
27704
27266
27705
27267
27706
27268
27707
27269
27708
27270
27709
27271
27710
27272
27711
27273
27712
27274
27713
27275
27714
27276
27715
27277
27716
27278
27717
27279
27718
27280
27719
27281
27720
27282
27721
27283
27722
27284
27723
27285
27724
27286
27725
27287
27726
27288
27727
27289
27728
27290
27729
27291
27730
27292
27731
27293
27732
27294
27733
27295
27734
27296
27735
27297
27736
27298
27737
27299
27738
27300
27739
27301
27740
27302
27741
27303
27742
27304
27743
27305
27744
27306
27745
27307
27746
27308
27747
27309
27748
27310
27749
27311
27750
27312
27751
27313
27752
27314
27753
27315
27754
27316
27755
27317
27756
27318
27757
27319
27758
27320
27759
27321
27760
27322
27761
27323
27762
27324
27763
27325
27764
27326
27765
27327
27766
27328
27767
27329
27768
27330
27769
27331
27770
27332
27771
27333
27772
27334
27773
27335
27774
27336
27775
27337
27776
27338
27777
27339
27778
27340
27779
27341
27780
27342
27781
27343
27782
27344
27783
27345
27784
27346
27785
27347
27786
27348
27787
27349
27788
27350
27789
27351
27790
27352
27791
27353
27792
27354
27793
27355
27794
27356
27795
27357
27796
27358
27797
27359
27798
27360
27799
27361
27800
27362
27801
27363
27802
27364
27803
27365
27804
27366
27805
27367
27806
27368
27807
27369
27808
27370
27809
27371
27810
27372
27811
27373
27812
27374
27813
27375
27814
27376
27815
27377
27816
27378
27817
27379
27818
27380
27819
27381
27820
27382
27821
27383
27822
27384
27823
27385
27824
27386
27825
27387
27826
27388
27827
27389
27828
27390
27829
27391
27830
27392
27831
27393
27832
27394
27833
27395
27834
27396
27835
27397
27836
27398
27837
27399
27838
27400
27839
27401
27840
27402
27841
27403
27842
27404
27843
27405
27844
27406
27845
27407
27846
27408
27847
27409
27848
27410
27849
27411
27850
27412
27851
27413
27852
27414
27853
27415
27854
27416
27855
27417
27856
27418
27857
27419
27858
27420
27859
27421
27860
27422
27861
27423
27862
27424
27863
27425
27864
27426
27865
27427
27866
27428
27867
27429
27868
27430
27869
27431
27870
27432
27871
27433
27872
27434
27873
27435
27874
27436
27875
27437
27876
27438
27877
27439
27878
27440
27879
27441
27880
27442
27881
27443
27882
27444
27883
27445
27884
27446
27885
27447
27886
27448
27887
27449
27888
27450
27889
27451
27890
27452
27891
27453
27892
27454
27893
27455
27894
27456
27895
27457
27896
27458
27897
27459
27898
27460
27899
27461
27900
27462
27901
27463
27902
27464
27903
27465
27904
27466
27905
27467
27906
27468
27907
27469
27908
27470
27909
27471
27910
27472
27911
27473
27912
27474
27913
27475
27914
27476
27915
27477
27916
27478
27917
27479
27918
27480
27919
27481
27920
27482
27921
27483
27922
27484
27923
27485
27924
27486
27925
27487
27926
27488
27927
27489
27928
27490
27929
27491
27930
27492
27931
27493
27932
27494
27933
27495
27934
27496
27935
27497
27936
27498
27937
27499
27938
27500
27939
27501
27940
27502
27941
27503
27942
27504
27943
27505
27944
27506
27945
27507
27946
27508
27947
27509
27948
27510
27949
27511
27950
27512
27951
27513
27952
27514
27953
27515
27954
27516
27955
27517
27956
27518
27957
27519
27958
27959
27521
27960
27522
27961
27523
27962
27524
27963
27525
27964
27526
27965
27527
27966
27528
27967
27529
27968
27530
27969
27531
27970
27532
27971
27533
27972
27534
27973
27535
27974
27536
27975
27537
27976
27538
27977
27539
27978
27540
27979
27541
27980
27542
27981
27543
27982
27544
27983
27545
27984
27546
27985
27547
27986
27548
27987
27549
27988
27550
27989
27551
27990
27552
27991
27553
27992
27554
27993
27555
27994
27556
27995
27557
27996
27558
27997
27559
27998
27560
27999
27561
28000
27562
28001
27563
28002
27564
28003
27565
28004
27566
28005
27567
28006
27568
28007
27569
28008
27570
28009
27571
28010
27572
28011
27573
28012
27574
28013
27575
28014
27576
28015
27577
28016
27578
28017
27579
28018
27580
28019
27581
28020
27582
28021
27583
28022
27584
28023
27585
28024
27586
28025
27587
28026
27588
28027
27589
28028
27590
28029
27591
28030
27592
28031
27593
28032
27594
28033
27595
28034
27596
28035
27597
28036
27598
28037
27599
28038
27600
28039
27601
28040
27602
28041
27603
28042
27604
28043
27605
28044
27606
28045
27607
28046
27608
28047
27609
28048
27610
28049
27611
28050
27612
28051
27613
28052
27614
28053
27615
28054
27616
28055
27617
28056
27618
28057
27619
28058
27620
28059
27621
28060
27622
28061
27623
28062
27624
28063
27625
28064
27626
28065
27627
28066
27628
28067
27629
28068
27630
28069
27631
28070
27632
28071
27633
28072
27634
28073
27635
28074
27636
28075
27637
28076
27638
28077
27639
28078
27640
28079
27641
28080
27642
28081
27643
28082
27644
28083
27645
28084
27646
28085
27647
28086
27648
28087
27649
28088
27650
28089
27651
28090
27652
28091
27653
28092
27654
28093
27655
28094
27656
28095
27657
28096
27658
28097
27659
28098
27660
28099
27661
28100
27662
28101
27663
28102
27664
28103
27665
28104
27666
28105
27667
28106
27668
28107
27669
28108
27670
28109
27671
28110
27672
28111
27673
28112
27674
28113
27675
28114
27676
28115
27677
28116
27678
28117
27679
28118
27680
28119
27681
28120
27682
28121
27683
28122
27684
28123
27685
28124
27686
28125
27687
28126
27688
28127
27689
28128
27690
28129
27691
28130
27692
28131
27693
28132
27694
28133
27695
28134
27696
28135
27697
28136
27698
28137
27699
28138
27700
28139
27701
28140
27702
28141
27703
28142
27704
28143
27705
28144
27706
28145
27707
28146
27708
28147
27709
28148
27710
28149
27711
28150
27712
28151
27713
28152
27714
28153
27715
28154
27716
28155
27717
28156
27718
28157
27719
28158
27720
28159
27721
28160
27722
28161
27723
28162
27724
28163
27725
28164
27726
28165
27727
28166
27728
28167
27729
28168
27730
28169
27731
28170
27732
28171
27733
28172
27734
28173
27735
28174
27736
28175
27737
28176
27738
28177
27739
28178
27740
28179
27741
28180
27742
28181
27743
28182
27744
28183
27745
28184
27746
28185
27747
28186
27748
28187
27749
28188
27750
28189
27751
28190
27752
28191
27753
28192
27754
28193
27755
28194
27756
28195
27757
28196
27758
28197
27759
28198
27760
28199
27761
28200
27762
28201
27763
28202
27764
28203
27765
28204
27766
28205
27767
28206
27768
28207
27769
28208
27770
28209
27771
28210
27772
28211
27773
28212
27774
28213
27775
28214
27776
28215
27777
28216
27778
28217
27779
28218
27780
28219
27781
28220
27782
28221
27783
28222
27784
28223
27785
28224
27786
28225
27787
28226
27788
28227
27789
28228
27790
28229
27791
28230
27792
28231
27793
28232
27794
28233
27795
28234
27796
28235
27797
28236
27798
28237
27799
28238
27800
28239
27801
28240
27802
28241
27803
28242
27804
28243
27805
28244
27806
28245
27807
28246
27808
28247
27809
28248
27810
28249
27811
28250
27812
28251
27813
28252
27814
28253
27815
28254
27816
28255
27817
28256
27818
28257
27819
28258
27820
28259
27821
28260
27822
28261
27823
28262
27824
28263
27825
28264
27826
28265
27827
28266
27828
28267
27829
28268
27830
28269
27831
28270
27832
28271
27833
28272
27834
28273
27835
28274
27836
28275
27837
28276
27838
28277
27839
28278
27840
28279
27841
28280
27842
28281
27843
28282
27844
28283
27845
28284
27846
28285
27847
28286
27848
28287
27849
28288
27850
28289
27851
28290
27852
28291
27853
28292
27854
28293
27855
28294
27856
28295
27857
28296
27858
28297
27859
28298
27860
28299
27861
28300
27862
28301
27863
28302
27864
28303
27865
28304
27866
28305
27867
28306
27868
28307
27869
28308
27870
28309
27871
28310
27872
28311
27873
28312
27874
28313
27875
28314
27876
28315
27877
28316
27878
28317
27879
28318
27880
28319
27881
28320
27882
28321
27883
28322
27884
28323
27885
28324
27886
28325
27887
28326
27888
28327
27889
28328
27890
28329
27891
28330
27892
28331
27893
28332
27894
28333
27895
28334
27896
28335
27897
28336
27898
28337
27899
28338
27900
28339
27901
28340
27902
28341
27903
28342
27904
28343
27905
28344
27906
28345
27907
28346
27908
28347
27909
28348
27910
28349
27911
28350
27912
28351
27913
28352
27914
28353
27915
28354
27916
28355
27917
28356
27918
28357
27919
28358
27920
28359
27921
28360
27922
28361
27923
28362
27924
28363
27925
28364
27926
28365
27927
28366
27928
28367
27929
28368
27930
28369
27931
28370
27932
28371
27933
28372
27934
28373
27935
28374
27936
28375
27937
28376
27938
28377
27939
28378
27940
28379
27941
28380
27942
28381
27943
28382
27944
28383
27945
28384
27946
28385
27947
28386
27948
28387
27949
28388
27950
28389
27951
28390
27952
28391
27953
28392
27954
28393
27955
28394
27956
28395
27957
28396
27958
28397
27959
28398
28399
27961
28400
27962
28401
27963
28402
27964
28403
27965
28404
27966
28405
27967
28406
27968
28407
27969
28408
27970
28409
27971
28410
27972
28411
27973
28412
27974
28413
27975
28414
27976
28415
27977
28416
27978
28417
27979
28418
27980
28419
27981
28420
27982
28421
27983
28422
27984
28423
27985
28424
27986
28425
27987
28426
27988
28427
27989
28428
27990
28429
27991
28430
27992
28431
27993
28432
27994
28433
27995
28434
27996
28435
27997
28436
27998
28437
27999
28438
28000
28439
28001
28440
28002
28441
28003
28442
28004
28443
28005
28444
28006
28445
28007
28446
28008
28447
28009
28448
28010
28449
28011
28450
28012
28451
28013
28452
28014
28453
28015
28454
28016
28455
28017
28456
28018
28457
28019
28458
28020
28459
28021
28460
28022
28461
28023
28462
28024
28463
28025
28464
28026
28465
28027
28466
28028
28467
28029
28468
28030
28469
28031
28470
28032
28471
28033
28472
28034
28473
28035
28474
28036
28475
28037
28476
28038
28477
28039
28478
28040
28479
28041
28480
28042
28481
28043
28482
28044
28483
28045
28484
28046
28485
28047
28486
28048
28487
28049
28488
28050
28489
28051
28490
28052
28491
28053
28492
28054
28493
28055
28494
28056
28495
28057
28496
28058
28497
28059
28498
28060
28499
28061
28500
28062
28501
28063
28502
28064
28503
28065
28504
28066
28505
28067
28506
28068
28507
28069
28508
28070
28509
28071
28510
28072
28511
28073
28512
28074
28513
28075
28514
28076
28515
28077
28516
28078
28517
28079
28518
28080
28519
28081
28520
28082
28521
28083
28522
28084
28523
28085
28524
28086
28525
28087
28526
28088
28527
28089
28528
28090
28529
28091
28530
28092
28531
28093
28532
28094
28533
28095
28534
28096
28535
28097
28536
28098
28537
28099
28538
28100
28539
28101
28540
28102
28541
28103
28542
28104
28543
28105
28544
28106
28545
28107
28546
28108
28547
28109
28548
28110
28549
28111
28550
28112
28551
28113
28552
28114
28553
28115
28554
28116
28555
28117
28556
28118
28557
28119
28558
28120
28559
28121
28560
28122
28561
28123
28562
28124
28563
28125
28564
28126
28565
28127
28566
28128
28567
28129
28568
28130
28569
28131
28570
28132
28571
28133
28572
28134
28573
28135
28574
28136
28575
28137
28576
28138
28577
28139
28578
28140
28579
28141
28580
28142
28581
28143
28582
28144
28583
28145
28584
28146
28585
28147
28586
28148
28587
28149
28588
28150
28589
28151
28590
28152
28591
28153
28592
28154
28593
28155
28594
28156
28595
28157
28596
28158
28597
28159
28598
28160
28599
28161
28600
28162
28601
28163
28602
28164
28603
28165
28604
28166
28605
28167
28606
28168
28607
28169
28608
28170
28609
28171
28610
28172
28611
28173
28612
28174
28613
28175
28614
28176
28615
28177
28616
28178
28617
28179
28618
28180
28619
28181
28620
28182
28621
28183
28622
28184
28623
28185
28624
28186
28625
28187
28626
28188
28627
28189
28628
28190
28629
28191
28630
28192
28631
28193
28632
28194
28633
28195
28634
28196
28635
28197
28636
28198
28637
28199
28638
28200
28639
28201
28640
28202
28641
28203
28642
28204
28643
28205
28644
28206
28645
28207
28646
28208
28647
28209
28648
28210
28649
28211
28650
28212
28651
28213
28652
28214
28653
28215
28654
28216
28655
28217
28656
28218
28657
28219
28658
28220
28659
28221
28660
28222
28661
28223
28662
28224
28663
28225
28664
28226
28665
28227
28666
28228
28667
28229
28668
28230
28669
28231
28670
28232
28671
28233
28672
28234
28673
28235
28674
28236
28675
28237
28676
28238
28677
28239
28678
28240
28679
28241
28680
28242
28681
28243
28682
28244
28683
28245
28684
28246
28685
28247
28686
28248
28687
28249
28688
28250
28689
28251
28690
28252
28691
28253
28692
28254
28693
28255
28694
28256
28695
28257
28696
28258
28697
28259
28698
28260
28699
28261
28700
28262
28701
28263
28702
28264
28703
28265
28704
28266
28705
28267
28706
28268
28707
28269
28708
28270
28709
28271
28710
28272
28711
28273
28712
28274
28713
28275
28714
28276
28715
28277
28716
28278
28717
28279
28718
28280
28719
28281
28720
28282
28721
28283
28722
28284
28723
28285
28724
28286
28725
28287
28726
28288
28727
28289
28728
28290
28729
28291
28730
28292
28731
28293
28732
28294
28733
28295
28734
28296
28735
28297
28736
28298
28737
28299
28738
28300
28739
28301
28740
28302
28741
28303
28742
28304
28743
28305
28744
28306
28745
28307
28746
28308
28747
28309
28748
28310
28749
28311
28750
28312
28751
28313
28752
28314
28753
28315
28754
28316
28755
28317
28756
28318
28757
28319
28758
28320
28759
28321
28760
28322
28761
28323
28762
28324
28763
28325
28764
28326
28765
28327
28766
28328
28767
28329
28768
28330
28769
28331
28770
28332
28771
28333
28772
28334
28773
28335
28774
28336
28775
28337
28776
28338
28777
28339
28778
28340
28779
28341
28780
28342
28781
28343
28782
28344
28783
28345
28784
28346
28785
28347
28786
28348
28787
28349
28788
28350
28789
28351
28790
28352
28791
28353
28792
28354
28793
28355
28794
28356
28795
28357
28796
28358
28797
28359
28798
28360
28799
28361
28800
28362
28801
28363
28802
28364
28803
28365
28804
28366
28805
28367
28806
28368
28807
28369
28808
28370
28809
28371
28810
28372
28811
28373
28812
28374
28813
28375
28814
28376
28815
28377
28816
28378
28817
28379
28818
28380
28819
28381
28820
28382
28821
28383
28822
28384
28823
28385
28824
28386
28825
28387
28826
28388
28827
28389
28828
28390
28829
28391
28830
28392
28831
28393
28832
28394
28833
28395
28834
28396
28835
28397
28836
28398
28837
28399
28838
28839
28401
28840
28402
28841
28403
28842
28404
28843
28405
28844
28406
28845
28407
28846
28408
28847
28409
28848
28410
28849
28411
28850
28412
28851
28413
28852
28414
28853
28415
28854
28416
28855
28417
28856
28418
28857
28419
28858
28420
28859
28421
28860
28422
28861
28423
28862
28424
28863
28425
28864
28426
28865
28427
28866
28428
28867
28429
28868
28430
28869
28431
28870
28432
28871
28433
28872
28434
28873
28435
28874
28436
28875
28437
28876
28438
28877
28439
28878
28440
28879
28441
28880
28442
28881
28443
28882
28444
28883
28445
28884
28446
28885
28447
28886
28448
28887
28449
28888
28450
28889
28451
28890
28452
28891
28453
28892
28454
28893
28455
28894
28456
28895
28457
28896
28458
28897
28459
28898
28460
28899
28461
28900
28462
28901
28463
28902
28464
28903
28465
28904
28466
28905
28467
28906
28468
28907
28469
28908
28470
28909
28471
28910
28472
28911
28473
28912
28474
28913
28475
28914
28476
28915
28477
28916
28478
28917
28479
28918
28480
28919
28481
28920
28482
28921
28483
28922
28484
28923
28485
28924
28486
28925
28487
28926
28488
28927
28489
28928
28490
28929
28491
28930
28492
28931
28493
28932
28494
28933
28495
28934
28496
28935
28497
28936
28498
28937
28499
28938
28500
28939
28501
28940
28502
28941
28503
28942
28504
28943
28505
28944
28506
28945
28507
28946
28508
28947
28509
28948
28510
28949
28511
28950
28512
28951
28513
28952
28514
28953
28515
28954
28516
28955
28517
28956
28518
28957
28519
28958
28520
28959
28521
28960
28522
28961
28523
28962
28524
28963
28525
28964
28526
28965
28527
28966
28528
28967
28529
28968
28530
28969
28531
28970
28532
28971
28533
28972
28534
28973
28535
28974
28536
28975
28537
28976
28538
28977
28539
28978
28540
28979
28541
28980
28542
28981
28543
28982
28544
28983
28545
28984
28546
28985
28547
28986
28548
28987
28549
28988
28550
28989
28551
28990
28552
28991
28553
28992
28554
28993
28555
28994
28556
28995
28557
28996
28558
28997
28559
28998
28560
28999
28561
29000
28562
29001
28563
29002
28564
29003
28565
29004
28566
29005
28567
29006
28568
29007
28569
29008
28570
29009
28571
29010
28572
29011
28573
29012
28574
29013
28575
29014
28576
29015
28577
29016
28578
29017
28579
29018
28580
29019
28581
29020
28582
29021
28583
29022
28584
29023
28585
29024
28586
29025
28587
29026
28588
29027
28589
29028
28590
29029
28591
29030
28592
29031
28593
29032
28594
29033
28595
29034
28596
29035
28597
29036
28598
29037
28599
29038
28600
29039
28601
29040
28602
29041
28603
29042
28604
29043
28605
29044
28606
29045
28607
29046
28608
29047
28609
29048
28610
29049
28611
29050
28612
29051
28613
29052
28614
29053
28615
29054
28616
29055
28617
29056
28618
29057
28619
29058
28620
29059
28621
29060
28622
29061
28623
29062
28624
29063
28625
29064
28626
29065
28627
29066
28628
29067
28629
29068
28630
29069
28631
29070
28632
29071
28633
29072
28634
29073
28635
29074
28636
29075
28637
29076
28638
29077
28639
29078
28640
29079
28641
29080
28642
29081
28643
29082
28644
29083
28645
29084
28646
29085
28647
29086
28648
29087
28649
29088
28650
29089
28651
29090
28652
29091
28653
29092
28654
29093
28655
29094
28656
29095
28657
29096
28658
29097
28659
29098
28660
29099
28661
29100
28662
29101
28663
29102
28664
29103
28665
29104
28666
29105
28667
29106
28668
29107
28669
29108
28670
29109
28671
29110
28672
29111
28673
29112
28674
29113
28675
29114
28676
29115
28677
29116
28678
29117
28679
29118
28680
29119
28681
29120
28682
29121
28683
29122
28684
29123
28685
29124
28686
29125
28687
29126
28688
29127
28689
29128
28690
29129
28691
29130
28692
29131
28693
29132
28694
29133
28695
29134
28696
29135
28697
29136
28698
29137
28699
29138
28700
29139
28701
29140
28702
29141
28703
29142
28704
29143
28705
29144
28706
29145
28707
29146
28708
29147
28709
29148
28710
29149
28711
29150
28712
29151
28713
29152
28714
29153
28715
29154
28716
29155
28717
29156
28718
29157
28719
29158
28720
29159
28721
29160
28722
29161
28723
29162
28724
29163
28725
29164
28726
29165
28727
29166
28728
29167
28729
29168
28730
29169
28731
29170
28732
29171
28733
29172
28734
29173
28735
29174
28736
29175
28737
29176
28738
29177
28739
29178
28740
29179
28741
29180
28742
29181
28743
29182
28744
29183
28745
29184
28746
29185
28747
29186
28748
29187
28749
29188
28750
29189
28751
29190
28752
29191
28753
29192
28754
29193
28755
29194
28756
29195
28757
29196
28758
29197
28759
29198
28760
29199
28761
29200
28762
29201
28763
29202
28764
29203
28765
29204
28766
29205
28767
29206
28768
29207
28769
29208
28770
29209
28771
29210
28772
29211
28773
29212
28774
29213
28775
29214
28776
29215
28777
29216
28778
29217
28779
29218
28780
29219
28781
29220
28782
29221
28783
29222
28784
29223
28785
29224
28786
29225
28787
29226
28788
29227
28789
29228
28790
29229
28791
29230
28792
29231
28793
29232
28794
29233
28795
29234
28796
29235
28797
29236
28798
29237
28799
29238
28800
29239
28801
29240
28802
29241
28803
29242
28804
29243
28805
29244
28806
29245
28807
29246
28808
29247
28809
29248
28810
29249
28811
29250
28812
29251
28813
29252
28814
29253
28815
29254
28816
29255
28817
29256
28818
29257
28819
29258
28820
29259
28821
29260
28822
29261
28823
29262
28824
29263
28825
29264
28826
29265
28827
29266
28828
29267
28829
29268
28830
29269
28831
29270
28832
29271
28833
29272
28834
29273
28835
29274
28836
29275
28837
29276
28838
29277
28839
29278
29279
28841
29280
28842
29281
28843
29282
28844
29283
28845
29284
28846
29285
28847
29286
28848
29287
28849
29288
28850
29289
28851
29290
28852
29291
28853
29292
28854
29293
28855
29294
28856
29295
28857
29296
28858
29297
28859
29298
28860
29299
28861
29300
28862
29301
28863
29302
28864
29303
28865
29304
28866
29305
28867
29306
28868
29307
28869
29308
28870
29309
28871
29310
28872
29311
28873
29312
28874
29313
28875
29314
28876
29315
28877
29316
28878
29317
28879
29318
28880
29319
28881
29320
28882
29321
28883
29322
28884
29323
28885
29324
28886
29325
28887
29326
28888
29327
28889
29328
28890
29329
28891
29330
28892
29331
28893
29332
28894
29333
28895
29334
28896
29335
28897
29336
28898
29337
28899
29338
28900
29339
28901
29340
28902
29341
28903
29342
28904
29343
28905
29344
28906
29345
28907
29346
28908
29347
28909
29348
28910
29349
28911
29350
28912
29351
28913
29352
28914
29353
28915
29354
28916
29355
28917
29356
28918
29357
28919
29358
28920
29359
28921
29360
28922
29361
28923
29362
28924
29363
28925
29364
28926
29365
28927
29366
28928
29367
28929
29368
28930
29369
28931
29370
28932
29371
28933
29372
28934
29373
28935
29374
28936
29375
28937
29376
28938
29377
28939
29378
28940
29379
28941
29380
28942
29381
28943
29382
28944
29383
28945
29384
28946
29385
28947
29386
28948
29387
28949
29388
28950
29389
28951
29390
28952
29391
28953
29392
28954
29393
28955
29394
28956
29395
28957
29396
28958
29397
28959
29398
28960
29399
28961
29400
28962
29401
28963
29402
28964
29403
28965
29404
28966
29405
28967
29406
28968
29407
28969
29408
28970
29409
28971
29410
28972
29411
28973
29412
28974
29413
28975
29414
28976
29415
28977
29416
28978
29417
28979
29418
28980
29419
28981
29420
28982
29421
28983
29422
28984
29423
28985
29424
28986
29425
28987
29426
28988
29427
28989
29428
28990
29429
28991
29430
28992
29431
28993
29432
28994
29433
28995
29434
28996
29435
28997
29436
28998
29437
28999
29438
29000
29439
29001
29440
29002
29441
29003
29442
29004
29443
29005
29444
29006
29445
29007
29446
29008
29447
29009
29448
29010
29449
29011
29450
29012
29451
29013
29452
29014
29453
29015
29454
29016
29455
29017
29456
29018
29457
29019
29458
29020
29459
29021
29460
29022
29461
29023
29462
29024
29463
29025
29464
29026
29465
29027
29466
29028
29467
29029
29468
29030
29469
29031
29470
29032
29471
29033
29472
29034
29473
29035
29474
29036
29475
29037
29476
29038
29477
29039
29478
29040
29479
29041
29480
29042
29481
29043
29482
29044
29483
29045
29484
29046
29485
29047
29486
29048
29487
29049
29488
29050
29489
29051
29490
29052
29491
29053
29492
29054
29493
29055
29494
29056
29495
29057
29496
29058
29497
29059
29498
29060
29499
29061
29500
29062
29501
29063
29502
29064
29503
29065
29504
29066
29505
29067
29506
29068
29507
29069
29508
29070
29509
29071
29510
29072
29511
29073
29512
29074
29513
29075
29514
29076
29515
29077
29516
29078
29517
29079
29518
29080
29519
29081
29520
29082
29521
29083
29522
29084
29523
29085
29524
29086
29525
29087
29526
29088
29527
29089
29528
29090
29529
29091
29530
29092
29531
29093
29532
29094
29533
29095
29534
29096
29535
29097
29536
29098
29537
29099
29538
29100
29539
29101
29540
29102
29541
29103
29542
29104
29543
29105
29544
29106
29545
29107
29546
29108
29547
29109
29548
29110
29549
29111
29550
29112
29551
29113
29552
29114
29553
29115
29554
29116
29555
29117
29556
29118
29557
29119
29558
29120
29559
29121
29560
29122
29561
29123
29562
29124
29563
29125
29564
29126
29565
29127
29566
29128
29567
29129
29568
29130
29569
29131
29570
29132
29571
29133
29572
29134
29573
29135
29574
29136
29575
29137
29576
29138
29577
29139
29578
29140
29579
29141
29580
29142
29581
29143
29582
29144
29583
29145
29584
29146
29585
29147
29586
29148
29587
29149
29588
29150
29589
29151
29590
29152
29591
29153
29592
29154
29593
29155
29594
29156
29595
29157
29596
29158
29597
29159
29598
29160
29599
29161
29600
29162
29601
29163
29602
29164
29603
29165
29604
29166
29605
29167
29606
29168
29607
29169
29608
29170
29609
29171
29610
29172
29611
29173
29612
29174
29613
29175
29614
29176
29615
29177
29616
29178
29617
29179
29618
29180
29619
29181
29620
29182
29621
29183
29622
29184
29623
29185
29624
29186
29625
29187
29626
29188
29627
29189
29628
29190
29629
29191
29630
29192
29631
29193
29632
29194
29633
29195
29634
29196
29635
29197
29636
29198
29637
29199
29638
29200
29639
29201
29640
29202
29641
29203
29642
29204
29643
29205
29644
29206
29645
29207
29646
29208
29647
29209
29648
29210
29649
29211
29650
29212
29651
29213
29652
29214
29653
29215
29654
29216
29655
29217
29656
29218
29657
29219
29658
29220
29659
29221
29660
29222
29661
29223
29662
29224
29663
29225
29664
29226
29665
29227
29666
29228
29667
29229
29668
29230
29669
29231
29670
29232
29671
29233
29672
29234
29673
29235
29674
29236
29675
29237
29676
29238
29677
29239
29678
29240
29679
29241
29680
29242
29681
29243
29682
29244
29683
29245
29684
29246
29685
29247
29686
29248
29687
29249
29688
29250
29689
29251
29690
29252
29691
29253
29692
29254
29693
29255
29694
29256
29695
29257
29696
29258
29697
29259
29698
29260
29699
29261
29700
29262
29701
29263
29702
29264
29703
29265
29704
29266
29705
29267
29706
29268
29707
29269
29708
29270
29709
29271
29710
29272
29711
29273
29712
29274
29713
29275
29714
29276
29715
29277
29716
29278
29717
29279
29718
29719
29281
29720
29282
29721
29283
29722
29284
29723
29285
29724
29286
29725
29287
29726
29288
29727
29289
29728
29290
29729
29291
29730
29292
29731
29293
29732
29294
29733
29295
29734
29296
29735
29297
29736
29298
29737
29299
29738
29300
29739
29301
29740
29302
29741
29303
29742
29304
29743
29305
29744
29306
29745
29307
29746
29308
29747
29309
29748
29310
29749
29311
29750
29312
29751
29313
29752
29314
29753
29315
29754
29316
29755
29317
29756
29318
29757
29319
29758
29320
29759
29321
29760
29322
29761
29323
29762
29324
29763
29325
29764
29326
29765
29327
29766
29328
29767
29329
29768
29330
29769
29331
29770
29332
29771
29333
29772
29334
29773
29335
29774
29336
29775
29337
29776
29338
29777
29339
29778
29340
29779
29341
29780
29342
29781
29343
29782
29344
29783
29345
29784
29346
29785
29347
29786
29348
29787
29349
29788
29350
29789
29351
29790
29352
29791
29353
29792
29354
29793
29355
29794
29356
29795
29357
29796
29358
29797
29359
29798
29360
29799
29361
29800
29362
29801
29363
29802
29364
29803
29365
29804
29366
29805
29367
29806
29368
29807
29369
29808
29370
29809
29371
29810
29372
29811
29373
29812
29374
29813
29375
29814
29376
29815
29377
29816
29378
29817
29379
29818
29380
29819
29381
29820
29382
29821
29383
29822
29384
29823
29385
29824
29386
29825
29387
29826
29388
29827
29389
29828
29390
29829
29391
29830
29392
29831
29393
29832
29394
29833
29395
29834
29396
29835
29397
29836
29398
29837
29399
29838
29400
29839
29401
29840
29402
29841
29403
29842
29404
29843
29405
29844
29406
29845
29407
29846
29408
29847
29409
29848
29410
29849
29411
29850
29412
29851
29413
29852
29414
29853
29415
29854
29416
29855
29417
29856
29418
29857
29419
29858
29420
29859
29421
29860
29422
29861
29423
29862
29424
29863
29425
29864
29426
29865
29427
29866
29428
29867
29429
29868
29430
29869
29431
29870
29432
29871
29433
29872
29434
29873
29435
29874
29436
29875
29437
29876
29438
29877
29439
29878
29440
29879
29441
29880
29442
29881
29443
29882
29444
29883
29445
29884
29446
29885
29447
29886
29448
29887
29449
29888
29450
29889
29451
29890
29452
29891
29453
29892
29454
29893
29455
29894
29456
29895
29457
29896
29458
29897
29459
29898
29460
29899
29461
29900
29462
29901
29463
29902
29464
29903
29465
29904
29466
29905
29467
29906
29468
29907
29469
29908
29470
29909
29471
29910
29472
29911
29473
29912
29474
29913
29475
29914
29476
29915
29477
29916
29478
29917
29479
29918
29480
29919
29481
29920
29482
29921
29483
29922
29484
29923
29485
29924
29486
29925
29487
29926
29488
29927
29489
29928
29490
29929
29491
29930
29492
29931
29493
29932
29494
29933
29495
29934
29496
29935
29497
29936
29498
29937
29499
29938
29500
29939
29501
29940
29502
29941
29503
29942
29504
29943
29505
29944
29506
29945
29507
29946
29508
29947
29509
29948
29510
29949
29511
29950
29512
29951
29513
29952
29514
29953
29515
29954
29516
29955
29517
29956
29518
29957
29519
29958
29520
29959
29521
29960
29522
29961
29523
29962
29524
29963
29525
29964
29526
29965
29527
29966
29528
29967
29529
29968
29530
29969
29531
29970
29532
29971
29533
29972
29534
29973
29535
29974
29536
29975
29537
29976
29538
29977
29539
29978
29540
29979
29541
29980
29542
29981
29543
29982
29544
29983
29545
29984
29546
29985
29547
29986
29548
29987
29549
29988
29550
29989
29551
29990
29552
29991
29553
29992
29554
29993
29555
29994
29556
29995
29557
29996
29558
29997
29559
29998
29560
29999
29561
30000
29562
30001
29563
30002
29564
30003
29565
30004
29566
30005
29567
30006
29568
30007
29569
30008
29570
30009
29571
30010
29572
30011
29573
30012
29574
30013
29575
30014
29576
30015
29577
30016
29578
30017
29579
30018
29580
30019
29581
30020
29582
30021
29583
30022
29584
30023
29585
30024
29586
30025
29587
30026
29588
30027
29589
30028
29590
30029
29591
30030
29592
30031
29593
30032
29594
30033
29595
30034
29596
30035
29597
30036
29598
30037
29599
30038
29600
30039
29601
30040
29602
30041
29603
30042
29604
30043
29605
30044
29606
30045
29607
30046
29608
30047
29609
30048
29610
30049
29611
30050
29612
30051
29613
30052
29614
30053
29615
30054
29616
30055
29617
30056
29618
30057
29619
30058
29620
30059
29621
30060
29622
30061
29623
30062
29624
30063
29625
30064
29626
30065
29627
30066
29628
30067
29629
30068
29630
30069
29631
30070
29632
30071
29633
30072
29634
30073
29635
30074
29636
30075
29637
30076
29638
30077
29639
30078
29640
30079
29641
30080
29642
30081
29643
30082
29644
30083
29645
30084
29646
30085
29647
30086
29648
30087
29649
30088
29650
30089
29651
30090
29652
30091
29653
30092
29654
30093
29655
30094
29656
30095
29657
30096
29658
30097
29659
30098
29660
30099
29661
30100
29662
30101
29663
30102
29664
30103
29665
30104
29666
30105
29667
30106
29668
30107
29669
30108
29670
30109
29671
30110
29672
30111
29673
30112
29674
30113
29675
30114
29676
30115
29677
30116
29678
30117
29679
30118
29680
30119
29681
30120
29682
30121
29683
30122
29684
30123
29685
30124
29686
30125
29687
30126
29688
30127
29689
30128
29690
30129
29691
30130
29692
30131
29693
30132
29694
30133
29695
30134
29696
30135
29697
30136
29698
30137
29699
30138
29700
30139
29701
30140
29702
30141
29703
30142
29704
30143
29705
30144
29706
30145
29707
30146
29708
30147
29709
30148
29710
30149
29711
30150
29712
30151
29713
30152
29714
30153
29715
30154
29716
30155
29717
30156
29718
30157
29719
30158
30159
29721
30160
29722
30161
29723
30162
29724
30163
29725
30164
29726
30165
29727
30166
29728
30167
29729
30168
29730
30169
29731
30170
29732
30171
29733
30172
29734
30173
29735
30174
29736
30175
29737
30176
29738
30177
29739
30178
29740
30179
29741
30180
29742
30181
29743
30182
29744
30183
29745
30184
29746
30185
29747
30186
29748
30187
29749
30188
29750
30189
29751
30190
29752
30191
29753
30192
29754
30193
29755
30194
29756
30195
29757
30196
29758
30197
29759
30198
29760
30199
29761
30200
29762
30201
29763
30202
29764
30203
29765
30204
29766
30205
29767
30206
29768
30207
29769
30208
29770
30209
29771
30210
29772
30211
29773
30212
29774
30213
29775
30214
29776
30215
29777
30216
29778
30217
29779
30218
29780
30219
29781
30220
29782
30221
29783
30222
29784
30223
29785
30224
29786
30225
29787
30226
29788
30227
29789
30228
29790
30229
29791
30230
29792
30231
29793
30232
29794
30233
29795
30234
29796
30235
29797
30236
29798
30237
29799
30238
29800
30239
29801
30240
29802
30241
29803
30242
29804
30243
29805
30244
29806
30245
29807
30246
29808
30247
29809
30248
29810
30249
29811
30250
29812
30251
29813
30252
29814
30253
29815
30254
29816
30255
29817
30256
29818
30257
29819
30258
29820
30259
29821
30260
29822
30261
29823
30262
29824
30263
29825
30264
29826
30265
29827
30266
29828
30267
29829
30268
29830
30269
29831
30270
29832
30271
29833
30272
29834
30273
29835
30274
29836
30275
29837
30276
29838
30277
29839
30278
29840
30279
29841
30280
29842
30281
29843
30282
29844
30283
29845
30284
29846
30285
29847
30286
29848
30287
29849
30288
29850
30289
29851
30290
29852
30291
29853
30292
29854
30293
29855
30294
29856
30295
29857
30296
29858
30297
29859
30298
29860
30299
29861
30300
29862
30301
29863
30302
29864
30303
29865
30304
29866
30305
29867
30306
29868
30307
29869
30308
29870
30309
29871
30310
29872
30311
29873
30312
29874
30313
29875
30314
29876
30315
29877
30316
29878
30317
29879
30318
29880
30319
29881
30320
29882
30321
29883
30322
29884
30323
29885
30324
29886
30325
29887
30326
29888
30327
29889
30328
29890
30329
29891
30330
29892
30331
29893
30332
29894
30333
29895
30334
29896
30335
29897
30336
29898
30337
29899
30338
29900
30339
29901
30340
29902
30341
29903
30342
29904
30343
29905
30344
29906
30345
29907
30346
29908
30347
29909
30348
29910
30349
29911
30350
29912
30351
29913
30352
29914
30353
29915
30354
29916
30355
29917
30356
29918
30357
29919
30358
29920
30359
29921
30360
29922
30361
29923
30362
29924
30363
29925
30364
29926
30365
29927
30366
29928
30367
29929
30368
29930
30369
29931
30370
29932
30371
29933
30372
29934
30373
29935
30374
29936
30375
29937
30376
29938
30377
29939
30378
29940
30379
29941
30380
29942
30381
29943
30382
29944
30383
29945
30384
29946
30385
29947
30386
29948
30387
29949
30388
29950
30389
29951
30390
29952
30391
29953
30392
29954
30393
29955
30394
29956
30395
29957
30396
29958
30397
29959
30398
29960
30399
29961
30400
29962
30401
29963
30402
29964
30403
29965
30404
29966
30405
29967
30406
29968
30407
29969
30408
29970
30409
29971
30410
29972
30411
29973
30412
29974
30413
29975
30414
29976
30415
29977
30416
29978
30417
29979
30418
29980
30419
29981
30420
29982
30421
29983
30422
29984
30423
29985
30424
29986
30425
29987
30426
29988
30427
29989
30428
29990
30429
29991
30430
29992
30431
29993
30432
29994
30433
29995
30434
29996
30435
29997
30436
29998
30437
29999
30438
30000
30439
30001
30440
30002
30441
30003
30442
30004
30443
30005
30444
30006
30445
30007
30446
30008
30447
30009
30448
30010
30449
30011
30450
30012
30451
30013
30452
30014
30453
30015
30454
30016
30455
30017
30456
30018
30457
30019
30458
30020
30459
30021
30460
30022
30461
30023
30462
30024
30463
30025
30464
30026
30465
30027
30466
30028
30467
30029
30468
30030
30469
30031
30470
30032
30471
30033
30472
30034
30473
30035
30474
30036
30475
30037
30476
30038
30477
30039
30478
30040
30479
30041
30480
30042
30481
30043
30482
30044
30483
30045
30484
30046
30485
30047
30486
30048
30487
30049
30488
30050
30489
30051
30490
30052
30491
30053
30492
30054
30493
30055
30494
30056
30495
30057
30496
30058
30497
30059
30498
30060
30499
30061
30500
30062
30501
30063
30502
30064
30503
30065
30504
30066
30505
30067
30506
30068
30507
30069
30508
30070
30509
30071
30510
30072
30511
30073
30512
30074
30513
30075
30514
30076
30515
30077
30516
30078
30517
30079
30518
30080
30519
30081
30520
30082
30521
30083
30522
30084
30523
30085
30524
30086
30525
30087
30526
30088
30527
30089
30528
30090
30529
30091
30530
30092
30531
30093
30532
30094
30533
30095
30534
30096
30535
30097
30536
30098
30537
30099
30538
30100
30539
30101
30540
30102
30541
30103
30542
30104
30543
30105
30544
30106
30545
30107
30546
30108
30547
30109
30548
30110
30549
30111
30550
30112
30551
30113
30552
30114
30553
30115
30554
30116
30555
30117
30556
30118
30557
30119
30558
30120
30559
30121
30560
30122
30561
30123
30562
30124
30563
30125
30564
30126
30565
30127
30566
30128
30567
30129
30568
30130
30569
30131
30570
30132
30571
30133
30572
30134
30573
30135
30574
30136
30575
30137
30576
30138
30577
30139
30578
30140
30579
30141
30580
30142
30581
30143
30582
30144
30583
30145
30584
30146
30585
30147
30586
30148
30587
30149
30588
30150
30589
30151
30590
30152
30591
30153
30592
30154
30593
30155
30594
30156
30595
30157
30596
30158
30597
30159
30598
30599
30161
30600
30162
30601
30163
30602
30164
30603
30165
30604
30166
30605
30167
30606
30168
30607
30169
30608
30170
30609
30171
30610
30172
30611
30173
30612
30174
30613
30175
30614
30176
30615
30177
30616
30178
30617
30179
30618
30180
30619
30181
30620
30182
30621
30183
30622
30184
30623
30185
30624
30186
30625
30187
30626
30188
30627
30189
30628
30190
30629
30191
30630
30192
30631
30193
30632
30194
30633
30195
30634
30196
30635
30197
30636
30198
30637
30199
30638
30200
30639
30201
30640
30202
30641
30203
30642
30204
30643
30205
30644
30206
30645
30207
30646
30208
30647
30209
30648
30210
30649
30211
30650
30212
30651
30213
30652
30214
30653
30215
30654
30216
30655
30217
30656
30218
30657
30219
30658
30220
30659
30221
30660
30222
30661
30223
30662
30224
30663
30225
30664
30226
30665
30227
30666
30228
30667
30229
30668
30230
30669
30231
30670
30232
30671
30233
30672
30234
30673
30235
30674
30236
30675
30237
30676
30238
30677
30239
30678
30240
30679
30241
30680
30242
30681
30243
30682
30244
30683
30245
30684
30246
30685
30247
30686
30248
30687
30249
30688
30250
30689
30251
30690
30252
30691
30253
30692
30254
30693
30255
30694
30256
30695
30257
30696
30258
30697
30259
30698
30260
30699
30261
30700
30262
30701
30263
30702
30264
30703
30265
30704
30266
30705
30267
30706
30268
30707
30269
30708
30270
30709
30271
30710
30272
30711
30273
30712
30274
30713
30275
30714
30276
30715
30277
30716
30278
30717
30279
30718
30280
30719
30281
30720
30282
30721
30283
30722
30284
30723
30285
30724
30286
30725
30287
30726
30288
30727
30289
30728
30290
30729
30291
30730
30292
30731
30293
30732
30294
30733
30295
30734
30296
30735
30297
30736
30298
30737
30299
30738
30300
30739
30301
30740
30302
30741
30303
30742
30304
30743
30305
30744
30306
30745
30307
30746
30308
30747
30309
30748
30310
30749
30311
30750
30312
30751
30313
30752
30314
30753
30315
30754
30316
30755
30317
30756
30318
30757
30319
30758
30320
30759
30321
30760
30322
30761
30323
30762
30324
30763
30325
30764
30326
30765
30327
30766
30328
30767
30329
30768
30330
30769
30331
30770
30332
30771
30333
30772
30334
30773
30335
30774
30336
30775
30337
30776
30338
30777
30339
30778
30340
30779
30341
30780
30342
30781
30343
30782
30344
30783
30345
30784
30346
30785
30347
30786
30348
30787
30349
30788
30350
30789
30351
30790
30352
30791
30353
30792
30354
30793
30355
30794
30356
30795
30357
30796
30358
30797
30359
30798
30360
30799
30361
30800
30362
30801
30363
30802
30364
30803
30365
30804
30366
30805
30367
30806
30368
30807
30369
30808
30370
30809
30371
30810
30372
30811
30373
30812
30374
30813
30375
30814
30376
30815
30377
30816
30378
30817
30379
30818
30380
30819
30381
30820
30382
30821
30383
30822
30384
30823
30385
30824
30386
30825
30387
30826
30388
30827
30389
30828
30390
30829
30391
30830
30392
30831
30393
30832
30394
30833
30395
30834
30396
30835
30397
30836
30398
30837
30399
30838
30400
30839
30401
30840
30402
30841
30403
30842
30404
30843
30405
30844
30406
30845
30407
30846
30408
30847
30409
30848
30410
30849
30411
30850
30412
30851
30413
30852
30414
30853
30415
30854
30416
30855
30417
30856
30418
30857
30419
30858
30420
30859
30421
30860
30422
30861
30423
30862
30424
30863
30425
30864
30426
30865
30427
30866
30428
30867
30429
30868
30430
30869
30431
30870
30432
30871
30433
30872
30434
30873
30435
30874
30436
30875
30437
30876
30438
30877
30439
30878
30440
30879
30441
30880
30442
30881
30443
30882
30444
30883
30445
30884
30446
30885
30447
30886
30448
30887
30449
30888
30450
30889
30451
30890
30452
30891
30453
30892
30454
30893
30455
30894
30456
30895
30457
30896
30458
30897
30459
30898
30460
30899
30461
30900
30462
30901
30463
30902
30464
30903
30465
30904
30466
30905
30467
30906
30468
30907
30469
30908
30470
30909
30471
30910
30472
30911
30473
30912
30474
30913
30475
30914
30476
30915
30477
30916
30478
30917
30479
30918
30480
30919
30481
30920
30482
30921
30483
30922
30484
30923
30485
30924
30486
30925
30487
30926
30488
30927
30489
30928
30490
30929
30491
30930
30492
30931
30493
30932
30494
30933
30495
30934
30496
30935
30497
30936
30498
30937
30499
30938
30500
30939
30501
30940
30502
30941
30503
30942
30504
30943
30505
30944
30506
30945
30507
30946
30508
30947
30509
30948
30510
30949
30511
30950
30512
30951
30513
30952
30514
30953
30515
30954
30516
30955
30517
30956
30518
30957
30519
30958
30520
30959
30521
30960
30522
30961
30523
30962
30524
30963
30525
30964
30526
30965
30527
30966
30528
30967
30529
30968
30530
30969
30531
30970
30532
30971
30533
30972
30534
30973
30535
30974
30536
30975
30537
30976
30538
30977
30539
30978
30540
30979
30541
30980
30542
30981
30543
30982
30544
30983
30545
30984
30546
30985
30547
30986
30548
30987
30549
30988
30550
30989
30551
30990
30552
30991
30553
30992
30554
30993
30555
30994
30556
30995
30557
30996
30558
30997
30559
30998
30560
30999
30561
31000
30562
31001
30563
31002
30564
31003
30565
31004
30566
31005
30567
31006
30568
31007
30569
31008
30570
31009
30571
31010
30572
31011
30573
31012
30574
31013
30575
31014
30576
31015
30577
31016
30578
31017
30579
31018
30580
31019
30581
31020
30582
31021
30583
31022
30584
31023
30585
31024
30586
31025
30587
31026
30588
31027
30589
31028
30590
31029
30591
31030
30592
31031
30593
31032
30594
31033
30595
31034
30596
31035
30597
31036
30598
31037
30599
31038
31039
30601
31040
30602
31041
30603
31042
30604
31043
30605
31044
30606
31045
30607
31046
30608
31047
30609
31048
30610
31049
30611
31050
30612
31051
30613
31052
30614
31053
30615
31054
30616
31055
30617
31056
30618
31057
30619
31058
30620
31059
30621
31060
30622
31061
30623
31062
30624
31063
30625
31064
30626
31065
30627
31066
30628
31067
30629
31068
30630
31069
30631
31070
30632
31071
30633
31072
30634
31073
30635
31074
30636
31075
30637
31076
30638
31077
30639
31078
30640
31079
30641
31080
30642
31081
30643
31082
30644
31083
30645
31084
30646
31085
30647
31086
30648
31087
30649
31088
30650
31089
30651
31090
30652
31091
30653
31092
30654
31093
30655
31094
30656
31095
30657
31096
30658
31097
30659
31098
30660
31099
30661
31100
30662
31101
30663
31102
30664
31103
30665
31104
30666
31105
30667
31106
30668
31107
30669
31108
30670
31109
30671
31110
30672
31111
30673
31112
30674
31113
30675
31114
30676
31115
30677
31116
30678
31117
30679
31118
30680
31119
30681
31120
30682
31121
30683
31122
30684
31123
30685
31124
30686
31125
30687
31126
30688
31127
30689
31128
30690
31129
30691
31130
30692
31131
30693
31132
30694
31133
30695
31134
30696
31135
30697
31136
30698
31137
30699
31138
30700
31139
30701
31140
30702
31141
30703
31142
30704
31143
30705
31144
30706
31145
30707
31146
30708
31147
30709
31148
30710
31149
30711
31150
30712
31151
30713
31152
30714
31153
30715
31154
30716
31155
30717
31156
30718
31157
30719
31158
30720
31159
30721
31160
30722
31161
30723
31162
30724
31163
30725
31164
30726
31165
30727
31166
30728
31167
30729
31168
30730
31169
30731
31170
30732
31171
30733
31172
30734
31173
30735
31174
30736
31175
30737
31176
30738
31177
30739
31178
30740
31179
30741
31180
30742
31181
30743
31182
30744
31183
30745
31184
30746
31185
30747
31186
30748
31187
30749
31188
30750
31189
30751
31190
30752
31191
30753
31192
30754
31193
30755
31194
30756
31195
30757
31196
30758
31197
30759
31198
30760
31199
30761
31200
30762
31201
30763
31202
30764
31203
30765
31204
30766
31205
30767
31206
30768
31207
30769
31208
30770
31209
30771
31210
30772
31211
30773
31212
30774
31213
30775
31214
30776
31215
30777
31216
30778
31217
30779
31218
30780
31219
30781
31220
30782
31221
30783
31222
30784
31223
30785
31224
30786
31225
30787
31226
30788
31227
30789
31228
30790
31229
30791
31230
30792
31231
30793
31232
30794
31233
30795
31234
30796
31235
30797
31236
30798
31237
30799
31238
30800
31239
30801
31240
30802
31241
30803
31242
30804
31243
30805
31244
30806
31245
30807
31246
30808
31247
30809
31248
30810
31249
30811
31250
30812
31251
30813
31252
30814
31253
30815
31254
30816
31255
30817
31256
30818
31257
30819
31258
30820
31259
30821
31260
30822
31261
30823
31262
30824
31263
30825
31264
30826
31265
30827
31266
30828
31267
30829
31268
30830
31269
30831
31270
30832
31271
30833
31272
30834
31273
30835
31274
30836
31275
30837
31276
30838
31277
30839
31278
30840
31279
30841
31280
30842
31281
30843
31282
30844
31283
30845
31284
30846
31285
30847
31286
30848
31287
30849
31288
30850
31289
30851
31290
30852
31291
30853
31292
30854
31293
30855
31294
30856
31295
30857
31296
30858
31297
30859
31298
30860
31299
30861
31300
30862
31301
30863
31302
30864
31303
30865
31304
30866
31305
30867
31306
30868
31307
30869
31308
30870
31309
30871
31310
30872
31311
30873
31312
30874
31313
30875
31314
30876
31315
30877
31316
30878
31317
30879
31318
30880
31319
30881
31320
30882
31321
30883
31322
30884
31323
30885
31324
30886
31325
30887
31326
30888
31327
30889
31328
30890
31329
30891
31330
30892
31331
30893
31332
30894
31333
30895
31334
30896
31335
30897
31336
30898
31337
30899
31338
30900
31339
30901
31340
30902
31341
30903
31342
30904
31343
30905
31344
30906
31345
30907
31346
30908
31347
30909
31348
30910
31349
30911
31350
30912
31351
30913
31352
30914
31353
30915
31354
30916
31355
30917
31356
30918
31357
30919
31358
30920
31359
30921
31360
30922
31361
30923
31362
30924
31363
30925
31364
30926
31365
30927
31366
30928
31367
30929
31368
30930
31369
30931
31370
30932
31371
30933
31372
30934
31373
30935
31374
30936
31375
30937
31376
30938
31377
30939
31378
30940
31379
30941
31380
30942
31381
30943
31382
30944
31383
30945
31384
30946
31385
30947
31386
30948
31387
30949
31388
30950
31389
30951
31390
30952
31391
30953
31392
30954
31393
30955
31394
30956
31395
30957
31396
30958
31397
30959
31398
30960
31399
30961
31400
30962
31401
30963
31402
30964
31403
30965
31404
30966
31405
30967
31406
30968
31407
30969
31408
30970
31409
30971
31410
30972
31411
30973
31412
30974
31413
30975
31414
30976
31415
30977
31416
30978
31417
30979
31418
30980
31419
30981
31420
30982
31421
30983
31422
30984
31423
30985
31424
30986
31425
30987
31426
30988
31427
30989
31428
30990
31429
30991
31430
30992
31431
30993
31432
30994
31433
30995
31434
30996
31435
30997
31436
30998
31437
30999
31438
31000
31439
31001
31440
31002
31441
31003
31442
31004
31443
31005
31444
31006
31445
31007
31446
31008
31447
31009
31448
31010
31449
31011
31450
31012
31451
31013
31452
31014
31453
31015
31454
31016
31455
31017
31456
31018
31457
31019
31458
31020
31459
31021
31460
31022
31461
31023
31462
31024
31463
31025
31464
31026
31465
31027
31466
31028
31467
31029
31468
31030
31469
31031
31470
31032
31471
31033
31472
31034
31473
31035
31474
31036
31475
31037
31476
31038
31477
31039
31478
31479
31041
31480
31042
31481
31043
31482
31044
31483
31045
31484
31046
31485
31047
31486
31048
31487
31049
31488
31050
31489
31051
31490
31052
31491
31053
31492
31054
31493
31055
31494
31056
31495
31057
31496
31058
31497
31059
31498
31060
31499
31061
31500
31062
31501
31063
31502
31064
31503
31065
31504
31066
31505
31067
31506
31068
31507
31069
31508
31070
31509
31071
31510
31072
31511
31073
31512
31074
31513
31075
31514
31076
31515
31077
31516
31078
31517
31079
31518
31080
31519
31081
31520
31082
31521
31083
31522
31084
31523
31085
31524
31086
31525
31087
31526
31088
31527
31089
31528
31090
31529
31091
31530
31092
31531
31093
31532
31094
31533
31095
31534
31096
31535
31097
31536
31098
31537
31099
31538
31100
31539
31101
31540
31102
31541
31103
31542
31104
31543
31105
31544
31106
31545
31107
31546
31108
31547
31109
31548
31110
31549
31111
31550
31112
31551
31113
31552
31114
31553
31115
31554
31116
31555
31117
31556
31118
31557
31119
31558
31120
31559
31121
31560
31122
31561
31123
31562
31124
31563
31125
31564
31126
31565
31127
31566
31128
31567
31129
31568
31130
31569
31131
31570
31132
31571
31133
31572
31134
31573
31135
31574
31136
31575
31137
31576
31138
31577
31139
31578
31140
31579
31141
31580
31142
31581
31143
31582
31144
31583
31145
31584
31146
31585
31147
31586
31148
31587
31149
31588
31150
31589
31151
31590
31152
31591
31153
31592
31154
31593
31155
31594
31156
31595
31157
31596
31158
31597
31159
31598
31160
31599
31161
31600
31162
31601
31163
31602
31164
31603
31165
31604
31166
31605
31167
31606
31168
31607
31169
31608
31170
31609
31171
31610
31172
31611
31173
31612
31174
31613
31175
31614
31176
31615
31177
31616
31178
31617
31179
31618
31180
31619
31181
31620
31182
31621
31183
31622
31184
31623
31185
31624
31186
31625
31187
31626
31188
31627
31189
31628
31190
31629
31191
31630
31192
31631
31193
31632
31194
31633
31195
31634
31196
31635
31197
31636
31198
31637
31199
31638
31200
31639
31201
31640
31202
31641
31203
31642
31204
31643
31205
31644
31206
31645
31207
31646
31208
31647
31209
31648
31210
31649
31211
31650
31212
31651
31213
31652
31214
31653
31215
31654
31216
31655
31217
31656
31218
31657
31219
31658
31220
31659
31221
31660
31222
31661
31223
31662
31224
31663
31225
31664
31226
31665
31227
31666
31228
31667
31229
31668
31230
31669
31231
31670
31232
31671
31233
31672
31234
31673
31235
31674
31236
31675
31237
31676
31238
31677
31239
31678
31240
31679
31241
31680
31242
31681
31243
31682
31244
31683
31245
31684
31246
31685
31247
31686
31248
31687
31249
31688
31250
31689
31251
31690
31252
31691
31253
31692
31254
31693
31255
31694
31256
31695
31257
31696
31258
31697
31259
31698
31260
31699
31261
31700
31262
31701
31263
31702
31264
31703
31265
31704
31266
31705
31267
31706
31268
31707
31269
31708
31270
31709
31271
31710
31272
31711
31273
31712
31274
31713
31275
31714
31276
31715
31277
31716
31278
31717
31279
31718
31280
31719
31281
31720
31282
31721
31283
31722
31284
31723
31285
31724
31286
31725
31287
31726
31288
31727
31289
31728
31290
31729
31291
31730
31292
31731
31293
31732
31294
31733
31295
31734
31296
31735
31297
31736
31298
31737
31299
31738
31300
31739
31301
31740
31302
31741
31303
31742
31304
31743
31305
31744
31306
31745
31307
31746
31308
31747
31309
31748
31310
31749
31311
31750
31312
31751
31313
31752
31314
31753
31315
31754
31316
31755
31317
31756
31318
31757
31319
31758
31320
31759
31321
31760
31322
31761
31323
31762
31324
31763
31325
31764
31326
31765
31327
31766
31328
31767
31329
31768
31330
31769
31331
31770
31332
31771
31333
31772
31334
31773
31335
31774
31336
31775
31337
31776
31338
31777
31339
31778
31340
31779
31341
31780
31342
31781
31343
31782
31344
31783
31345
31784
31346
31785
31347
31786
31348
31787
31349
31788
31350
31789
31351
31790
31352
31791
31353
31792
31354
31793
31355
31794
31356
31795
31357
31796
31358
31797
31359
31798
31360
31799
31361
31800
31362
31801
31363
31802
31364
31803
31365
31804
31366
31805
31367
31806
31368
31807
31369
31808
31370
31809
31371
31810
31372
31811
31373
31812
31374
31813
31375
31814
31376
31815
31377
31816
31378
31817
31379
31818
31380
31819
31381
31820
31382
31821
31383
31822
31384
31823
31385
31824
31386
31825
31387
31826
31388
31827
31389
31828
31390
31829
31391
31830
31392
31831
31393
31832
31394
31833
31395
31834
31396
31835
31397
31836
31398
31837
31399
31838
31400
31839
31401
31840
31402
31841
31403
31842
31404
31843
31405
31844
31406
31845
31407
31846
31408
31847
31409
31848
31410
31849
31411
31850
31412
31851
31413
31852
31414
31853
31415
31854
31416
31855
31417
31856
31418
31857
31419
31858
31420
31859
31421
31860
31422
31861
31423
31862
31424
31863
31425
31864
31426
31865
31427
31866
31428
31867
31429
31868
31430
31869
31431
31870
31432
31871
31433
31872
31434
31873
31435
31874
31436
31875
31437
31876
31438
31877
31439
31878
31440
31879
31441
31880
31442
31881
31443
31882
31444
31883
31445
31884
31446
31885
31447
31886
31448
31887
31449
31888
31450
31889
31451
31890
31452
31891
31453
31892
31454
31893
31455
31894
31456
31895
31457
31896
31458
31897
31459
31898
31460
31899
31461
31900
31462
31901
31463
31902
31464
31903
31465
31904
31466
31905
31467
31906
31468
31907
31469
31908
31470
31909
31471
31910
31472
31911
31473
31912
31474
31913
31475
31914
31476
31915
31477
31916
31478
31917
31479
31918
31919
31481
31920
31482
31921
31483
31922
31484
31923
31485
31924
31486
31925
31487
31926
31488
31927
31489
31928
31490
31929
31491
31930
31492
31931
31493
31932
31494
31933
31495
31934
31496
31935
31497
31936
31498
31937
31499
31938
31500
31939
31501
31940
31502
31941
31503
31942
31504
31943
31505
31944
31506
31945
31507
31946
31508
31947
31509
31948
31510
31949
31511
31950
31512
31951
31513
31952
31514
31953
31515
31954
31516
31955
31517
31956
31518
31957
31519
31958
31520
31959
31521
31960
31522
31961
31523
31962
31524
31963
31525
31964
31526
31965
31527
31966
31528
31967
31529
31968
31530
31969
31531
31970
31532
31971
31533
31972
31534
31973
31535
31974
31536
31975
31537
31976
31538
31977
31539
31978
31540
31979
31541
31980
31542
31981
31543
31982
31544
31983
31545
31984
31546
31985
31547
31986
31548
31987
31549
31988
31550
31989
31551
31990
31552
31991
31553
31992
31554
31993
31555
31994
31556
31995
31557
31996
31558
31997
31559
31998
31560
31999
31561
32000
31562
32001
31563
32002
31564
32003
31565
32004
31566
32005
31567
32006
31568
32007
31569
32008
31570
32009
31571
32010
31572
32011
31573
32012
31574
32013
31575
32014
31576
32015
31577
32016
31578
32017
31579
32018
31580
32019
31581
32020
31582
32021
31583
32022
31584
32023
31585
32024
31586
32025
31587
32026
31588
32027
31589
32028
31590
32029
31591
32030
31592
32031
31593
32032
31594
32033
31595
32034
31596
32035
31597
32036
31598
32037
31599
32038
31600
32039
31601
32040
31602
32041
31603
32042
31604
32043
31605
32044
31606
32045
31607
32046
31608
32047
31609
32048
31610
32049
31611
32050
31612
32051
31613
32052
31614
32053
31615
32054
31616
32055
31617
32056
31618
32057
31619
32058
31620
32059
31621
32060
31622
32061
31623
32062
31624
32063
31625
32064
31626
32065
31627
32066
31628
32067
31629
32068
31630
32069
31631
32070
31632
32071
31633
32072
31634
32073
31635
32074
31636
32075
31637
32076
31638
32077
31639
32078
31640
32079
31641
32080
31642
32081
31643
32082
31644
32083
31645
32084
31646
32085
31647
32086
31648
32087
31649
32088
31650
32089
31651
32090
31652
32091
31653
32092
31654
32093
31655
32094
31656
32095
31657
32096
31658
32097
31659
32098
31660
32099
31661
32100
31662
32101
31663
32102
31664
32103
31665
32104
31666
32105
31667
32106
31668
32107
31669
32108
31670
32109
31671
32110
31672
32111
31673
32112
31674
32113
31675
32114
31676
32115
31677
32116
31678
32117
31679
32118
31680
32119
31681
32120
31682
32121
31683
32122
31684
32123
31685
32124
31686
32125
31687
32126
31688
32127
31689
32128
31690
32129
31691
32130
31692
32131
31693
32132
31694
32133
31695
32134
31696
32135
31697
32136
31698
32137
31699
32138
31700
32139
31701
32140
31702
32141
31703
32142
31704
32143
31705
32144
31706
32145
31707
32146
31708
32147
31709
32148
31710
32149
31711
32150
31712
32151
31713
32152
31714
32153
31715
32154
31716
32155
31717
32156
31718
32157
31719
32158
31720
32159
31721
32160
31722
32161
31723
32162
31724
32163
31725
32164
31726
32165
31727
32166
31728
32167
31729
32168
31730
32169
31731
32170
31732
32171
31733
32172
31734
32173
31735
32174
31736
32175
31737
32176
31738
32177
31739
32178
31740
32179
31741
32180
31742
32181
31743
32182
31744
32183
31745
32184
31746
32185
31747
32186
31748
32187
31749
32188
31750
32189
31751
32190
31752
32191
31753
32192
31754
32193
31755
32194
31756
32195
31757
32196
31758
32197
31759
32198
31760
32199
31761
32200
31762
32201
31763
32202
31764
32203
31765
32204
31766
32205
31767
32206
31768
32207
31769
32208
31770
32209
31771
32210
31772
32211
31773
32212
31774
32213
31775
32214
31776
32215
31777
32216
31778
32217
31779
32218
31780
32219
31781
32220
31782
32221
31783
32222
31784
32223
31785
32224
31786
32225
31787
32226
31788
32227
31789
32228
31790
32229
31791
32230
31792
32231
31793
32232
31794
32233
31795
32234
31796
32235
31797
32236
31798
32237
31799
32238
31800
32239
31801
32240
31802
32241
31803
32242
31804
32243
31805
32244
31806
32245
31807
32246
31808
32247
31809
32248
31810
32249
31811
32250
31812
32251
31813
32252
31814
32253
31815
32254
31816
32255
31817
32256
31818
32257
31819
32258
31820
32259
31821
32260
31822
32261
31823
32262
31824
32263
31825
32264
31826
32265
31827
32266
31828
32267
31829
32268
31830
32269
31831
32270
31832
32271
31833
32272
31834
32273
31835
32274
31836
32275
31837
32276
31838
32277
31839
32278
31840
32279
31841
32280
31842
32281
31843
32282
31844
32283
31845
32284
31846
32285
31847
32286
31848
32287
31849
32288
31850
32289
31851
32290
31852
32291
31853
32292
31854
32293
31855
32294
31856
32295
31857
32296
31858
32297
31859
32298
31860
32299
31861
32300
31862
32301
31863
32302
31864
32303
31865
32304
31866
32305
31867
32306
31868
32307
31869
32308
31870
32309
31871
32310
31872
32311
31873
32312
31874
32313
31875
32314
31876
32315
31877
32316
31878
32317
31879
32318
31880
32319
31881
32320
31882
32321
31883
32322
31884
32323
31885
32324
31886
32325
31887
32326
31888
32327
31889
32328
31890
32329
31891
32330
31892
32331
31893
32332
31894
32333
31895
32334
31896
32335
31897
32336
31898
32337
31899
32338
31900
32339
31901
32340
31902
32341
31903
32342
31904
32343
31905
32344
31906
32345
31907
32346
31908
32347
31909
32348
31910
32349
31911
32350
31912
32351
31913
32352
31914
32353
31915
32354
31916
32355
31917
32356
31918
32357
31919
32358
32359
31921
32360
31922
32361
31923
32362
31924
32363
31925
32364
31926
32365
31927
32366
31928
32367
31929
32368
31930
32369
31931
32370
31932
32371
31933
32372
31934
32373
31935
32374
31936
32375
31937
32376
31938
32377
31939
32378
31940
32379
31941
32380
31942
32381
31943
32382
31944
32383
31945
32384
31946
32385
31947
32386
31948
32387
31949
32388
31950
32389
31951
32390
31952
32391
31953
32392
31954
32393
31955
32394
31956
32395
31957
32396
31958
32397
31959
32398
31960
32399
31961
32400
31962
32401
31963
32402
31964
32403
31965
32404
31966
32405
31967
32406
31968
32407
31969
32408
31970
32409
31971
32410
31972
32411
31973
32412
31974
32413
31975
32414
31976
32415
31977
32416
31978
32417
31979
32418
31980
32419
31981
32420
31982
32421
31983
32422
31984
32423
31985
32424
31986
32425
31987
32426
31988
32427
31989
32428
31990
32429
31991
32430
31992
32431
31993
32432
31994
32433
31995
32434
31996
32435
31997
32436
31998
32437
31999
32438
32000
32439
32001
32440
32002
32441
32003
32442
32004
32443
32005
32444
32006
32445
32007
32446
32008
32447
32009
32448
32010
32449
32011
32450
32012
32451
32013
32452
32014
32453
32015
32454
32016
32455
32017
32456
32018
32457
32019
32458
32020
32459
32021
32460
32022
32461
32023
32462
32024
32463
32025
32464
32026
32465
32027
32466
32028
32467
32029
32468
32030
32469
32031
32470
32032
32471
32033
32472
32034
32473
32035
32474
32036
32475
32037
32476
32038
32477
32039
32478
32040
32479
32041
32480
32042
32481
32043
32482
32044
32483
32045
32484
32046
32485
32047
32486
32048
32487
32049
32488
32050
32489
32051
32490
32052
32491
32053
32492
32054
32493
32055
32494
32056
32495
32057
32496
32058
32497
32059
32498
32060
32499
32061
32500
32062
32501
32063
32502
32064
32503
32065
32504
32066
32505
32067
32506
32068
32507
32069
32508
32070
32509
32071
32510
32072
32511
32073
32512
32074
32513
32075
32514
32076
32515
32077
32516
32078
32517
32079
32518
32080
32519
32081
32520
32082
32521
32083
32522
32084
32523
32085
32524
32086
32525
32087
32526
32088
32527
32089
32528
32090
32529
32091
32530
32092
32531
32093
32532
32094
32533
32095
32534
32096
32535
32097
32536
32098
32537
32099
32538
32100
32539
32101
32540
32102
32541
32103
32542
32104
32543
32105
32544
32106
32545
32107
32546
32108
32547
32109
32548
32110
32549
32111
32550
32112
32551
32113
32552
32114
32553
32115
32554
32116
32555
32117
32556
32118
32557
32119
32558
32120
32559
32121
32560
32122
32561
32123
32562
32124
32563
32125
32564
32126
32565
32127
32566
32128
32567
32129
32568
32130
32569
32131
32570
32132
32571
32133
32572
32134
32573
32135
32574
32136
32575
32137
32576
32138
32577
32139
32578
32140
32579
32141
32580
32142
32581
32143
32582
32144
32583
32145
32584
32146
32585
32147
32586
32148
32587
32149
32588
32150
32589
32151
32590
32152
32591
32153
32592
32154
32593
32155
32594
32156
32595
32157
32596
32158
32597
32159
32598
32160
32599
32161
32600
32162
32601
32163
32602
32164
32603
32165
32604
32166
32605
32167
32606
32168
32607
32169
32608
32170
32609
32171
32610
32172
32611
32173
32612
32174
32613
32175
32614
32176
32615
32177
32616
32178
32617
32179
32618
32180
32619
32181
32620
32182
32621
32183
32622
32184
32623
32185
32624
32186
32625
32187
32626
32188
32627
32189
32628
32190
32629
32191
32630
32192
32631
32193
32632
32194
32633
32195
32634
32196
32635
32197
32636
32198
32637
32199
32638
32200
32639
32201
32640
32202
32641
32203
32642
32204
32643
32205
32644
32206
32645
32207
32646
32208
32647
32209
32648
32210
32649
32211
32650
32212
32651
32213
32652
32214
32653
32215
32654
32216
32655
32217
32656
32218
32657
32219
32658
32220
32659
32221
32660
32222
32661
32223
32662
32224
32663
32225
32664
32226
32665
32227
32666
32228
32667
32229
32668
32230
32669
32231
32670
32232
32671
32233
32672
32234
32673
32235
32674
32236
32675
32237
32676
32238
32677
32239
32678
32240
32679
32241
32680
32242
32681
32243
32682
32244
32683
32245
32684
32246
32685
32247
32686
32248
32687
32249
32688
32250
32689
32251
32690
32252
32691
32253
32692
32254
32693
32255
32694
32256
32695
32257
32696
32258
32697
32259
32698
32260
32699
32261
32700
32262
32701
32263
32702
32264
32703
32265
32704
32266
32705
32267
32706
32268
32707
32269
32708
32270
32709
32271
32710
32272
32711
32273
32712
32274
32713
32275
32714
32276
32715
32277
32716
32278
32717
32279
32718
32280
32719
32281
32720
32282
32721
32283
32722
32284
32723
32285
32724
32286
32725
32287
32726
32288
32727
32289
32728
32290
32729
32291
32730
32292
32731
32293
32732
32294
32733
32295
32734
32296
32735
32297
32736
32298
32737
32299
32738
32300
32739
32301
32740
32302
32741
32303
32742
32304
32743
32305
32744
32306
32745
32307
32746
32308
32747
32309
32748
32310
32749
32311
32750
32312
32751
32313
32752
32314
32753
32315
32754
32316
32755
32317
32756
32318
32757
32319
32758
32320
32759
32321
32760
32322
32761
32323
32762
32324
32763
32325
32764
32326
32765
32327
32766
32328
32767
32329
32768
32330
32769
32331
32770
32332
32771
32333
32772
32334
32773
32335
32774
32336
32775
32337
32776
32338
32777
32339
32778
32340
32779
32341
32780
32342
32781
32343
32782
32344
32783
32345
32784
32346
32785
32347
32786
32348
32787
32349
32788
32350
32789
32351
32790
32352
32791
32353
32792
32354
32793
32355
32794
32356
32795
32357
32796
32358
32797
32359
32798
32799
32361
32800
32362
32801
32363
32802
32364
32803
32365
32804
32366
32805
32367
32806
32368
32807
32369
32808
32370
32809
32371
32810
32372
32811
32373
32812
32374
32813
32375
32814
32376
32815
32377
32816
32378
32817
32379
32818
32380
32819
32381
32820
32382
32821
32383
32822
32384
32823
32385
32824
32386
32825
32387
32826
32388
32827
32389
32828
32390
32829
32391
32830
32392
32831
32393
32832
32394
32833
32395
32834
32396
32835
32397
32836
32398
32837
32399
32838
32400
32839
32401
32840
32402
32841
32403
32842
32404
32843
32405
32844
32406
32845
32407
32846
32408
32847
32409
32848
32410
32849
32411
32850
32412
32851
32413
32852
32414
32853
32415
32854
32416
32855
32417
32856
32418
32857
32419
32858
32420
32859
32421
32860
32422
32861
32423
32862
32424
32863
32425
32864
32426
32865
32427
32866
32428
32867
32429
32868
32430
32869
32431
32870
32432
32871
32433
32872
32434
32873
32435
32874
32436
32875
32437
32876
32438
32877
32439
32878
32440
32879
32441
32880
32442
32881
32443
32882
32444
32883
32445
32884
32446
32885
32447
32886
32448
32887
32449
32888
32450
32889
32451
32890
32452
32891
32453
32892
32454
32893
32455
32894
32456
32895
32457
32896
32458
32897
32459
32898
32460
32899
32461
32900
32462
32901
32463
32902
32464
32903
32465
32904
32466
32905
32467
32906
32468
32907
32469
32908
32470
32909
32471
32910
32472
32911
32473
32912
32474
32913
32475
32914
32476
32915
32477
32916
32478
32917
32479
32918
32480
32919
32481
32920
32482
32921
32483
32922
32484
32923
32485
32924
32486
32925
32487
32926
32488
32927
32489
32928
32490
32929
32491
32930
32492
32931
32493
32932
32494
32933
32495
32934
32496
32935
32497
32936
32498
32937
32499
32938
32500
32939
32501
32940
32502
32941
32503
32942
32504
32943
32505
32944
32506
32945
32507
32946
32508
32947
32509
32948
32510
32949
32511
32950
32512
32951
32513
32952
32514
32953
32515
32954
32516
32955
32517
32956
32518
32957
32519
32958
32520
32959
32521
32960
32522
32961
32523
32962
32524
32963
32525
32964
32526
32965
32527
32966
32528
32967
32529
32968
32530
32969
32531
32970
32532
32971
32533
32972
32534
32973
32535
32974
32536
32975
32537
32976
32538
32977
32539
32978
32540
32979
32541
32980
32542
32981
32543
32982
32544
32983
32545
32984
32546
32985
32547
32986
32548
32987
32549
32988
32550
32989
32551
32990
32552
32991
32553
32992
32554
32993
32555
32994
32556
32995
32557
32996
32558
32997
32559
32998
32560
32999
32561
33000
32562
33001
32563
33002
32564
33003
32565
33004
32566
33005
32567
33006
32568
33007
32569
33008
32570
33009
32571
33010
32572
33011
32573
33012
32574
33013
32575
33014
32576
33015
32577
33016
32578
33017
32579
33018
32580
33019
32581
33020
32582
33021
32583
33022
32584
33023
32585
33024
32586
33025
32587
33026
32588
33027
32589
33028
32590
33029
32591
33030
32592
33031
32593
33032
32594
33033
32595
33034
32596
33035
32597
33036
32598
33037
32599
33038
32600
33039
32601
33040
32602
33041
32603
33042
32604
33043
32605
33044
32606
33045
32607
33046
32608
33047
32609
33048
32610
33049
32611
33050
32612
33051
32613
33052
32614
33053
32615
33054
32616
33055
32617
33056
32618
33057
32619
33058
32620
33059
32621
33060
32622
33061
32623
33062
32624
33063
32625
33064
32626
33065
32627
33066
32628
33067
32629
33068
32630
33069
32631
33070
32632
33071
32633
33072
32634
33073
32635
33074
32636
33075
32637
33076
32638
33077
32639
33078
32640
33079
32641
33080
32642
33081
32643
33082
32644
33083
32645
33084
32646
33085
32647
33086
32648
33087
32649
33088
32650
33089
32651
33090
32652
33091
32653
33092
32654
33093
32655
33094
32656
33095
32657
33096
32658
33097
32659
33098
32660
33099
32661
33100
32662
33101
32663
33102
32664
33103
32665
33104
32666
33105
32667
33106
32668
33107
32669
33108
32670
33109
32671
33110
32672
33111
32673
33112
32674
33113
32675
33114
32676
33115
32677
33116
32678
33117
32679
33118
32680
33119
32681
33120
32682
33121
32683
33122
32684
33123
32685
33124
32686
33125
32687
33126
32688
33127
32689
33128
32690
33129
32691
33130
32692
33131
32693
33132
32694
33133
32695
33134
32696
33135
32697
33136
32698
33137
32699
33138
32700
33139
32701
33140
32702
33141
32703
33142
32704
33143
32705
33144
32706
33145
32707
33146
32708
33147
32709
33148
32710
33149
32711
33150
32712
33151
32713
33152
32714
33153
32715
33154
32716
33155
32717
33156
32718
33157
32719
33158
32720
33159
32721
33160
32722
33161
32723
33162
32724
33163
32725
33164
32726
33165
32727
33166
32728
33167
32729
33168
32730
33169
32731
33170
32732
33171
32733
33172
32734
33173
32735
33174
32736
33175
32737
33176
32738
33177
32739
33178
32740
33179
32741
33180
32742
33181
32743
33182
32744
33183
32745
33184
32746
33185
32747
33186
32748
33187
32749
33188
32750
33189
32751
33190
32752
33191
32753
33192
32754
33193
32755
33194
32756
33195
32757
33196
32758
33197
32759
33198
32760
33199
32761
33200
32762
33201
32763
33202
32764
33203
32765
33204
32766
33205
32767
33206
32768
33207
32769
33208
32770
33209
32771
33210
32772
33211
32773
33212
32774
33213
32775
33214
32776
33215
32777
33216
32778
33217
32779
33218
32780
33219
32781
33220
32782
33221
32783
33222
32784
33223
32785
33224
32786
33225
32787
33226
32788
33227
32789
33228
32790
33229
32791
33230
32792
33231
32793
33232
32794
33233
32795
33234
32796
33235
32797
33236
32798
33237
32799
33238
33239
32801
33240
32802
33241
32803
33242
32804
33243
32805
33244
32806
33245
32807
33246
32808
33247
32809
33248
32810
33249
32811
33250
32812
33251
32813
33252
32814
33253
32815
33254
32816
33255
32817
33256
32818
33257
32819
33258
32820
33259
32821
33260
32822
33261
32823
33262
32824
33263
32825
33264
32826
33265
32827
33266
32828
33267
32829
33268
32830
33269
32831
33270
32832
33271
32833
33272
32834
33273
32835
33274
32836
33275
32837
33276
32838
33277
32839
33278
32840
33279
32841
33280
32842
33281
32843
33282
32844
33283
32845
33284
32846
33285
32847
33286
32848
33287
32849
33288
32850
33289
32851
33290
32852
33291
32853
33292
32854
33293
32855
33294
32856
33295
32857
33296
32858
33297
32859
33298
32860
33299
32861
33300
32862
33301
32863
33302
32864
33303
32865
33304
32866
33305
32867
33306
32868
33307
32869
33308
32870
33309
32871
33310
32872
33311
32873
33312
32874
33313
32875
33314
32876
33315
32877
33316
32878
33317
32879
33318
32880
33319
32881
33320
32882
33321
32883
33322
32884
33323
32885
33324
32886
33325
32887
33326
32888
33327
32889
33328
32890
33329
32891
33330
32892
33331
32893
33332
32894
33333
32895
33334
32896
33335
32897
33336
32898
33337
32899
33338
32900
33339
32901
33340
32902
33341
32903
33342
32904
33343
32905
33344
32906
33345
32907
33346
32908
33347
32909
33348
32910
33349
32911
33350
32912
33351
32913
33352
32914
33353
32915
33354
32916
33355
32917
33356
32918
33357
32919
33358
32920
33359
32921
33360
32922
33361
32923
33362
32924
33363
32925
33364
32926
33365
32927
33366
32928
33367
32929
33368
32930
33369
32931
33370
32932
33371
32933
33372
32934
33373
32935
33374
32936
33375
32937
33376
32938
33377
32939
33378
32940
33379
32941
33380
32942
33381
32943
33382
32944
33383
32945
33384
32946
33385
32947
33386
32948
33387
32949
33388
32950
33389
32951
33390
32952
33391
32953
33392
32954
33393
32955
33394
32956
33395
32957
33396
32958
33397
32959
33398
32960
33399
32961
33400
32962
33401
32963
33402
32964
33403
32965
33404
32966
33405
32967
33406
32968
33407
32969
33408
32970
33409
32971
33410
32972
33411
32973
33412
32974
33413
32975
33414
32976
33415
32977
33416
32978
33417
32979
33418
32980
33419
32981
33420
32982
33421
32983
33422
32984
33423
32985
33424
32986
33425
32987
33426
32988
33427
32989
33428
32990
33429
32991
33430
32992
33431
32993
33432
32994
33433
32995
33434
32996
33435
32997
33436
32998
33437
32999
33438
33000
33439
33001
33440
33002
33441
33003
33442
33004
33443
33005
33444
33006
33445
33007
33446
33008
33447
33009
33448
33010
33449
33011
33450
33012
33451
33013
33452
33014
33453
33015
33454
33016
33455
33017
33456
33018
33457
33019
33458
33020
33459
33021
33460
33022
33461
33023
33462
33024
33463
33025
33464
33026
33465
33027
33466
33028
33467
33029
33468
33030
33469
33031
33470
33032
33471
33033
33472
33034
33473
33035
33474
33036
33475
33037
33476
33038
33477
33039
33478
33040
33479
33041
33480
33042
33481
33043
33482
33044
33483
33045
33484
33046
33485
33047
33486
33048
33487
33049
33488
33050
33489
33051
33490
33052
33491
33053
33492
33054
33493
33055
33494
33056
33495
33057
33496
33058
33497
33059
33498
33060
33499
33061
33500
33062
33501
33063
33502
33064
33503
33065
33504
33066
33505
33067
33506
33068
33507
33069
33508
33070
33509
33071
33510
33072
33511
33073
33512
33074
33513
33075
33514
33076
33515
33077
33516
33078
33517
33079
33518
33080
33519
33081
33520
33082
33521
33083
33522
33084
33523
33085
33524
33086
33525
33087
33526
33088
33527
33089
33528
33090
33529
33091
33530
33092
33531
33093
33532
33094
33533
33095
33534
33096
33535
33097
33536
33098
33537
33099
33538
33100
33539
33101
33540
33102
33541
33103
33542
33104
33543
33105
33544
33106
33545
33107
33546
33108
33547
33109
33548
33110
33549
33111
33550
33112
33551
33113
33552
33114
33553
33115
33554
33116
33555
33117
33556
33118
33557
33119
33558
33120
33559
33121
33560
33122
33561
33123
33562
33124
33563
33125
33564
33126
33565
33127
33566
33128
33567
33129
33568
33130
33569
33131
33570
33132
33571
33133
33572
33134
33573
33135
33574
33136
33575
33137
33576
33138
33577
33139
33578
33140
33579
33141
33580
33142
33581
33143
33582
33144
33583
33145
33584
33146
33585
33147
33586
33148
33587
33149
33588
33150
33589
33151
33590
33152
33591
33153
33592
33154
33593
33155
33594
33156
33595
33157
33596
33158
33597
33159
33598
33160
33599
33161
33600
33162
33601
33163
33602
33164
33603
33165
33604
33166
33605
33167
33606
33168
33607
33169
33608
33170
33609
33171
33610
33172
33611
33173
33612
33174
33613
33175
33614
33176
33615
33177
33616
33178
33617
33179
33618
33180
33619
33181
33620
33182
33621
33183
33622
33184
33623
33185
33624
33186
33625
33187
33626
33188
33627
33189
33628
33190
33629
33191
33630
33192
33631
33193
33632
33194
33633
33195
33634
33196
33635
33197
33636
33198
33637
33199
33638
33200
33639
33201
33640
33202
33641
33203
33642
33204
33643
33205
33644
33206
33645
33207
33646
33208
33647
33209
33648
33210
33649
33211
33650
33212
33651
33213
33652
33214
33653
33215
33654
33216
33655
33217
33656
33218
33657
33219
33658
33220
33659
33221
33660
33222
33661
33223
33662
33224
33663
33225
33664
33226
33665
33227
33666
33228
33667
33229
33668
33230
33669
33231
33670
33232
33671
33233
33672
33234
33673
33235
33674
33236
33675
33237
33676
33238
33677
33239
33678
33679
33241
33680
33242
33681
33243
33682
33244
33683
33245
33684
33246
33685
33247
33686
33248
33687
33249
33688
33250
33689
33251
33690
33252
33691
33253
33692
33254
33693
33255
33694
33256
33695
33257
33696
33258
33697
33259
33698
33260
33699
33261
33700
33262
33701
33263
33702
33264
33703
33265
33704
33266
33705
33267
33706
33268
33707
33269
33708
33270
33709
33271
33710
33272
33711
33273
33712
33274
33713
33275
33714
33276
33715
33277
33716
33278
33717
33279
33718
33280
33719
33281
33720
33282
33721
33283
33722
33284
33723
33285
33724
33286
33725
33287
33726
33288
33727
33289
33728
33290
33729
33291
33730
33292
33731
33293
33732
33294
33733
33295
33734
33296
33735
33297
33736
33298
33737
33299
33738
33300
33739
33301
33740
33302
33741
33303
33742
33304
33743
33305
33744
33306
33745
33307
33746
33308
33747
33309
33748
33310
33749
33311
33750
33312
33751
33313
33752
33314
33753
33315
33754
33316
33755
33317
33756
33318
33757
33319
33758
33320
33759
33321
33760
33322
33761
33323
33762
33324
33763
33325
33764
33326
33765
33327
33766
33328
33767
33329
33768
33330
33769
33331
33770
33332
33771
33333
33772
33334
33773
33335
33774
33336
33775
33337
33776
33338
33777
33339
33778
33340
33779
33341
33780
33342
33781
33343
33782
33344
33783
33345
33784
33346
33785
33347
33786
33348
33787
33349
33788
33350
33789
33351
33790
33352
33791
33353
33792
33354
33793
33355
33794
33356
33795
33357
33796
33358
33797
33359
33798
33360
33799
33361
33800
33362
33801
33363
33802
33364
33803
33365
33804
33366
33805
33367
33806
33368
33807
33369
33808
33370
33809
33371
33810
33372
33811
33373
33812
33374
33813
33375
33814
33376
33815
33377
33816
33378
33817
33379
33818
33380
33819
33381
33820
33382
33821
33383
33822
33384
33823
33385
33824
33386
33825
33387
33826
33388
33827
33389
33828
33390
33829
33391
33830
33392
33831
33393
33832
33394
33833
33395
33834
33396
33835
33397
33836
33398
33837
33399
33838
33400
33839
33401
33840
33402
33841
33403
33842
33404
33843
33405
33844
33406
33845
33407
33846
33408
33847
33409
33848
33410
33849
33411
33850
33412
33851
33413
33852
33414
33853
33415
33854
33416
33855
33417
33856
33418
33857
33419
33858
33420
33859
33421
33860
33422
33861
33423
33862
33424
33863
33425
33864
33426
33865
33427
33866
33428
33867
33429
33868
33430
33869
33431
33870
33432
33871
33433
33872
33434
33873
33435
33874
33436
33875
33437
33876
33438
33877
33439
33878
33440
33879
33441
33880
33442
33881
33443
33882
33444
33883
33445
33884
33446
33885
33447
33886
33448
33887
33449
33888
33450
33889
33451
33890
33452
33891
33453
33892
33454
33893
33455
33894
33456
33895
33457
33896
33458
33897
33459
33898
33460
33899
33461
33900
33462
33901
33463
33902
33464
33903
33465
33904
33466
33905
33467
33906
33468
33907
33469
33908
33470
33909
33471
33910
33472
33911
33473
33912
33474
33913
33475
33914
33476
33915
33477
33916
33478
33917
33479
33918
33480
33919
33481
33920
33482
33921
33483
33922
33484
33923
33485
33924
33486
33925
33487
33926
33488
33927
33489
33928
33490
33929
33491
33930
33492
33931
33493
33932
33494
33933
33495
33934
33496
33935
33497
33936
33498
33937
33499
33938
33500
33939
33501
33940
33502
33941
33503
33942
33504
33943
33505
33944
33506
33945
33507
33946
33508
33947
33509
33948
33510
33949
33511
33950
33512
33951
33513
33952
33514
33953
33515
33954
33516
33955
33517
33956
33518
33957
33519
33958
33520
33959
33521
33960
33522
33961
33523
33962
33524
33963
33525
33964
33526
33965
33527
33966
33528
33967
33529
33968
33530
33969
33531
33970
33532
33971
33533
33972
33534
33973
33535
33974
33536
33975
33537
33976
33538
33977
33539
33978
33540
33979
33541
33980
33542
33981
33543
33982
33544
33983
33545
33984
33546
33985
33547
33986
33548
33987
33549
33988
33550
33989
33551
33990
33552
33991
33553
33992
33554
33993
33555
33994
33556
33995
33557
33996
33558
33997
33559
33998
33560
33999
33561
34000
33562
34001
33563
34002
33564
34003
33565
34004
33566
34005
33567
34006
33568
34007
33569
34008
33570
34009
33571
34010
33572
34011
33573
34012
33574
34013
33575
34014
33576
34015
33577
34016
33578
34017
33579
34018
33580
34019
33581
34020
33582
34021
33583
34022
33584
34023
33585
34024
33586
34025
33587
34026
33588
34027
33589
34028
33590
34029
33591
34030
33592
34031
33593
34032
33594
34033
33595
34034
33596
34035
33597
34036
33598
34037
33599
34038
33600
34039
33601
34040
33602
34041
33603
34042
33604
34043
33605
34044
33606
34045
33607
34046
33608
34047
33609
34048
33610
34049
33611
34050
33612
34051
33613
34052
33614
34053
33615
34054
33616
34055
33617
34056
33618
34057
33619
34058
33620
34059
33621
34060
33622
34061
33623
34062
33624
34063
33625
34064
33626
34065
33627
34066
33628
34067
33629
34068
33630
34069
33631
34070
33632
34071
33633
34072
33634
34073
33635
34074
33636
34075
33637
34076
33638
34077
33639
34078
33640
34079
33641
34080
33642
34081
33643
34082
33644
34083
33645
34084
33646
34085
33647
34086
33648
34087
33649
34088
33650
34089
33651
34090
33652
34091
33653
34092
33654
34093
33655
34094
33656
34095
33657
34096
33658
34097
33659
34098
33660
34099
33661
34100
33662
34101
33663
34102
33664
34103
33665
34104
33666
34105
33667
34106
33668
34107
33669
34108
33670
34109
33671
34110
33672
34111
33673
34112
33674
34113
33675
34114
33676
34115
33677
34116
33678
34117
33679
34118
34119
33681
34120
33682
34121
33683
34122
33684
34123
33685
34124
33686
34125
33687
34126
33688
34127
33689
34128
33690
34129
33691
34130
33692
34131
33693
34132
33694
34133
33695
34134
33696
34135
33697
34136
33698
34137
33699
34138
33700
34139
33701
34140
33702
34141
33703
34142
33704
34143
33705
34144
33706
34145
33707
34146
33708
34147
33709
34148
33710
34149
33711
34150
33712
34151
33713
34152
33714
34153
33715
34154
33716
34155
33717
34156
33718
34157
33719
34158
33720
34159
33721
34160
33722
34161
33723
34162
33724
34163
33725
34164
33726
34165
33727
34166
33728
34167
33729
34168
33730
34169
33731
34170
33732
34171
33733
34172
33734
34173
33735
34174
33736
34175
33737
34176
33738
34177
33739
34178
33740
34179
33741
34180
33742
34181
33743
34182
33744
34183
33745
34184
33746
34185
33747
34186
33748
34187
33749
34188
33750
34189
33751
34190
33752
34191
33753
34192
33754
34193
33755
34194
33756
34195
33757
34196
33758
34197
33759
34198
33760
34199
33761
34200
33762
34201
33763
34202
33764
34203
33765
34204
33766
34205
33767
34206
33768
34207
33769
34208
33770
34209
33771
34210
33772
34211
33773
34212
33774
34213
33775
34214
33776
34215
33777
34216
33778
34217
33779
34218
33780
34219
33781
34220
33782
34221
33783
34222
33784
34223
33785
34224
33786
34225
33787
34226
33788
34227
33789
34228
33790
34229
33791
34230
33792
34231
33793
34232
33794
34233
33795
34234
33796
34235
33797
34236
33798
34237
33799
34238
33800
34239
33801
34240
33802
34241
33803
34242
33804
34243
33805
34244
33806
34245
33807
34246
33808
34247
33809
34248
33810
34249
33811
34250
33812
34251
33813
34252
33814
34253
33815
34254
33816
34255
33817
34256
33818
34257
33819
34258
33820
34259
33821
34260
33822
34261
33823
34262
33824
34263
33825
34264
33826
34265
33827
34266
33828
34267
33829
34268
33830
34269
33831
34270
33832
34271
33833
34272
33834
34273
33835
34274
33836
34275
33837
34276
33838
34277
33839
34278
33840
34279
33841
34280
33842
34281
33843
34282
33844
34283
33845
34284
33846
34285
33847
34286
33848
34287
33849
34288
33850
34289
33851
34290
33852
34291
33853
34292
33854
34293
33855
34294
33856
34295
33857
34296
33858
34297
33859
34298
33860
34299
33861
34300
33862
34301
33863
34302
33864
34303
33865
34304
33866
34305
33867
34306
33868
34307
33869
34308
33870
34309
33871
34310
33872
34311
33873
34312
33874
34313
33875
34314
33876
34315
33877
34316
33878
34317
33879
34318
33880
34319
33881
34320
33882
34321
33883
34322
33884
34323
33885
34324
33886
34325
33887
34326
33888
34327
33889
34328
33890
34329
33891
34330
33892
34331
33893
34332
33894
34333
33895
34334
33896
34335
33897
34336
33898
34337
33899
34338
33900
34339
33901
34340
33902
34341
33903
34342
33904
34343
33905
34344
33906
34345
33907
34346
33908
34347
33909
34348
33910
34349
33911
34350
33912
34351
33913
34352
33914
34353
33915
34354
33916
34355
33917
34356
33918
34357
33919
34358
33920
34359
33921
34360
33922
34361
33923
34362
33924
34363
33925
34364
33926
34365
33927
34366
33928
34367
33929
34368
33930
34369
33931
34370
33932
34371
33933
34372
33934
34373
33935
34374
33936
34375
33937
34376
33938
34377
33939
34378
33940
34379
33941
34380
33942
34381
33943
34382
33944
34383
33945
34384
33946
34385
33947
34386
33948
34387
33949
34388
33950
34389
33951
34390
33952
34391
33953
34392
33954
34393
33955
34394
33956
34395
33957
34396
33958
34397
33959
34398
33960
34399
33961
34400
33962
34401
33963
34402
33964
34403
33965
34404
33966
34405
33967
34406
33968
34407
33969
34408
33970
34409
33971
34410
33972
34411
33973
34412
33974
34413
33975
34414
33976
34415
33977
34416
33978
34417
33979
34418
33980
34419
33981
34420
33982
34421
33983
34422
33984
34423
33985
34424
33986
34425
33987
34426
33988
34427
33989
34428
33990
34429
33991
34430
33992
34431
33993
34432
33994
34433
33995
34434
33996
34435
33997
34436
33998
34437
33999
34438
34000
34439
34001
34440
34002
34441
34003
34442
34004
34443
34005
34444
34006
34445
34007
34446
34008
34447
34009
34448
34010
34449
34011
34450
34012
34451
34013
34452
34014
34453
34015
34454
34016
34455
34017
34456
34018
34457
34019
34458
34020
34459
34021
34460
34022
34461
34023
34462
34024
34463
34025
34464
34026
34465
34027
34466
34028
34467
34029
34468
34030
34469
34031
34470
34032
34471
34033
34472
34034
34473
34035
34474
34036
34475
34037
34476
34038
34477
34039
34478
34040
34479
34041
34480
34042
34481
34043
34482
34044
34483
34045
34484
34046
34485
34047
34486
34048
34487
34049
34488
34050
34489
34051
34490
34052
34491
34053
34492
34054
34493
34055
34494
34056
34495
34057
34496
34058
34497
34059
34498
34060
34499
34061
34500
34062
34501
34063
34502
34064
34503
34065
34504
34066
34505
34067
34506
34068
34507
34069
34508
34070
34509
34071
34510
34072
34511
34073
34512
34074
34513
34075
34514
34076
34515
34077
34516
34078
34517
34079
34518
34080
34519
34081
34520
34082
34521
34083
34522
34084
34523
34085
34524
34086
34525
34087
34526
34088
34527
34089
34528
34090
34529
34091
34530
34092
34531
34093
34532
34094
34533
34095
34534
34096
34535
34097
34536
34098
34537
34099
34538
34100
34539
34101
34540
34102
34541
34103
34542
34104
34543
34105
34544
34106
34545
34107
34546
34108
34547
34109
34548
34110
34549
34111
34550
34112
34551
34113
34552
34114
34553
34115
34554
34116
34555
34117
34556
34118
34557
34119
34558
34559
34121
34560
34122
34561
34123
34562
34124
34563
34125
34564
34126
34565
34127
34566
34128
34567
34129
34568
34130
34569
34131
34570
34132
34571
34133
34572
34134
34573
34135
34574
34136
34575
34137
34576
34138
34577
34139
34578
34140
34579
34141
34580
34142
34581
34143
34582
34144
34583
34145
34584
34146
34585
34147
34586
34148
34587
34149
34588
34150
34589
34151
34590
34152
34591
34153
34592
34154
34593
34155
34594
34156
34595
34157
34596
34158
34597
34159
34598
34160
34599
34161
34600
34162
34601
34163
34602
34164
34603
34165
34604
34166
34605
34167
34606
34168
34607
34169
34608
34170
34609
34171
34610
34172
34611
34173
34612
34174
34613
34175
34614
34176
34615
34177
34616
34178
34617
34179
34618
34180
34619
34181
34620
34182
34621
34183
34622
34184
34623
34185
34624
34186
34625
34187
34626
34188
34627
34189
34628
34190
34629
34191
34630
34192
34631
34193
34632
34194
34633
34195
34634
34196
34635
34197
34636
34198
34637
34199
34638
34200
34639
34201
34640
34202
34641
34203
34642
34204
34643
34205
34644
34206
34645
34207
34646
34208
34647
34209
34648
34210
34649
34211
34650
34212
34651
34213
34652
34214
34653
34215
34654
34216
34655
34217
34656
34218
34657
34219
34658
34220
34659
34221
34660
34222
34661
34223
34662
34224
34663
34225
34664
34226
34665
34227
34666
34228
34667
34229
34668
34230
34669
34231
34670
34232
34671
34233
34672
34234
34673
34235
34674
34236
34675
34237
34676
34238
34677
34239
34678
34240
34679
34241
34680
34242
34681
34243
34682
34244
34683
34245
34684
34246
34685
34247
34686
34248
34687
34249
34688
34250
34689
34251
34690
34252
34691
34253
34692
34254
34693
34255
34694
34256
34695
34257
34696
34258
34697
34259
34698
34260
34699
34261
34700
34262
34701
34263
34702
34264
34703
34265
34704
34266
34705
34267
34706
34268
34707
34269
34708
34270
34709
34271
34710
34272
34711
34273
34712
34274
34713
34275
34714
34276
34715
34277
34716
34278
34717
34279
34718
34280
34719
34281
34720
34282
34721
34283
34722
34284
34723
34285
34724
34286
34725
34287
34726
34288
34727
34289
34728
34290
34729
34291
34730
34292
34731
34293
34732
34294
34733
34295
34734
34296
34735
34297
34736
34298
34737
34299
34738
34300
34739
34301
34740
34302
34741
34303
34742
34304
34743
34305
34744
34306
34745
34307
34746
34308
34747
34309
34748
34310
34749
34311
34750
34312
34751
34313
34752
34314
34753
34315
34754
34316
34755
34317
34756
34318
34757
34319
34758
34320
34759
34321
34760
34322
34761
34323
34762
34324
34763
34325
34764
34326
34765
34327
34766
34328
34767
34329
34768
34330
34769
34331
34770
34332
34771
34333
34772
34334
34773
34335
34774
34336
34775
34337
34776
34338
34777
34339
34778
34340
34779
34341
34780
34342
34781
34343
34782
34344
34783
34345
34784
34346
34785
34347
34786
34348
34787
34349
34788
34350
34789
34351
34790
34352
34791
34353
34792
34354
34793
34355
34794
34356
34795
34357
34796
34358
34797
34359
34798
34360
34799
34361
34800
34362
34801
34363
34802
34364
34803
34365
34804
34366
34805
34367
34806
34368
34807
34369
34808
34370
34809
34371
34810
34372
34811
34373
34812
34374
34813
34375
34814
34376
34815
34377
34816
34378
34817
34379
34818
34380
34819
34381
34820
34382
34821
34383
34822
34384
34823
34385
34824
34386
34825
34387
34826
34388
34827
34389
34828
34390
34829
34391
34830
34392
34831
34393
34832
34394
34833
34395
34834
34396
34835
34397
34836
34398
34837
34399
34838
34400
34839
34401
34840
34402
34841
34403
34842
34404
34843
34405
34844
34406
34845
34407
34846
34408
34847
34409
34848
34410
34849
34411
34850
34412
34851
34413
34852
34414
34853
34415
34854
34416
34855
34417
34856
34418
34857
34419
34858
34420
34859
34421
34860
34422
34861
34423
34862
34424
34863
34425
34864
34426
34865
34427
34866
34428
34867
34429
34868
34430
34869
34431
34870
34432
34871
34433
34872
34434
34873
34435
34874
34436
34875
34437
34876
34438
34877
34439
34878
34440
34879
34441
34880
34442
34881
34443
34882
34444
34883
34445
34884
34446
34885
34447
34886
34448
34887
34449
34888
34450
34889
34451
34890
34452
34891
34453
34892
34454
34893
34455
34894
34456
34895
34457
34896
34458
34897
34459
34898
34460
34899
34461
34900
34462
34901
34463
34902
34464
34903
34465
34904
34466
34905
34467
34906
34468
34907
34469
34908
34470
34909
34471
34910
34472
34911
34473
34912
34474
34913
34475
34914
34476
34915
34477
34916
34478
34917
34479
34918
34480
34919
34481
34920
34482
34921
34483
34922
34484
34923
34485
34924
34486
34925
34487
34926
34488
34927
34489
34928
34490
34929
34491
34930
34492
34931
34493
34932
34494
34933
34495
34934
34496
34935
34497
34936
34498
34937
34499
34938
34500
34939
34501
34940
34502
34941
34503
34942
34504
34943
34505
34944
34506
34945
34507
34946
34508
34947
34509
34948
34510
34949
34511
34950
34512
34951
34513
34952
34514
34953
34515
34954
34516
34955
34517
34956
34518
34957
34519
34958
34520
34959
34521
34960
34522
34961
34523
34962
34524
34963
34525
34964
34526
34965
34527
34966
34528
34967
34529
34968
34530
34969
34531
34970
34532
34971
34533
34972
34534
34973
34535
34974
34536
34975
34537
34976
34538
34977
34539
34978
34540
34979
34541
34980
34542
34981
34543
34982
34544
34983
34545
34984
34546
34985
34547
34986
34548
34987
34549
34988
34550
34989
34551
34990
34552
34991
34553
34992
34554
34993
34555
34994
34556
34995
34557
34996
34558
34997
34559
34998
34999
34561
35000
34562
35001
34563
35002
34564
35003
34565
35004
34566
35005
34567
35006
34568
35007
34569
35008
34570
35009
34571
35010
34572
35011
34573
35012
34574
35013
34575
35014
34576
35015
34577
35016
34578
35017
34579
35018
34580
35019
34581
35020
34582
35021
34583
35022
34584
35023
34585
35024
34586
35025
34587
35026
34588
35027
34589
35028
34590
35029
34591
35030
34592
35031
34593
35032
34594
35033
34595
35034
34596
35035
34597
35036
34598
35037
34599
35038
34600
35039
34601
35040
34602
35041
34603
35042
34604
35043
34605
35044
34606
35045
34607
35046
34608
35047
34609
35048
34610
35049
34611
35050
34612
35051
34613
35052
34614
35053
34615
35054
34616
35055
34617
35056
34618
35057
34619
35058
34620
35059
34621
35060
34622
35061
34623
35062
34624
35063
34625
35064
34626
35065
34627
35066
34628
35067
34629
35068
34630
35069
34631
35070
34632
35071
34633
35072
34634
35073
34635
35074
34636
35075
34637
35076
34638
35077
34639
35078
34640
35079
34641
35080
34642
35081
34643
35082
34644
35083
34645
35084
34646
35085
34647
35086
34648
35087
34649
35088
34650
35089
34651
35090
34652
35091
34653
35092
34654
35093
34655
35094
34656
35095
34657
35096
34658
35097
34659
35098
34660
35099
34661
35100
34662
35101
34663
35102
34664
35103
34665
35104
34666
35105
34667
35106
34668
35107
34669
35108
34670
35109
34671
35110
34672
35111
34673
35112
34674
35113
34675
35114
34676
35115
34677
35116
34678
35117
34679
35118
34680
35119
34681
35120
34682
35121
34683
35122
34684
35123
34685
35124
34686
35125
34687
35126
34688
35127
34689
35128
34690
35129
34691
35130
34692
35131
34693
35132
34694
35133
34695
35134
34696
35135
34697
35136
34698
35137
34699
35138
34700
35139
34701
35140
34702
35141
34703
35142
34704
35143
34705
35144
34706
35145
34707
35146
34708
35147
34709
35148
34710
35149
34711
35150
34712
35151
34713
35152
34714
35153
34715
35154
34716
35155
34717
35156
34718
35157
34719
35158
34720
35159
34721
35160
34722
35161
34723
35162
34724
35163
34725
35164
34726
35165
34727
35166
34728
35167
34729
35168
34730
35169
34731
35170
34732
35171
34733
35172
34734
35173
34735
35174
34736
35175
34737
35176
34738
35177
34739
35178
34740
35179
34741
35180
34742
35181
34743
35182
34744
35183
34745
35184
34746
35185
34747
35186
34748
35187
34749
35188
34750
35189
34751
35190
34752
35191
34753
35192
34754
35193
34755
35194
34756
35195
34757
35196
34758
35197
34759
35198
34760
35199
34761
35200
34762
35201
34763
35202
34764
35203
34765
35204
34766
35205
34767
35206
34768
35207
34769
35208
34770
35209
34771
35210
34772
35211
34773
35212
34774
35213
34775
35214
34776
35215
34777
35216
34778
35217
34779
35218
34780
35219
34781
35220
34782
35221
34783
35222
34784
35223
34785
35224
34786
35225
34787
35226
34788
35227
34789
35228
34790
35229
34791
35230
34792
35231
34793
35232
34794
35233
34795
35234
34796
35235
34797
35236
34798
35237
34799
35238
34800
35239
34801
35240
34802
35241
34803
35242
34804
35243
34805
35244
34806
35245
34807
35246
34808
35247
34809
35248
34810
35249
34811
35250
34812
35251
34813
35252
34814
35253
34815
35254
34816
35255
34817
35256
34818
35257
34819
35258
34820
35259
34821
35260
34822
35261
34823
35262
34824
35263
34825
35264
34826
35265
34827
35266
34828
35267
34829
35268
34830
35269
34831
35270
34832
35271
34833
35272
34834
35273
34835
35274
34836
35275
34837
35276
34838
35277
34839
35278
34840
35279
34841
35280
34842
35281
34843
35282
34844
35283
34845
35284
34846
35285
34847
35286
34848
35287
34849
35288
34850
35289
34851
35290
34852
35291
34853
35292
34854
35293
34855
35294
34856
35295
34857
35296
34858
35297
34859
35298
34860
35299
34861
35300
34862
35301
34863
35302
34864
35303
34865
35304
34866
35305
34867
35306
34868
35307
34869
35308
34870
35309
34871
35310
34872
35311
34873
35312
34874
35313
34875
35314
34876
35315
34877
35316
34878
35317
34879
35318
34880
35319
34881
35320
34882
35321
34883
35322
34884
35323
34885
35324
34886
35325
34887
35326
34888
35327
34889
35328
34890
35329
34891
35330
34892
35331
34893
35332
34894
35333
34895
35334
34896
35335
34897
35336
34898
35337
34899
35338
34900
35339
34901
35340
34902
35341
34903
35342
34904
35343
34905
35344
34906
35345
34907
35346
34908
35347
34909
35348
34910
35349
34911
35350
34912
35351
34913
35352
34914
35353
34915
35354
34916
35355
34917
35356
34918
35357
34919
35358
34920
35359
34921
35360
34922
35361
34923
35362
34924
35363
34925
35364
34926
35365
34927
35366
34928
35367
34929
35368
34930
35369
34931
35370
34932
35371
34933
35372
34934
35373
34935
35374
34936
35375
34937
35376
34938
35377
34939
35378
34940
35379
34941
35380
34942
35381
34943
35382
34944
35383
34945
35384
34946
35385
34947
35386
34948
35387
34949
35388
34950
35389
34951
35390
34952
35391
34953
35392
34954
35393
34955
35394
34956
35395
34957
35396
34958
35397
34959
35398
34960
35399
34961
35400
34962
35401
34963
35402
34964
35403
34965
35404
34966
35405
34967
35406
34968
35407
34969
35408
34970
35409
34971
35410
34972
35411
34973
35412
34974
35413
34975
35414
34976
35415
34977
35416
34978
35417
34979
35418
34980
35419
34981
35420
34982
35421
34983
35422
34984
35423
34985
35424
34986
35425
34987
35426
34988
35427
34989
35428
34990
35429
34991
35430
34992
35431
34993
35432
34994
35433
34995
35434
34996
35435
34997
35436
34998
35437
34999
35438
35439
35001
35440
35002
35441
35003
35442
35004
35443
35005
35444
35006
35445
35007
35446
35008
35447
35009
35448
35010
35449
35011
35450
35012
35451
35013
35452
35014
35453
35015
35454
35016
35455
35017
35456
35018
35457
35019
35458
35020
35459
35021
35460
35022
35461
35023
35462
35024
35463
35025
35464
35026
35465
35027
35466
35028
35467
35029
35468
35030
35469
35031
35470
35032
35471
35033
35472
35034
35473
35035
35474
35036
35475
35037
35476
35038
35477
35039
35478
35040
35479
35041
35480
35042
35481
35043
35482
35044
35483
35045
35484
35046
35485
35047
35486
35048
35487
35049
35488
35050
35489
35051
35490
35052
35491
35053
35492
35054
35493
35055
35494
35056
35495
35057
35496
35058
35497
35059
35498
35060
35499
35061
35500
35062
35501
35063
35502
35064
35503
35065
35504
35066
35505
35067
35506
35068
35507
35069
35508
35070
35509
35071
35510
35072
35511
35073
35512
35074
35513
35075
35514
35076
35515
35077
35516
35078
35517
35079
35518
35080
35519
35081
35520
35082
35521
35083
35522
35084
35523
35085
35524
35086
35525
35087
35526
35088
35527
35089
35528
35090
35529
35091
35530
35092
35531
35093
35532
35094
35533
35095
35534
35096
35535
35097
35536
35098
35537
35099
35538
35100
35539
35101
35540
35102
35541
35103
35542
35104
35543
35105
35544
35106
35545
35107
35546
35108
35547
35109
35548
35110
35549
35111
35550
35112
35551
35113
35552
35114
35553
35115
35554
35116
35555
35117
35556
35118
35557
35119
35558
35120
35559
35121
35560
35122
35561
35123
35562
35124
35563
35125
35564
35126
35565
35127
35566
35128
35567
35129
35568
35130
35569
35131
35570
35132
35571
35133
35572
35134
35573
35135
35574
35136
35575
35137
35576
35138
35577
35139
35578
35140
35579
35141
35580
35142
35581
35143
35582
35144
35583
35145
35584
35146
35585
35147
35586
35148
35587
35149
35588
35150
35589
35151
35590
35152
35591
35153
35592
35154
35593
35155
35594
35156
35595
35157
35596
35158
35597
35159
35598
35160
35599
35161
35600
35162
35601
35163
35602
35164
35603
35165
35604
35166
35605
35167
35606
35168
35607
35169
35608
35170
35609
35171
35610
35172
35611
35173
35612
35174
35613
35175
35614
35176
35615
35177
35616
35178
35617
35179
35618
35180
35619
35181
35620
35182
35621
35183
35622
35184
35623
35185
35624
35186
35625
35187
35626
35188
35627
35189
35628
35190
35629
35191
35630
35192
35631
35193
35632
35194
35633
35195
35634
35196
35635
35197
35636
35198
35637
35199
35638
35200
35639
35201
35640
35202
35641
35203
35642
35204
35643
35205
35644
35206
35645
35207
35646
35208
35647
35209
35648
35210
35649
35211
35650
35212
35651
35213
35652
35214
35653
35215
35654
35216
35655
35217
35656
35218
35657
35219
35658
35220
35659
35221
35660
35222
35661
35223
35662
35224
35663
35225
35664
35226
35665
35227
35666
35228
35667
35229
35668
35230
35669
35231
35670
35232
35671
35233
35672
35234
35673
35235
35674
35236
35675
35237
35676
35238
35677
35239
35678
35240
35679
35241
35680
35242
35681
35243
35682
35244
35683
35245
35684
35246
35685
35247
35686
35248
35687
35249
35688
35250
35689
35251
35690
35252
35691
35253
35692
35254
35693
35255
35694
35256
35695
35257
35696
35258
35697
35259
35698
35260
35699
35261
35700
35262
35701
35263
35702
35264
35703
35265
35704
35266
35705
35267
35706
35268
35707
35269
35708
35270
35709
35271
35710
35272
35711
35273
35712
35274
35713
35275
35714
35276
35715
35277
35716
35278
35717
35279
35718
35280
35719
35281
35720
35282
35721
35283
35722
35284
35723
35285
35724
35286
35725
35287
35726
35288
35727
35289
35728
35290
35729
35291
35730
35292
35731
35293
35732
35294
35733
35295
35734
35296
35735
35297
35736
35298
35737
35299
35738
35300
35739
35301
35740
35302
35741
35303
35742
35304
35743
35305
35744
35306
35745
35307
35746
35308
35747
35309
35748
35310
35749
35311
35750
35312
35751
35313
35752
35314
35753
35315
35754
35316
35755
35317
35756
35318
35757
35319
35758
35320
35759
35321
35760
35322
35761
35323
35762
35324
35763
35325
35764
35326
35765
35327
35766
35328
35767
35329
35768
35330
35769
35331
35770
35332
35771
35333
35772
35334
35773
35335
35774
35336
35775
35337
35776
35338
35777
35339
35778
35340
35779
35341
35780
35342
35781
35343
35782
35344
35783
35345
35784
35346
35785
35347
35786
35348
35787
35349
35788
35350
35789
35351
35790
35352
35791
35353
35792
35354
35793
35355
35794
35356
35795
35357
35796
35358
35797
35359
35798
35360
35799
35361
35800
35362
35801
35363
35802
35364
35803
35365
35804
35366
35805
35367
35806
35368
35807
35369
35808
35370
35809
35371
35810
35372
35811
35373
35812
35374
35813
35375
35814
35376
35815
35377
35816
35378
35817
35379
35818
35380
35819
35381
35820
35382
35821
35383
35822
35384
35823
35385
35824
35386
35825
35387
35826
35388
35827
35389
35828
35390
35829
35391
35830
35392
35831
35393
35832
35394
35833
35395
35834
35396
35835
35397
35836
35398
35837
35399
35838
35400
35839
35401
35840
35402
35841
35403
35842
35404
35843
35405
35844
35406
35845
35407
35846
35408
35847
35409
35848
35410
35849
35411
35850
35412
35851
35413
35852
35414
35853
35415
35854
35416
35855
35417
35856
35418
35857
35419
35858
35420
35859
35421
35860
35422
35861
35423
35862
35424
35863
35425
35864
35426
35865
35427
35866
35428
35867
35429
35868
35430
35869
35431
35870
35432
35871
35433
35872
35434
35873
35435
35874
35436
35875
35437
35876
35438
35877
35439
35878
35879
35441
35880
35442
35881
35443
35882
35444
35883
35445
35884
35446
35885
35447
35886
35448
35887
35449
35888
35450
35889
35451
35890
35452
35891
35453
35892
35454
35893
35455
35894
35456
35895
35457
35896
35458
35897
35459
35898
35460
35899
35461
35900
35462
35901
35463
35902
35464
35903
35465
35904
35466
35905
35467
35906
35468
35907
35469
35908
35470
35909
35471
35910
35472
35911
35473
35912
35474
35913
35475
35914
35476
35915
35477
35916
35478
35917
35479
35918
35480
35919
35481
35920
35482
35921
35483
35922
35484
35923
35485
35924
35486
35925
35487
35926
35488
35927
35489
35928
35490
35929
35491
35930
35492
35931
35493
35932
35494
35933
35495
35934
35496
35935
35497
35936
35498
35937
35499
35938
35500
35939
35501
35940
35502
35941
35503
35942
35504
35943
35505
35944
35506
35945
35507
35946
35508
35947
35509
35948
35510
35949
35511
35950
35512
35951
35513
35952
35514
35953
35515
35954
35516
35955
35517
35956
35518
35957
35519
35958
35520
35959
35521
35960
35522
35961
35523
35962
35524
35963
35525
35964
35526
35965
35527
35966
35528
35967
35529
35968
35530
35969
35531
35970
35532
35971
35533
35972
35534
35973
35535
35974
35536
35975
35537
35976
35538
35977
35539
35978
35540
35979
35541
35980
35542
35981
35543
35982
35544
35983
35545
35984
35546
35985
35547
35986
35548
35987
35549
35988
35550
35989
35551
35990
35552
35991
35553
35992
35554
35993
35555
35994
35556
35995
35557
35996
35558
35997
35559
35998
35560
35999
35561
36000
35562
36001
35563
36002
35564
36003
35565
36004
35566
36005
35567
36006
35568
36007
35569
36008
35570
36009
35571
36010
35572
36011
35573
36012
35574
36013
35575
36014
35576
36015
35577
36016
35578
36017
35579
36018
35580
36019
35581
36020
35582
36021
35583
36022
35584
36023
35585
36024
35586
36025
35587
36026
35588
36027
35589
36028
35590
36029
35591
36030
35592
36031
35593
36032
35594
36033
35595
36034
35596
36035
35597
36036
35598
36037
35599
36038
35600
36039
35601
36040
35602
36041
35603
36042
35604
36043
35605
36044
35606
36045
35607
36046
35608
36047
35609
36048
35610
36049
35611
36050
35612
36051
35613
36052
35614
36053
35615
36054
35616
36055
35617
36056
35618
36057
35619
36058
35620
36059
35621
36060
35622
36061
35623
36062
35624
36063
35625
36064
35626
36065
35627
36066
35628
36067
35629
36068
35630
36069
35631
36070
35632
36071
35633
36072
35634
36073
35635
36074
35636
36075
35637
36076
35638
36077
35639
36078
35640
36079
35641
36080
35642
36081
35643
36082
35644
36083
35645
36084
35646
36085
35647
36086
35648
36087
35649
36088
35650
36089
35651
36090
35652
36091
35653
36092
35654
36093
35655
36094
35656
36095
35657
36096
35658
36097
35659
36098
35660
36099
35661
36100
35662
36101
35663
36102
35664
36103
35665
36104
35666
36105
35667
36106
35668
36107
35669
36108
35670
36109
35671
36110
35672
36111
35673
36112
35674
36113
35675
36114
35676
36115
35677
36116
35678
36117
35679
36118
35680
36119
35681
36120
35682
36121
35683
36122
35684
36123
35685
36124
35686
36125
35687
36126
35688
36127
35689
36128
35690
36129
35691
36130
35692
36131
35693
36132
35694
36133
35695
36134
35696
36135
35697
36136
35698
36137
35699
36138
35700
36139
35701
36140
35702
36141
35703
36142
35704
36143
35705
36144
35706
36145
35707
36146
35708
36147
35709
36148
35710
36149
35711
36150
35712
36151
35713
36152
35714
36153
35715
36154
35716
36155
35717
36156
35718
36157
35719
36158
35720
36159
35721
36160
35722
36161
35723
36162
35724
36163
35725
36164
35726
36165
35727
36166
35728
36167
35729
36168
35730
36169
35731
36170
35732
36171
35733
36172
35734
36173
35735
36174
35736
36175
35737
36176
35738
36177
35739
36178
35740
36179
35741
36180
35742
36181
35743
36182
35744
36183
35745
36184
35746
36185
35747
36186
35748
36187
35749
36188
35750
36189
35751
36190
35752
36191
35753
36192
35754
36193
35755
36194
35756
36195
35757
36196
35758
36197
35759
36198
35760
36199
35761
36200
35762
36201
35763
36202
35764
36203
35765
36204
35766
36205
35767
36206
35768
36207
35769
36208
35770
36209
35771
36210
35772
36211
35773
36212
35774
36213
35775
36214
35776
36215
35777
36216
35778
36217
35779
36218
35780
36219
35781
36220
35782
36221
35783
36222
35784
36223
35785
36224
35786
36225
35787
36226
35788
36227
35789
36228
35790
36229
35791
36230
35792
36231
35793
36232
35794
36233
35795
36234
35796
36235
35797
36236
35798
36237
35799
36238
35800
36239
35801
36240
35802
36241
35803
36242
35804
36243
35805
36244
35806
36245
35807
36246
35808
36247
35809
36248
35810
36249
35811
36250
35812
36251
35813
36252
35814
36253
35815
36254
35816
36255
35817
36256
35818
36257
35819
36258
35820
36259
35821
36260
35822
36261
35823
36262
35824
36263
35825
36264
35826
36265
35827
36266
35828
36267
35829
36268
35830
36269
35831
36270
35832
36271
35833
36272
35834
36273
35835
36274
35836
36275
35837
36276
35838
36277
35839
36278
35840
36279
35841
36280
35842
36281
35843
36282
35844
36283
35845
36284
35846
36285
35847
36286
35848
36287
35849
36288
35850
36289
35851
36290
35852
36291
35853
36292
35854
36293
35855
36294
35856
36295
35857
36296
35858
36297
35859
36298
35860
36299
35861
36300
35862
36301
35863
36302
35864
36303
35865
36304
35866
36305
35867
36306
35868
36307
35869
36308
35870
36309
35871
36310
35872
36311
35873
36312
35874
36313
35875
36314
35876
36315
35877
36316
35878
36317
35879
36318
36319
35881
36320
35882
36321
35883
36322
35884
36323
35885
36324
35886
36325
35887
36326
35888
36327
35889
36328
35890
36329
35891
36330
35892
36331
35893
36332
35894
36333
35895
36334
35896
36335
35897
36336
35898
36337
35899
36338
35900
36339
35901
36340
35902
36341
35903
36342
35904
36343
35905
36344
35906
36345
35907
36346
35908
36347
35909
36348
35910
36349
35911
36350
35912
36351
35913
36352
35914
36353
35915
36354
35916
36355
35917
36356
35918
36357
35919
36358
35920
36359
35921
36360
35922
36361
35923
36362
35924
36363
35925
36364
35926
36365
35927
36366
35928
36367
35929
36368
35930
36369
35931
36370
35932
36371
35933
36372
35934
36373
35935
36374
35936
36375
35937
36376
35938
36377
35939
36378
35940
36379
35941
36380
35942
36381
35943
36382
35944
36383
35945
36384
35946
36385
35947
36386
35948
36387
35949
36388
35950
36389
35951
36390
35952
36391
35953
36392
35954
36393
35955
36394
35956
36395
35957
36396
35958
36397
35959
36398
35960
36399
35961
36400
35962
36401
35963
36402
35964
36403
35965
36404
35966
36405
35967
36406
35968
36407
35969
36408
35970
36409
35971
36410
35972
36411
35973
36412
35974
36413
35975
36414
35976
36415
35977
36416
35978
36417
35979
36418
35980
36419
35981
36420
35982
36421
35983
36422
35984
36423
35985
36424
35986
36425
35987
36426
35988
36427
35989
36428
35990
36429
35991
36430
35992
36431
35993
36432
35994
36433
35995
36434
35996
36435
35997
36436
35998
36437
35999
36438
36000
36439
36001
36440
36002
36441
36003
36442
36004
36443
36005
36444
36006
36445
36007
36446
36008
36447
36009
36448
36010
36449
36011
36450
36012
36451
36013
36452
36014
36453
36015
36454
36016
36455
36017
36456
36018
36457
36019
36458
36020
36459
36021
36460
36022
36461
36023
36462
36024
36463
36025
36464
36026
36465
36027
36466
36028
36467
36029
36468
36030
36469
36031
36470
36032
36471
36033
36472
36034
36473
36035
36474
36036
36475
36037
36476
36038
36477
36039
36478
36040
36479
36041
36480
36042
36481
36043
36482
36044
36483
36045
36484
36046
36485
36047
36486
36048
36487
36049
36488
36050
36489
36051
36490
36052
36491
36053
36492
36054
36493
36055
36494
36056
36495
36057
36496
36058
36497
36059
36498
36060
36499
36061
36500
36062
36501
36063
36502
36064
36503
36065
36504
36066
36505
36067
36506
36068
36507
36069
36508
36070
36509
36071
36510
36072
36511
36073
36512
36074
36513
36075
36514
36076
36515
36077
36516
36078
36517
36079
36518
36080
36519
36081
36520
36082
36521
36083
36522
36084
36523
36085
36524
36086
36525
36087
36526
36088
36527
36089
36528
36090
36529
36091
36530
36092
36531
36093
36532
36094
36533
36095
36534
36096
36535
36097
36536
36098
36537
36099
36538
36100
36539
36101
36540
36102
36541
36103
36542
36104
36543
36105
36544
36106
36545
36107
36546
36108
36547
36109
36548
36110
36549
36111
36550
36112
36551
36113
36552
36114
36553
36115
36554
36116
36555
36117
36556
36118
36557
36119
36558
36120
36559
36121
36560
36122
36561
36123
36562
36124
36563
36125
36564
36126
36565
36127
36566
36128
36567
36129
36568
36130
36569
36131
36570
36132
36571
36133
36572
36134
36573
36135
36574
36136
36575
36137
36576
36138
36577
36139
36578
36140
36579
36141
36580
36142
36581
36143
36582
36144
36583
36145
36584
36146
36585
36147
36586
36148
36587
36149
36588
36150
36589
36151
36590
36152
36591
36153
36592
36154
36593
36155
36594
36156
36595
36157
36596
36158
36597
36159
36598
36160
36599
36161
36600
36162
36601
36163
36602
36164
36603
36165
36604
36166
36605
36167
36606
36168
36607
36169
36608
36170
36609
36171
36610
36172
36611
36173
36612
36174
36613
36175
36614
36176
36615
36177
36616
36178
36617
36179
36618
36180
36619
36181
36620
36182
36621
36183
36622
36184
36623
36185
36624
36186
36625
36187
36626
36188
36627
36189
36628
36190
36629
36191
36630
36192
36631
36193
36632
36194
36633
36195
36634
36196
36635
36197
36636
36198
36637
36199
36638
36200
36639
36201
36640
36202
36641
36203
36642
36204
36643
36205
36644
36206
36645
36207
36646
36208
36647
36209
36648
36210
36649
36211
36650
36212
36651
36213
36652
36214
36653
36215
36654
36216
36655
36217
36656
36218
36657
36219
36658
36220
36659
36221
36660
36222
36661
36223
36662
36224
36663
36225
36664
36226
36665
36227
36666
36228
36667
36229
36668
36230
36669
36231
36670
36232
36671
36233
36672
36234
36673
36235
36674
36236
36675
36237
36676
36238
36677
36239
36678
36240
36679
36241
36680
36242
36681
36243
36682
36244
36683
36245
36684
36246
36685
36247
36686
36248
36687
36249
36688
36250
36689
36251
36690
36252
36691
36253
36692
36254
36693
36255
36694
36256
36695
36257
36696
36258
36697
36259
36698
36260
36699
36261
36700
36262
36701
36263
36702
36264
36703
36265
36704
36266
36705
36267
36706
36268
36707
36269
36708
36270
36709
36271
36710
36272
36711
36273
36712
36274
36713
36275
36714
36276
36715
36277
36716
36278
36717
36279
36718
36280
36719
36281
36720
36282
36721
36283
36722
36284
36723
36285
36724
36286
36725
36287
36726
36288
36727
36289
36728
36290
36729
36291
36730
36292
36731
36293
36732
36294
36733
36295
36734
36296
36735
36297
36736
36298
36737
36299
36738
36300
36739
36301
36740
36302
36741
36303
36742
36304
36743
36305
36744
36306
36745
36307
36746
36308
36747
36309
36748
36310
36749
36311
36750
36312
36751
36313
36752
36314
36753
36315
36754
36316
36755
36317
36756
36318
36757
36319
36758
36759
36321
36760
36322
36761
36323
36762
36324
36763
36325
36764
36326
36765
36327
36766
36328
36767
36329
36768
36330
36769
36331
36770
36332
36771
36333
36772
36334
36773
36335
36774
36336
36775
36337
36776
36338
36777
36339
36778
36340
36779
36341
36780
36342
36781
36343
36782
36344
36783
36345
36784
36346
36785
36347
36786
36348
36787
36349
36788
36350
36789
36351
36790
36352
36791
36353
36792
36354
36793
36355
36794
36356
36795
36357
36796
36358
36797
36359
36798
36360
36799
36361
36800
36362
36801
36363
36802
36364
36803
36365
36804
36366
36805
36367
36806
36368
36807
36369
36808
36370
36809
36371
36810
36372
36811
36373
36812
36374
36813
36375
36814
36376
36815
36377
36816
36378
36817
36379
36818
36380
36819
36381
36820
36382
36821
36383
36822
36384
36823
36385
36824
36386
36825
36387
36826
36388
36827
36389
36828
36390
36829
36391
36830
36392
36831
36393
36832
36394
36833
36395
36834
36396
36835
36397
36836
36398
36837
36399
36838
36400
36839
36401
36840
36402
36841
36403
36842
36404
36843
36405
36844
36406
36845
36407
36846
36408
36847
36409
36848
36410
36849
36411
36850
36412
36851
36413
36852
36414
36853
36415
36854
36416
36855
36417
36856
36418
36857
36419
36858
36420
36859
36421
36860
36422
36861
36423
36862
36424
36863
36425
36864
36426
36865
36427
36866
36428
36867
36429
36868
36430
36869
36431
36870
36432
36871
36433
36872
36434
36873
36435
36874
36436
36875
36437
36876
36438
36877
36439
36878
36440
36879
36441
36880
36442
36881
36443
36882
36444
36883
36445
36884
36446
36885
36447
36886
36448
36887
36449
36888
36450
36889
36451
36890
36452
36891
36453
36892
36454
36893
36455
36894
36456
36895
36457
36896
36458
36897
36459
36898
36460
36899
36461
36900
36462
36901
36463
36902
36464
36903
36465
36904
36466
36905
36467
36906
36468
36907
36469
36908
36470
36909
36471
36910
36472
36911
36473
36912
36474
36913
36475
36914
36476
36915
36477
36916
36478
36917
36479
36918
36480
36919
36481
36920
36482
36921
36483
36922
36484
36923
36485
36924
36486
36925
36487
36926
36488
36927
36489
36928
36490
36929
36491
36930
36492
36931
36493
36932
36494
36933
36495
36934
36496
36935
36497
36936
36498
36937
36499
36938
36500
36939
36501
36940
36502
36941
36503
36942
36504
36943
36505
36944
36506
36945
36507
36946
36508
36947
36509
36948
36510
36949
36511
36950
36512
36951
36513
36952
36514
36953
36515
36954
36516
36955
36517
36956
36518
36957
36519
36958
36520
36959
36521
36960
36522
36961
36523
36962
36524
36963
36525
36964
36526
36965
36527
36966
36528
36967
36529
36968
36530
36969
36531
36970
36532
36971
36533
36972
36534
36973
36535
36974
36536
36975
36537
36976
36538
36977
36539
36978
36540
36979
36541
36980
36542
36981
36543
36982
36544
36983
36545
36984
36546
36985
36547
36986
36548
36987
36549
36988
36550
36989
36551
36990
36552
36991
36553
36992
36554
36993
36555
36994
36556
36995
36557
36996
36558
36997
36559
36998
36560
36999
36561
37000
36562
37001
36563
37002
36564
37003
36565
37004
36566
37005
36567
37006
36568
37007
36569
37008
36570
37009
36571
37010
36572
37011
36573
37012
36574
37013
36575
37014
36576
37015
36577
37016
36578
37017
36579
37018
36580
37019
36581
37020
36582
37021
36583
37022
36584
37023
36585
37024
36586
37025
36587
37026
36588
37027
36589
37028
36590
37029
36591
37030
36592
37031
36593
37032
36594
37033
36595
37034
36596
37035
36597
37036
36598
37037
36599
37038
36600
37039
36601
37040
36602
37041
36603
37042
36604
37043
36605
37044
36606
37045
36607
37046
36608
37047
36609
37048
36610
37049
36611
37050
36612
37051
36613
37052
36614
37053
36615
37054
36616
37055
36617
37056
36618
37057
36619
37058
36620
37059
36621
37060
36622
37061
36623
37062
36624
37063
36625
37064
36626
37065
36627
37066
36628
37067
36629
37068
36630
37069
36631
37070
36632
37071
36633
37072
36634
37073
36635
37074
36636
37075
36637
37076
36638
37077
36639
37078
36640
37079
36641
37080
36642
37081
36643
37082
36644
37083
36645
37084
36646
37085
36647
37086
36648
37087
36649
37088
36650
37089
36651
37090
36652
37091
36653
37092
36654
37093
36655
37094
36656
37095
36657
37096
36658
37097
36659
37098
36660
37099
36661
37100
36662
37101
36663
37102
36664
37103
36665
37104
36666
37105
36667
37106
36668
37107
36669
37108
36670
37109
36671
37110
36672
37111
36673
37112
36674
37113
36675
37114
36676
37115
36677
37116
36678
37117
36679
37118
36680
37119
36681
37120
36682
37121
36683
37122
36684
37123
36685
37124
36686
37125
36687
37126
36688
37127
36689
37128
36690
37129
36691
37130
36692
37131
36693
37132
36694
37133
36695
37134
36696
37135
36697
37136
36698
37137
36699
37138
36700
37139
36701
37140
36702
37141
36703
37142
36704
37143
36705
37144
36706
37145
36707
37146
36708
37147
36709
37148
36710
37149
36711
37150
36712
37151
36713
37152
36714
37153
36715
37154
36716
37155
36717
37156
36718
37157
36719
37158
36720
37159
36721
37160
36722
37161
36723
37162
36724
37163
36725
37164
36726
37165
36727
37166
36728
37167
36729
37168
36730
37169
36731
37170
36732
37171
36733
37172
36734
37173
36735
37174
36736
37175
36737
37176
36738
37177
36739
37178
36740
37179
36741
37180
36742
37181
36743
37182
36744
37183
36745
37184
36746
37185
36747
37186
36748
37187
36749
37188
36750
37189
36751
37190
36752
37191
36753
37192
36754
37193
36755
37194
36756
37195
36757
37196
36758
37197
36759
37198
37199
36761
37200
36762
37201
36763
37202
36764
37203
36765
37204
36766
37205
36767
37206
36768
37207
36769
37208
36770
37209
36771
37210
36772
37211
36773
37212
36774
37213
36775
37214
36776
37215
36777
37216
36778
37217
36779
37218
36780
37219
36781
37220
36782
37221
36783
37222
36784
37223
36785
37224
36786
37225
36787
37226
36788
37227
36789
37228
36790
37229
36791
37230
36792
37231
36793
37232
36794
37233
36795
37234
36796
37235
36797
37236
36798
37237
36799
37238
36800
37239
36801
37240
36802
37241
36803
37242
36804
37243
36805
37244
36806
37245
36807
37246
36808
37247
36809
37248
36810
37249
36811
37250
36812
37251
36813
37252
36814
37253
36815
37254
36816
37255
36817
37256
36818
37257
36819
37258
36820
37259
36821
37260
36822
37261
36823
37262
36824
37263
36825
37264
36826
37265
36827
37266
36828
37267
36829
37268
36830
37269
36831
37270
36832
37271
36833
37272
36834
37273
36835
37274
36836
37275
36837
37276
36838
37277
36839
37278
36840
37279
36841
37280
36842
37281
36843
37282
36844
37283
36845
37284
36846
37285
36847
37286
36848
37287
36849
37288
36850
37289
36851
37290
36852
37291
36853
37292
36854
37293
36855
37294
36856
37295
36857
37296
36858
37297
36859
37298
36860
37299
36861
37300
36862
37301
36863
37302
36864
37303
36865
37304
36866
37305
36867
37306
36868
37307
36869
37308
36870
37309
36871
37310
36872
37311
36873
37312
36874
37313
36875
37314
36876
37315
36877
37316
36878
37317
36879
37318
36880
37319
36881
37320
36882
37321
36883
37322
36884
37323
36885
37324
36886
37325
36887
37326
36888
37327
36889
37328
36890
37329
36891
37330
36892
37331
36893
37332
36894
37333
36895
37334
36896
37335
36897
37336
36898
37337
36899
37338
36900
37339
36901
37340
36902
37341
36903
37342
36904
37343
36905
37344
36906
37345
36907
37346
36908
37347
36909
37348
36910
37349
36911
37350
36912
37351
36913
37352
36914
37353
36915
37354
36916
37355
36917
37356
36918
37357
36919
37358
36920
37359
36921
37360
36922
37361
36923
37362
36924
37363
36925
37364
36926
37365
36927
37366
36928
37367
36929
37368
36930
37369
36931
37370
36932
37371
36933
37372
36934
37373
36935
37374
36936
37375
36937
37376
36938
37377
36939
37378
36940
37379
36941
37380
36942
37381
36943
37382
36944
37383
36945
37384
36946
37385
36947
37386
36948
37387
36949
37388
36950
37389
36951
37390
36952
37391
36953
37392
36954
37393
36955
37394
36956
37395
36957
37396
36958
37397
36959
37398
36960
37399
36961
37400
36962
37401
36963
37402
36964
37403
36965
37404
36966
37405
36967
37406
36968
37407
36969
37408
36970
37409
36971
37410
36972
37411
36973
37412
36974
37413
36975
37414
36976
37415
36977
37416
36978
37417
36979
37418
36980
37419
36981
37420
36982
37421
36983
37422
36984
37423
36985
37424
36986
37425
36987
37426
36988
37427
36989
37428
36990
37429
36991
37430
36992
37431
36993
37432
36994
37433
36995
37434
36996
37435
36997
37436
36998
37437
36999
37438
37000
37439
37001
37440
37002
37441
37003
37442
37004
37443
37005
37444
37006
37445
37007
37446
37008
37447
37009
37448
37010
37449
37011
37450
37012
37451
37013
37452
37014
37453
37015
37454
37016
37455
37017
37456
37018
37457
37019
37458
37020
37459
37021
37460
37022
37461
37023
37462
37024
37463
37025
37464
37026
37465
37027
37466
37028
37467
37029
37468
37030
37469
37031
37470
37032
37471
37033
37472
37034
37473
37035
37474
37036
37475
37037
37476
37038
37477
37039
37478
37040
37479
37041
37480
37042
37481
37043
37482
37044
37483
37045
37484
37046
37485
37047
37486
37048
37487
37049
37488
37050
37489
37051
37490
37052
37491
37053
37492
37054
37493
37055
37494
37056
37495
37057
37496
37058
37497
37059
37498
37060
37499
37061
37500
37062
37501
37063
37502
37064
37503
37065
37504
37066
37505
37067
37506
37068
37507
37069
37508
37070
37509
37071
37510
37072
37511
37073
37512
37074
37513
37075
37514
37076
37515
37077
37516
37078
37517
37079
37518
37080
37519
37081
37520
37082
37521
37083
37522
37084
37523
37085
37524
37086
37525
37087
37526
37088
37527
37089
37528
37090
37529
37091
37530
37092
37531
37093
37532
37094
37533
37095
37534
37096
37535
37097
37536
37098
37537
37099
37538
37100
37539
37101
37540
37102
37541
37103
37542
37104
37543
37105
37544
37106
37545
37107
37546
37108
37547
37109
37548
37110
37549
37111
37550
37112
37551
37113
37552
37114
37553
37115
37554
37116
37555
37117
37556
37118
37557
37119
37558
37120
37559
37121
37560
37122
37561
37123
37562
37124
37563
37125
37564
37126
37565
37127
37566
37128
37567
37129
37568
37130
37569
37131
37570
37132
37571
37133
37572
37134
37573
37135
37574
37136
37575
37137
37576
37138
37577
37139
37578
37140
37579
37141
37580
37142
37581
37143
37582
37144
37583
37145
37584
37146
37585
37147
37586
37148
37587
37149
37588
37150
37589
37151
37590
37152
37591
37153
37592
37154
37593
37155
37594
37156
37595
37157
37596
37158
37597
37159
37598
37160
37599
37161
37600
37162
37601
37163
37602
37164
37603
37165
37604
37166
37605
37167
37606
37168
37607
37169
37608
37170
37609
37171
37610
37172
37611
37173
37612
37174
37613
37175
37614
37176
37615
37177
37616
37178
37617
37179
37618
37180
37619
37181
37620
37182
37621
37183
37622
37184
37623
37185
37624
37186
37625
37187
37626
37188
37627
37189
37628
37190
37629
37191
37630
37192
37631
37193
37632
37194
37633
37195
37634
37196
37635
37197
37636
37198
37637
37199
37638
37639
37201
37640
37202
37641
37203
37642
37204
37643
37205
37644
37206
37645
37207
37646
37208
37647
37209
37648
37210
37649
37211
37650
37212
37651
37213
37652
37214
37653
37215
37654
37216
37655
37217
37656
37218
37657
37219
37658
37220
37659
37221
37660
37222
37661
37223
37662
37224
37663
37225
37664
37226
37665
37227
37666
37228
37667
37229
37668
37230
37669
37231
37670
37232
37671
37233
37672
37234
37673
37235
37674
37236
37675
37237
37676
37238
37677
37239
37678
37240
37679
37241
37680
37242
37681
37243
37682
37244
37683
37245
37684
37246
37685
37247
37686
37248
37687
37249
37688
37250
37689
37251
37690
37252
37691
37253
37692
37254
37693
37255
37694
37256
37695
37257
37696
37258
37697
37259
37698
37260
37699
37261
37700
37262
37701
37263
37702
37264
37703
37265
37704
37266
37705
37267
37706
37268
37707
37269
37708
37270
37709
37271
37710
37272
37711
37273
37712
37274
37713
37275
37714
37276
37715
37277
37716
37278
37717
37279
37718
37280
37719
37281
37720
37282
37721
37283
37722
37284
37723
37285
37724
37286
37725
37287
37726
37288
37727
37289
37728
37290
37729
37291
37730
37292
37731
37293
37732
37294
37733
37295
37734
37296
37735
37297
37736
37298
37737
37299
37738
37300
37739
37301
37740
37302
37741
37303
37742
37304
37743
37305
37744
37306
37745
37307
37746
37308
37747
37309
37748
37310
37749
37311
37750
37312
37751
37313
37752
37314
37753
37315
37754
37316
37755
37317
37756
37318
37757
37319
37758
37320
37759
37321
37760
37322
37761
37323
37762
37324
37763
37325
37764
37326
37765
37327
37766
37328
37767
37329
37768
37330
37769
37331
37770
37332
37771
37333
37772
37334
37773
37335
37774
37336
37775
37337
37776
37338
37777
37339
37778
37340
37779
37341
37780
37342
37781
37343
37782
37344
37783
37345
37784
37346
37785
37347
37786
37348
37787
37349
37788
37350
37789
37351
37790
37352
37791
37353
37792
37354
37793
37355
37794
37356
37795
37357
37796
37358
37797
37359
37798
37360
37799
37361
37800
37362
37801
37363
37802
37364
37803
37365
37804
37366
37805
37367
37806
37368
37807
37369
37808
37370
37809
37371
37810
37372
37811
37373
37812
37374
37813
37375
37814
37376
37815
37377
37816
37378
37817
37379
37818
37380
37819
37381
37820
37382
37821
37383
37822
37384
37823
37385
37824
37386
37825
37387
37826
37388
37827
37389
37828
37390
37829
37391
37830
37392
37831
37393
37832
37394
37833
37395
37834
37396
37835
37397
37836
37398
37837
37399
37838
37400
37839
37401
37840
37402
37841
37403
37842
37404
37843
37405
37844
37406
37845
37407
37846
37408
37847
37409
37848
37410
37849
37411
37850
37412
37851
37413
37852
37414
37853
37415
37854
37416
37855
37417
37856
37418
37857
37419
37858
37420
37859
37421
37860
37422
37861
37423
37862
37424
37863
37425
37864
37426
37865
37427
37866
37428
37867
37429
37868
37430
37869
37431
37870
37432
37871
37433
37872
37434
37873
37435
37874
37436
37875
37437
37876
37438
37877
37439
37878
37440
37879
37441
37880
37442
37881
37443
37882
37444
37883
37445
37884
37446
37885
37447
37886
37448
37887
37449
37888
37450
37889
37451
37890
37452
37891
37453
37892
37454
37893
37455
37894
37456
37895
37457
37896
37458
37897
37459
37898
37460
37899
37461
37900
37462
37901
37463
37902
37464
37903
37465
37904
37466
37905
37467
37906
37468
37907
37469
37908
37470
37909
37471
37910
37472
37911
37473
37912
37474
37913
37475
37914
37476
37915
37477
37916
37478
37917
37479
37918
37480
37919
37481
37920
37482
37921
37483
37922
37484
37923
37485
37924
37486
37925
37487
37926
37488
37927
37489
37928
37490
37929
37491
37930
37492
37931
37493
37932
37494
37933
37495
37934
37496
37935
37497
37936
37498
37937
37499
37938
37500
37939
37501
37940
37502
37941
37503
37942
37504
37943
37505
37944
37506
37945
37507
37946
37508
37947
37509
37948
37510
37949
37511
37950
37512
37951
37513
37952
37514
37953
37515
37954
37516
37955
37517
37956
37518
37957
37519
37958
37520
37959
37521
37960
37522
37961
37523
37962
37524
37963
37525
37964
37526
37965
37527
37966
37528
37967
37529
37968
37530
37969
37531
37970
37532
37971
37533
37972
37534
37973
37535
37974
37536
37975
37537
37976
37538
37977
37539
37978
37540
37979
37541
37980
37542
37981
37543
37982
37544
37983
37545
37984
37546
37985
37547
37986
37548
37987
37549
37988
37550
37989
37551
37990
37552
37991
37553
37992
37554
37993
37555
37994
37556
37995
37557
37996
37558
37997
37559
37998
37560
37999
37561
38000
37562
38001
37563
38002
37564
38003
37565
38004
37566
38005
37567
38006
37568
38007
37569
38008
37570
38009
37571
38010
37572
38011
37573
38012
37574
38013
37575
38014
37576
38015
37577
38016
37578
38017
37579
38018
37580
38019
37581
38020
37582
38021
37583
38022
37584
38023
37585
38024
37586
38025
37587
38026
37588
38027
37589
38028
37590
38029
37591
38030
37592
38031
37593
38032
37594
38033
37595
38034
37596
38035
37597
38036
37598
38037
37599
38038
37600
38039
37601
38040
37602
38041
37603
38042
37604
38043
37605
38044
37606
38045
37607
38046
37608
38047
37609
38048
37610
38049
37611
38050
37612
38051
37613
38052
37614
38053
37615
38054
37616
38055
37617
38056
37618
38057
37619
38058
37620
38059
37621
38060
37622
38061
37623
38062
37624
38063
37625
38064
37626
38065
37627
38066
37628
38067
37629
38068
37630
38069
37631
38070
37632
38071
37633
38072
37634
38073
37635
38074
37636
38075
37637
38076
37638
38077
37639
38078
38079
37641
38080
37642
38081
37643
38082
37644
38083
37645
38084
37646
38085
37647
38086
37648
38087
37649
38088
37650
38089
37651
38090
37652
38091
37653
38092
37654
38093
37655
38094
37656
38095
37657
38096
37658
38097
37659
38098
37660
38099
37661
38100
37662
38101
37663
38102
37664
38103
37665
38104
37666
38105
37667
38106
37668
38107
37669
38108
37670
38109
37671
38110
37672
38111
37673
38112
37674
38113
37675
38114
37676
38115
37677
38116
37678
38117
37679
38118
37680
38119
37681
38120
37682
38121
37683
38122
37684
38123
37685
38124
37686
38125
37687
38126
37688
38127
37689
38128
37690
38129
37691
38130
37692
38131
37693
38132
37694
38133
37695
38134
37696
38135
37697
38136
37698
38137
37699
38138
37700
38139
37701
38140
37702
38141
37703
38142
37704
38143
37705
38144
37706
38145
37707
38146
37708
38147
37709
38148
37710
38149
37711
38150
37712
38151
37713
38152
37714
38153
37715
38154
37716
38155
37717
38156
37718
38157
37719
38158
37720
38159
37721
38160
37722
38161
37723
38162
37724
38163
37725
38164
37726
38165
37727
38166
37728
38167
37729
38168
37730
38169
37731
38170
37732
38171
37733
38172
37734
38173
37735
38174
37736
38175
37737
38176
37738
38177
37739
38178
37740
38179
37741
38180
37742
38181
37743
38182
37744
38183
37745
38184
37746
38185
37747
38186
37748
38187
37749
38188
37750
38189
37751
38190
37752
38191
37753
38192
37754
38193
37755
38194
37756
38195
37757
38196
37758
38197
37759
38198
37760
38199
37761
38200
37762
38201
37763
38202
37764
38203
37765
38204
37766
38205
37767
38206
37768
38207
37769
38208
37770
38209
37771
38210
37772
38211
37773
38212
37774
38213
37775
38214
37776
38215
37777
38216
37778
38217
37779
38218
37780
38219
37781
38220
37782
38221
37783
38222
37784
38223
37785
38224
37786
38225
37787
38226
37788
38227
37789
38228
37790
38229
37791
38230
37792
38231
37793
38232
37794
38233
37795
38234
37796
38235
37797
38236
37798
38237
37799
38238
37800
38239
37801
38240
37802
38241
37803
38242
37804
38243
37805
38244
37806
38245
37807
38246
37808
38247
37809
38248
37810
38249
37811
38250
37812
38251
37813
38252
37814
38253
37815
38254
37816
38255
37817
38256
37818
38257
37819
38258
37820
38259
37821
38260
37822
38261
37823
38262
37824
38263
37825
38264
37826
38265
37827
38266
37828
38267
37829
38268
37830
38269
37831
38270
37832
38271
37833
38272
37834
38273
37835
38274
37836
38275
37837
38276
37838
38277
37839
38278
37840
38279
37841
38280
37842
38281
37843
38282
37844
38283
37845
38284
37846
38285
37847
38286
37848
38287
37849
38288
37850
38289
37851
38290
37852
38291
37853
38292
37854
38293
37855
38294
37856
38295
37857
38296
37858
38297
37859
38298
37860
38299
37861
38300
37862
38301
37863
38302
37864
38303
37865
38304
37866
38305
37867
38306
37868
38307
37869
38308
37870
38309
37871
38310
37872
38311
37873
38312
37874
38313
37875
38314
37876
38315
37877
38316
37878
38317
37879
38318
37880
38319
37881
38320
37882
38321
37883
38322
37884
38323
37885
38324
37886
38325
37887
38326
37888
38327
37889
38328
37890
38329
37891
38330
37892
38331
37893
38332
37894
38333
37895
38334
37896
38335
37897
38336
37898
38337
37899
38338
37900
38339
37901
38340
37902
38341
37903
38342
37904
38343
37905
38344
37906
38345
37907
38346
37908
38347
37909
38348
37910
38349
37911
38350
37912
38351
37913
38352
37914
38353
37915
38354
37916
38355
37917
38356
37918
38357
37919
38358
37920
38359
37921
38360
37922
38361
37923
38362
37924
38363
37925
38364
37926
38365
37927
38366
37928
38367
37929
38368
37930
38369
37931
38370
37932
38371
37933
38372
37934
38373
37935
38374
37936
38375
37937
38376
37938
38377
37939
38378
37940
38379
37941
38380
37942
38381
37943
38382
37944
38383
37945
38384
37946
38385
37947
38386
37948
38387
37949
38388
37950
38389
37951
38390
37952
38391
37953
38392
37954
38393
37955
38394
37956
38395
37957
38396
37958
38397
37959
38398
37960
38399
37961
38400
37962
38401
37963
38402
37964
38403
37965
38404
37966
38405
37967
38406
37968
38407
37969
38408
37970
38409
37971
38410
37972
38411
37973
38412
37974
38413
37975
38414
37976
38415
37977
38416
37978
38417
37979
38418
37980
38419
37981
38420
37982
38421
37983
38422
37984
38423
37985
38424
37986
38425
37987
38426
37988
38427
37989
38428
37990
38429
37991
38430
37992
38431
37993
38432
37994
38433
37995
38434
37996
38435
37997
38436
37998
38437
37999
38438
38000
38439
38001
38440
38002
38441
38003
38442
38004
38443
38005
38444
38006
38445
38007
38446
38008
38447
38009
38448
38010
38449
38011
38450
38012
38451
38013
38452
38014
38453
38015
38454
38016
38455
38017
38456
38018
38457
38019
38458
38020
38459
38021
38460
38022
38461
38023
38462
38024
38463
38025
38464
38026
38465
38027
38466
38028
38467
38029
38468
38030
38469
38031
38470
38032
38471
38033
38472
38034
38473
38035
38474
38036
38475
38037
38476
38038
38477
38039
38478
38040
38479
38041
38480
38042
38481
38043
38482
38044
38483
38045
38484
38046
38485
38047
38486
38048
38487
38049
38488
38050
38489
38051
38490
38052
38491
38053
38492
38054
38493
38055
38494
38056
38495
38057
38496
38058
38497
38059
38498
38060
38499
38061
38500
38062
38501
38063
38502
38064
38503
38065
38504
38066
38505
38067
38506
38068
38507
38069
38508
38070
38509
38071
38510
38072
38511
38073
38512
38074
38513
38075
38514
38076
38515
38077
38516
38078
38517
38079
38518
38519
38081
38520
38082
38521
38083
38522
38084
38523
38085
38524
38086
38525
38087
38526
38088
38527
38089
38528
38090
38529
38091
38530
38092
38531
38093
38532
38094
38533
38095
38534
38096
38535
38097
38536
38098
38537
38099
38538
38100
38539
38101
38540
38102
38541
38103
38542
38104
38543
38105
38544
38106
38545
38107
38546
38108
38547
38109
38548
38110
38549
38111
38550
38112
38551
38113
38552
38114
38553
38115
38554
38116
38555
38117
38556
38118
38557
38119
38558
38120
38559
38121
38560
38122
38561
38123
38562
38124
38563
38125
38564
38126
38565
38127
38566
38128
38567
38129
38568
38130
38569
38131
38570
38132
38571
38133
38572
38134
38573
38135
38574
38136
38575
38137
38576
38138
38577
38139
38578
38140
38579
38141
38580
38142
38581
38143
38582
38144
38583
38145
38584
38146
38585
38147
38586
38148
38587
38149
38588
38150
38589
38151
38590
38152
38591
38153
38592
38154
38593
38155
38594
38156
38595
38157
38596
38158
38597
38159
38598
38160
38599
38161
38600
38162
38601
38163
38602
38164
38603
38165
38604
38166
38605
38167
38606
38168
38607
38169
38608
38170
38609
38171
38610
38172
38611
38173
38612
38174
38613
38175
38614
38176
38615
38177
38616
38178
38617
38179
38618
38180
38619
38181
38620
38182
38621
38183
38622
38184
38623
38185
38624
38186
38625
38187
38626
38188
38627
38189
38628
38190
38629
38191
38630
38192
38631
38193
38632
38194
38633
38195
38634
38196
38635
38197
38636
38198
38637
38199
38638
38200
38639
38201
38640
38202
38641
38203
38642
38204
38643
38205
38644
38206
38645
38207
38646
38208
38647
38209
38648
38210
38649
38211
38650
38212
38651
38213
38652
38214
38653
38215
38654
38216
38655
38217
38656
38218
38657
38219
38658
38220
38659
38221
38660
38222
38661
38223
38662
38224
38663
38225
38664
38226
38665
38227
38666
38228
38667
38229
38668
38230
38669
38231
38670
38232
38671
38233
38672
38234
38673
38235
38674
38236
38675
38237
38676
38238
38677
38239
38678
38240
38679
38241
38680
38242
38681
38243
38682
38244
38683
38245
38684
38246
38685
38247
38686
38248
38687
38249
38688
38250
38689
38251
38690
38252
38691
38253
38692
38254
38693
38255
38694
38256
38695
38257
38696
38258
38697
38259
38698
38260
38699
38261
38700
38262
38701
38263
38702
38264
38703
38265
38704
38266
38705
38267
38706
38268
38707
38269
38708
38270
38709
38271
38710
38272
38711
38273
38712
38274
38713
38275
38714
38276
38715
38277
38716
38278
38717
38279
38718
38280
38719
38281
38720
38282
38721
38283
38722
38284
38723
38285
38724
38286
38725
38287
38726
38288
38727
38289
38728
38290
38729
38291
38730
38292
38731
38293
38732
38294
38733
38295
38734
38296
38735
38297
38736
38298
38737
38299
38738
38300
38739
38301
38740
38302
38741
38303
38742
38304
38743
38305
38744
38306
38745
38307
38746
38308
38747
38309
38748
38310
38749
38311
38750
38312
38751
38313
38752
38314
38753
38315
38754
38316
38755
38317
38756
38318
38757
38319
38758
38320
38759
38321
38760
38322
38761
38323
38762
38324
38763
38325
38764
38326
38765
38327
38766
38328
38767
38329
38768
38330
38769
38331
38770
38332
38771
38333
38772
38334
38773
38335
38774
38336
38775
38337
38776
38338
38777
38339
38778
38340
38779
38341
38780
38342
38781
38343
38782
38344
38783
38345
38784
38346
38785
38347
38786
38348
38787
38349
38788
38350
38789
38351
38790
38352
38791
38353
38792
38354
38793
38355
38794
38356
38795
38357
38796
38358
38797
38359
38798
38360
38799
38361
38800
38362
38801
38363
38802
38364
38803
38365
38804
38366
38805
38367
38806
38368
38807
38369
38808
38370
38809
38371
38810
38372
38811
38373
38812
38374
38813
38375
38814
38376
38815
38377
38816
38378
38817
38379
38818
38380
38819
38381
38820
38382
38821
38383
38822
38384
38823
38385
38824
38386
38825
38387
38826
38388
38827
38389
38828
38390
38829
38391
38830
38392
38831
38393
38832
38394
38833
38395
38834
38396
38835
38397
38836
38398
38837
38399
38838
38400
38839
38401
38840
38402
38841
38403
38842
38404
38843
38405
38844
38406
38845
38407
38846
38408
38847
38409
38848
38410
38849
38411
38850
38412
38851
38413
38852
38414
38853
38415
38854
38416
38855
38417
38856
38418
38857
38419
38858
38420
38859
38421
38860
38422
38861
38423
38862
38424
38863
38425
38864
38426
38865
38427
38866
38428
38867
38429
38868
38430
38869
38431
38870
38432
38871
38433
38872
38434
38873
38435
38874
38436
38875
38437
38876
38438
38877
38439
38878
38440
38879
38441
38880
38442
38881
38443
38882
38444
38883
38445
38884
38446
38885
38447
38886
38448
38887
38449
38888
38450
38889
38451
38890
38452
38891
38453
38892
38454
38893
38455
38894
38456
38895
38457
38896
38458
38897
38459
38898
38460
38899
38461
38900
38462
38901
38463
38902
38464
38903
38465
38904
38466
38905
38467
38906
38468
38907
38469
38908
38470
38909
38471
38910
38472
38911
38473
38912
38474
38913
38475
38914
38476
38915
38477
38916
38478
38917
38479
38918
38480
38919
38481
38920
38482
38921
38483
38922
38484
38923
38485
38924
38486
38925
38487
38926
38488
38927
38489
38928
38490
38929
38491
38930
38492
38931
38493
38932
38494
38933
38495
38934
38496
38935
38497
38936
38498
38937
38499
38938
38500
38939
38501
38940
38502
38941
38503
38942
38504
38943
38505
38944
38506
38945
38507
38946
38508
38947
38509
38948
38510
38949
38511
38950
38512
38951
38513
38952
38514
38953
38515
38954
38516
38955
38517
38956
38518
38957
38519
38958
38959
38521
38960
38522
38961
38523
38962
38524
38963
38525
38964
38526
38965
38527
38966
38528
38967
38529
38968
38530
38969
38531
38970
38532
38971
38533
38972
38534
38973
38535
38974
38536
38975
38537
38976
38538
38977
38539
38978
38540
38979
38541
38980
38542
38981
38543
38982
38544
38983
38545
38984
38546
38985
38547
38986
38548
38987
38549
38988
38550
38989
38551
38990
38552
38991
38553
38992
38554
38993
38555
38994
38556
38995
38557
38996
38558
38997
38559
38998
38560
38999
38561
39000
38562
39001
38563
39002
38564
39003
38565
39004
38566
39005
38567
39006
38568
39007
38569
39008
38570
39009
38571
39010
38572
39011
38573
39012
38574
39013
38575
39014
38576
39015
38577
39016
38578
39017
38579
39018
38580
39019
38581
39020
38582
39021
38583
39022
38584
39023
38585
39024
38586
39025
38587
39026
38588
39027
38589
39028
38590
39029
38591
39030
38592
39031
38593
39032
38594
39033
38595
39034
38596
39035
38597
39036
38598
39037
38599
39038
38600
39039
38601
39040
38602
39041
38603
39042
38604
39043
38605
39044
38606
39045
38607
39046
38608
39047
38609
39048
38610
39049
38611
39050
38612
39051
38613
39052
38614
39053
38615
39054
38616
39055
38617
39056
38618
39057
38619
39058
38620
39059
38621
39060
38622
39061
38623
39062
38624
39063
38625
39064
38626
39065
38627
39066
38628
39067
38629
39068
38630
39069
38631
39070
38632
39071
38633
39072
38634
39073
38635
39074
38636
39075
38637
39076
38638
39077
38639
39078
38640
39079
38641
39080
38642
39081
38643
39082
38644
39083
38645
39084
38646
39085
38647
39086
38648
39087
38649
39088
38650
39089
38651
39090
38652
39091
38653
39092
38654
39093
38655
39094
38656
39095
38657
39096
38658
39097
38659
39098
38660
39099
38661
39100
38662
39101
38663
39102
38664
39103
38665
39104
38666
39105
38667
39106
38668
39107
38669
39108
38670
39109
38671
39110
38672
39111
38673
39112
38674
39113
38675
39114
38676
39115
38677
39116
38678
39117
38679
39118
38680
39119
38681
39120
38682
39121
38683
39122
38684
39123
38685
39124
38686
39125
38687
39126
38688
39127
38689
39128
38690
39129
38691
39130
38692
39131
38693
39132
38694
39133
38695
39134
38696
39135
38697
39136
38698
39137
38699
39138
38700
39139
38701
39140
38702
39141
38703
39142
38704
39143
38705
39144
38706
39145
38707
39146
38708
39147
38709
39148
38710
39149
38711
39150
38712
39151
38713
39152
38714
39153
38715
39154
38716
39155
38717
39156
38718
39157
38719
39158
38720
39159
38721
39160
38722
39161
38723
39162
38724
39163
38725
39164
38726
39165
38727
39166
38728
39167
38729
39168
38730
39169
38731
39170
38732
39171
38733
39172
38734
39173
38735
39174
38736
39175
38737
39176
38738
39177
38739
39178
38740
39179
38741
39180
38742
39181
38743
39182
38744
39183
38745
39184
38746
39185
38747
39186
38748
39187
38749
39188
38750
39189
38751
39190
38752
39191
38753
39192
38754
39193
38755
39194
38756
39195
38757
39196
38758
39197
38759
39198
38760
39199
38761
39200
38762
39201
38763
39202
38764
39203
38765
39204
38766
39205
38767
39206
38768
39207
38769
39208
38770
39209
38771
39210
38772
39211
38773
39212
38774
39213
38775
39214
38776
39215
38777
39216
38778
39217
38779
39218
38780
39219
38781
39220
38782
39221
38783
39222
38784
39223
38785
39224
38786
39225
38787
39226
38788
39227
38789
39228
38790
39229
38791
39230
38792
39231
38793
39232
38794
39233
38795
39234
38796
39235
38797
39236
38798
39237
38799
39238
38800
39239
38801
39240
38802
39241
38803
39242
38804
39243
38805
39244
38806
39245
38807
39246
38808
39247
38809
39248
38810
39249
38811
39250
38812
39251
38813
39252
38814
39253
38815
39254
38816
39255
38817
39256
38818
39257
38819
39258
38820
39259
38821
39260
38822
39261
38823
39262
38824
39263
38825
39264
38826
39265
38827
39266
38828
39267
38829
39268
38830
39269
38831
39270
38832
39271
38833
39272
38834
39273
38835
39274
38836
39275
38837
39276
38838
39277
38839
39278
38840
39279
38841
39280
38842
39281
38843
39282
38844
39283
38845
39284
38846
39285
38847
39286
38848
39287
38849
39288
38850
39289
38851
39290
38852
39291
38853
39292
38854
39293
38855
39294
38856
39295
38857
39296
38858
39297
38859
39298
38860
39299
38861
39300
38862
39301
38863
39302
38864
39303
38865
39304
38866
39305
38867
39306
38868
39307
38869
39308
38870
39309
38871
39310
38872
39311
38873
39312
38874
39313
38875
39314
38876
39315
38877
39316
38878
39317
38879
39318
38880
39319
38881
39320
38882
39321
38883
39322
38884
39323
38885
39324
38886
39325
38887
39326
38888
39327
38889
39328
38890
39329
38891
39330
38892
39331
38893
39332
38894
39333
38895
39334
38896
39335
38897
39336
38898
39337
38899
39338
38900
39339
38901
39340
38902
39341
38903
39342
38904
39343
38905
39344
38906
39345
38907
39346
38908
39347
38909
39348
38910
39349
38911
39350
38912
39351
38913
39352
38914
39353
38915
39354
38916
39355
38917
39356
38918
39357
38919
39358
38920
39359
38921
39360
38922
39361
38923
39362
38924
39363
38925
39364
38926
39365
38927
39366
38928
39367
38929
39368
38930
39369
38931
39370
38932
39371
38933
39372
38934
39373
38935
39374
38936
39375
38937
39376
38938
39377
38939
39378
38940
39379
38941
39380
38942
39381
38943
39382
38944
39383
38945
39384
38946
39385
38947
39386
38948
39387
38949
39388
38950
39389
38951
39390
38952
39391
38953
39392
38954
39393
38955
39394
38956
39395
38957
39396
38958
39397
38959
39398
39399
38961
39400
38962
39401
38963
39402
38964
39403
38965
39404
38966
39405
38967
39406
38968
39407
38969
39408
38970
39409
38971
39410
38972
39411
38973
39412
38974
39413
38975
39414
38976
39415
38977
39416
38978
39417
38979
39418
38980
39419
38981
39420
38982
39421
38983
39422
38984
39423
38985
39424
38986
39425
38987
39426
38988
39427
38989
39428
38990
39429
38991
39430
38992
39431
38993
39432
38994
39433
38995
39434
38996
39435
38997
39436
38998
39437
38999
39438
39000
39439
39001
39440
39002
39441
39003
39442
39004
39443
39005
39444
39006
39445
39007
39446
39008
39447
39009
39448
39010
39449
39011
39450
39012
39451
39013
39452
39014
39453
39015
39454
39016
39455
39017
39456
39018
39457
39019
39458
39020
39459
39021
39460
39022
39461
39023
39462
39024
39463
39025
39464
39026
39465
39027
39466
39028
39467
39029
39468
39030
39469
39031
39470
39032
39471
39033
39472
39034
39473
39035
39474
39036
39475
39037
39476
39038
39477
39039
39478
39040
39479
39041
39480
39042
39481
39043
39482
39044
39483
39045
39484
39046
39485
39047
39486
39048
39487
39049
39488
39050
39489
39051
39490
39052
39491
39053
39492
39054
39493
39055
39494
39056
39495
39057
39496
39058
39497
39059
39498
39060
39499
39061
39500
39062
39501
39063
39502
39064
39503
39065
39504
39066
39505
39067
39506
39068
39507
39069
39508
39070
39509
39071
39510
39072
39511
39073
39512
39074
39513
39075
39514
39076
39515
39077
39516
39078
39517
39079
39518
39080
39519
39081
39520
39082
39521
39083
39522
39084
39523
39085
39524
39086
39525
39087
39526
39088
39527
39089
39528
39090
39529
39091
39530
39092
39531
39093
39532
39094
39533
39095
39534
39096
39535
39097
39536
39098
39537
39099
39538
39100
39539
39101
39540
39102
39541
39103
39542
39104
39543
39105
39544
39106
39545
39107
39546
39108
39547
39109
39548
39110
39549
39111
39550
39112
39551
39113
39552
39114
39553
39115
39554
39116
39555
39117
39556
39118
39557
39119
39558
39120
39559
39121
39560
39122
39561
39123
39562
39124
39563
39125
39564
39126
39565
39127
39566
39128
39567
39129
39568
39130
39569
39131
39570
39132
39571
39133
39572
39134
39573
39135
39574
39136
39575
39137
39576
39138
39577
39139
39578
39140
39579
39141
39580
39142
39581
39143
39582
39144
39583
39145
39584
39146
39585
39147
39586
39148
39587
39149
39588
39150
39589
39151
39590
39152
39591
39153
39592
39154
39593
39155
39594
39156
39595
39157
39596
39158
39597
39159
39598
39160
39599
39161
39600
39162
39601
39163
39602
39164
39603
39165
39604
39166
39605
39167
39606
39168
39607
39169
39608
39170
39609
39171
39610
39172
39611
39173
39612
39174
39613
39175
39614
39176
39615
39177
39616
39178
39617
39179
39618
39180
39619
39181
39620
39182
39621
39183
39622
39184
39623
39185
39624
39186
39625
39187
39626
39188
39627
39189
39628
39190
39629
39191
39630
39192
39631
39193
39632
39194
39633
39195
39634
39196
39635
39197
39636
39198
39637
39199
39638
39200
39639
39201
39640
39202
39641
39203
39642
39204
39643
39205
39644
39206
39645
39207
39646
39208
39647
39209
39648
39210
39649
39211
39650
39212
39651
39213
39652
39214
39653
39215
39654
39216
39655
39217
39656
39218
39657
39219
39658
39220
39659
39221
39660
39222
39661
39223
39662
39224
39663
39225
39664
39226
39665
39227
39666
39228
39667
39229
39668
39230
39669
39231
39670
39232
39671
39233
39672
39234
39673
39235
39674
39236
39675
39237
39676
39238
39677
39239
39678
39240
39679
39241
39680
39242
39681
39243
39682
39244
39683
39245
39684
39246
39685
39247
39686
39248
39687
39249
39688
39250
39689
39251
39690
39252
39691
39253
39692
39254
39693
39255
39694
39256
39695
39257
39696
39258
39697
39259
39698
39260
39699
39261
39700
39262
39701
39263
39702
39264
39703
39265
39704
39266
39705
39267
39706
39268
39707
39269
39708
39270
39709
39271
39710
39272
39711
39273
39712
39274
39713
39275
39714
39276
39715
39277
39716
39278
39717
39279
39718
39280
39719
39281
39720
39282
39721
39283
39722
39284
39723
39285
39724
39286
39725
39287
39726
39288
39727
39289
39728
39290
39729
39291
39730
39292
39731
39293
39732
39294
39733
39295
39734
39296
39735
39297
39736
39298
39737
39299
39738
39300
39739
39301
39740
39302
39741
39303
39742
39304
39743
39305
39744
39306
39745
39307
39746
39308
39747
39309
39748
39310
39749
39311
39750
39312
39751
39313
39752
39314
39753
39315
39754
39316
39755
39317
39756
39318
39757
39319
39758
39320
39759
39321
39760
39322
39761
39323
39762
39324
39763
39325
39764
39326
39765
39327
39766
39328
39767
39329
39768
39330
39769
39331
39770
39332
39771
39333
39772
39334
39773
39335
39774
39336
39775
39337
39776
39338
39777
39339
39778
39340
39779
39341
39780
39342
39781
39343
39782
39344
39783
39345
39784
39346
39785
39347
39786
39348
39787
39349
39788
39350
39789
39351
39790
39352
39791
39353
39792
39354
39793
39355
39794
39356
39795
39357
39796
39358
39797
39359
39798
39360
39799
39361
39800
39362
39801
39363
39802
39364
39803
39365
39804
39366
39805
39367
39806
39368
39807
39369
39808
39370
39809
39371
39810
39372
39811
39373
39812
39374
39813
39375
39814
39376
39815
39377
39816
39378
39817
39379
39818
39380
39819
39381
39820
39382
39821
39383
39822
39384
39823
39385
39824
39386
39825
39387
39826
39388
39827
39389
39828
39390
39829
39391
39830
39392
39831
39393
39832
39394
39833
39395
39834
39396
39835
39397
39836
39398
39837
39399
39838
39839
39401
39840
39402
39841
39403
39842
39404
39843
39405
39844
39406
39845
39407
39846
39408
39847
39409
39848
39410
39849
39411
39850
39412
39851
39413
39852
39414
39853
39415
39854
39416
39855
39417
39856
39418
39857
39419
39858
39420
39859
39421
39860
39422
39861
39423
39862
39424
39863
39425
39864
39426
39865
39427
39866
39428
39867
39429
39868
39430
39869
39431
39870
39432
39871
39433
39872
39434
39873
39435
39874
39436
39875
39437
39876
39438
39877
39439
39878
39440
39879
39441
39880
39442
39881
39443
39882
39444
39883
39445
39884
39446
39885
39447
39886
39448
39887
39449
39888
39450
39889
39451
39890
39452
39891
39453
39892
39454
39893
39455
39894
39456
39895
39457
39896
39458
39897
39459
39898
39460
39899
39461
39900
39462
39901
39463
39902
39464
39903
39465
39904
39466
39905
39467
39906
39468
39907
39469
39908
39470
39909
39471
39910
39472
39911
39473
39912
39474
39913
39475
39914
39476
39915
39477
39916
39478
39917
39479
39918
39480
39919
39481
39920
39482
39921
39483
39922
39484
39923
39485
39924
39486
39925
39487
39926
39488
39927
39489
39928
39490
39929
39491
39930
39492
39931
39493
39932
39494
39933
39495
39934
39496
39935
39497
39936
39498
39937
39499
39938
39500
39939
39501
39940
39502
39941
39503
39942
39504
39943
39505
39944
39506
39945
39507
39946
39508
39947
39509
39948
39510
39949
39511
39950
39512
39951
39513
39952
39514
39953
39515
39954
39516
39955
39517
39956
39518
39957
39519
39958
39520
39959
39521
39960
39522
39961
39523
39962
39524
39963
39525
39964
39526
39965
39527
39966
39528
39967
39529
39968
39530
39969
39531
39970
39532
39971
39533
39972
39534
39973
39535
39974
39536
39975
39537
39976
39538
39977
39539
39978
39540
39979
39541
39980
39542
39981
39543
39982
39544
39983
39545
39984
39546
39985
39547
39986
39548
39987
39549
39988
39550
39989
39551
39990
39552
39991
39553
39992
39554
39993
39555
39994
39556
39995
39557
39996
39558
39997
39559
39998
39560
39999
39561
40000
39562
40001
39563
40002
39564
40003
39565
40004
39566
40005
39567
40006
39568
40007
39569
40008
39570
40009
39571
40010
39572
40011
39573
40012
39574
40013
39575
40014
39576
40015
39577
40016
39578
40017
39579
40018
39580
40019
39581
40020
39582
40021
39583
40022
39584
40023
39585
40024
39586
40025
39587
40026
39588
40027
39589
40028
39590
40029
39591
40030
39592
40031
39593
40032
39594
40033
39595
40034
39596
40035
39597
40036
39598
40037
39599
40038
39600
40039
39601
40040
39602
40041
39603
40042
39604
40043
39605
40044
39606
40045
39607
40046
39608
40047
39609
40048
39610
40049
39611
40050
39612
40051
39613
40052
39614
40053
39615
40054
39616
40055
39617
40056
39618
40057
39619
40058
39620
40059
39621
40060
39622
40061
39623
40062
39624
40063
39625
40064
39626
40065
39627
40066
39628
40067
39629
40068
39630
40069
39631
40070
39632
40071
39633
40072
39634
40073
39635
40074
39636
40075
39637
40076
39638
40077
39639
40078
39640
40079
39641
40080
39642
40081
39643
40082
39644
40083
39645
40084
39646
40085
39647
40086
39648
40087
39649
40088
39650
40089
39651
40090
39652
40091
39653
40092
39654
40093
39655
40094
39656
40095
39657
40096
39658
40097
39659
40098
39660
40099
39661
40100
39662
40101
39663
40102
39664
40103
39665
40104
39666
40105
39667
40106
39668
40107
39669
40108
39670
40109
39671
40110
39672
40111
39673
40112
39674
40113
39675
40114
39676
40115
39677
40116
39678
40117
39679
40118
39680
40119
39681
40120
39682
40121
39683
40122
39684
40123
39685
40124
39686
40125
39687
40126
39688
40127
39689
40128
39690
40129
39691
40130
39692
40131
39693
40132
39694
40133
39695
40134
39696
40135
39697
40136
39698
40137
39699
40138
39700
40139
39701
40140
39702
40141
39703
40142
39704
40143
39705
40144
39706
40145
39707
40146
39708
40147
39709
40148
39710
40149
39711
40150
39712
40151
39713
40152
39714
40153
39715
40154
39716
40155
39717
40156
39718
40157
39719
40158
39720
40159
39721
40160
39722
40161
39723
40162
39724
40163
39725
40164
39726
40165
39727
40166
39728
40167
39729
40168
39730
40169
39731
40170
39732
40171
39733
40172
39734
40173
39735
40174
39736
40175
39737
40176
39738
40177
39739
40178
39740
40179
39741
40180
39742
40181
39743
40182
39744
40183
39745
40184
39746
40185
39747
40186
39748
40187
39749
40188
39750
40189
39751
40190
39752
40191
39753
40192
39754
40193
39755
40194
39756
40195
39757
40196
39758
40197
39759
40198
39760
40199
39761
40200
39762
40201
39763
40202
39764
40203
39765
40204
39766
40205
39767
40206
39768
40207
39769
40208
39770
40209
39771
40210
39772
40211
39773
40212
39774
40213
39775
40214
39776
40215
39777
40216
39778
40217
39779
40218
39780
40219
39781
40220
39782
40221
39783
40222
39784
40223
39785
40224
39786
40225
39787
40226
39788
40227
39789
40228
39790
40229
39791
40230
39792
40231
39793
40232
39794
40233
39795
40234
39796
40235
39797
40236
39798
40237
39799
40238
39800
40239
39801
40240
39802
40241
39803
40242
39804
40243
39805
40244
39806
40245
39807
40246
39808
40247
39809
40248
39810
40249
39811
40250
39812
40251
39813
40252
39814
40253
39815
40254
39816
40255
39817
40256
39818
40257
39819
40258
39820
40259
39821
40260
39822
40261
39823
40262
39824
40263
39825
40264
39826
40265
39827
40266
39828
40267
39829
40268
39830
40269
39831
40270
39832
40271
39833
40272
39834
40273
39835
40274
39836
40275
39837
40276
39838
40277
39839
40278
40279
39841
40280
39842
40281
39843
40282
39844
40283
39845
40284
39846
40285
39847
40286
39848
40287
39849
40288
39850
40289
39851
40290
39852
40291
39853
40292
39854
40293
39855
40294
39856
40295
39857
40296
39858
40297
39859
40298
39860
40299
39861
40300
39862
40301
39863
40302
39864
40303
39865
40304
39866
40305
39867
40306
39868
40307
39869
40308
39870
40309
39871
40310
39872
40311
39873
40312
39874
40313
39875
40314
39876
40315
39877
40316
39878
40317
39879
40318
39880
40319
39881
40320
39882
40321
39883
40322
39884
40323
39885
40324
39886
40325
39887
40326
39888
40327
39889
40328
39890
40329
39891
40330
39892
40331
39893
40332
39894
40333
39895
40334
39896
40335
39897
40336
39898
40337
39899
40338
39900
40339
39901
40340
39902
40341
39903
40342
39904
40343
39905
40344
39906
40345
39907
40346
39908
40347
39909
40348
39910
40349
39911
40350
39912
40351
39913
40352
39914
40353
39915
40354
39916
40355
39917
40356
39918
40357
39919
40358
39920
40359
39921
40360
39922
40361
39923
40362
39924
40363
39925
40364
39926
40365
39927
40366
39928
40367
39929
40368
39930
40369
39931
40370
39932
40371
39933
40372
39934
40373
39935
40374
39936
40375
39937
40376
39938
40377
39939
40378
39940
40379
39941
40380
39942
40381
39943
40382
39944
40383
39945
40384
39946
40385
39947
40386
39948
40387
39949
40388
39950
40389
39951
40390
39952
40391
39953
40392
39954
40393
39955
40394
39956
40395
39957
40396
39958
40397
39959
40398
39960
40399
39961
40400
39962
40401
39963
40402
39964
40403
39965
40404
39966
40405
39967
40406
39968
40407
39969
40408
39970
40409
39971
40410
39972
40411
39973
40412
39974
40413
39975
40414
39976
40415
39977
40416
39978
40417
39979
40418
39980
40419
39981
40420
39982
40421
39983
40422
39984
40423
39985
40424
39986
40425
39987
40426
39988
40427
39989
40428
39990
40429
39991
40430
39992
40431
39993
40432
39994
40433
39995
40434
39996
40435
39997
40436
39998
40437
39999
40438
40000
40439
40001
40440
40002
40441
40003
40442
40004
40443
40005
40444
40006
40445
40007
40446
40008
40447
40009
40448
40010
40449
40011
40450
40012
40451
40013
40452
40014
40453
40015
40454
40016
40455
40017
40456
40018
40457
40019
40458
40020
40459
40021
40460
40022
40461
40023
40462
40024
40463
40025
40464
40026
40465
40027
40466
40028
40467
40029
40468
40030
40469
40031
40470
40032
40471
40033
40472
40034
40473
40035
40474
40036
40475
40037
40476
40038
40477
40039
40478
40040
40479
40041
40480
40042
40481
40043
40482
40044
40483
40045
40484
40046
40485
40047
40486
40048
40487
40049
40488
40050
40489
40051
40490
40052
40491
40053
40492
40054
40493
40055
40494
40056
40495
40057
40496
40058
40497
40059
40498
40060
40499
40061
40500
40062
40501
40063
40502
40064
40503
40065
40504
40066
40505
40067
40506
40068
40507
40069
40508
40070
40509
40071
40510
40072
40511
40073
40512
40074
40513
40075
40514
40076
40515
40077
40516
40078
40517
40079
40518
40080
40519
40081
40520
40082
40521
40083
40522
40084
40523
40085
40524
40086
40525
40087
40526
40088
40527
40089
40528
40090
40529
40091
40530
40092
40531
40093
40532
40094
40533
40095
40534
40096
40535
40097
40536
40098
40537
40099
40538
40100
40539
40101
40540
40102
40541
40103
40542
40104
40543
40105
40544
40106
40545
40107
40546
40108
40547
40109
40548
40110
40549
40111
40550
40112
40551
40113
40552
40114
40553
40115
40554
40116
40555
40117
40556
40118
40557
40119
40558
40120
40559
40121
40560
40122
40561
40123
40562
40124
40563
40125
40564
40126
40565
40127
40566
40128
40567
40129
40568
40130
40569
40131
40570
40132
40571
40133
40572
40134
40573
40135
40574
40136
40575
40137
40576
40138
40577
40139
40578
40140
40579
40141
40580
40142
40581
40143
40582
40144
40583
40145
40584
40146
40585
40147
40586
40148
40587
40149
40588
40150
40589
40151
40590
40152
40591
40153
40592
40154
40593
40155
40594
40156
40595
40157
40596
40158
40597
40159
40598
40160
40599
40161
40600
40162
40601
40163
40602
40164
40603
40165
40604
40166
40605
40167
40606
40168
40607
40169
40608
40170
40609
40171
40610
40172
40611
40173
40612
40174
40613
40175
40614
40176
40615
40177
40616
40178
40617
40179
40618
40180
40619
40181
40620
40182
40621
40183
40622
40184
40623
40185
40624
40186
40625
40187
40626
40188
40627
40189
40628
40190
40629
40191
40630
40192
40631
40193
40632
40194
40633
40195
40634
40196
40635
40197
40636
40198
40637
40199
40638
40200
40639
40201
40640
40202
40641
40203
40642
40204
40643
40205
40644
40206
40645
40207
40646
40208
40647
40209
40648
40210
40649
40211
40650
40212
40651
40213
40652
40214
40653
40215
40654
40216
40655
40217
40656
40218
40657
40219
40658
40220
40659
40221
40660
40222
40661
40223
40662
40224
40663
40225
40664
40226
40665
40227
40666
40228
40667
40229
40668
40230
40669
40231
40670
40232
40671
40233
40672
40234
40673
40235
40674
40236
40675
40237
40676
40238
40677
40239
40678
40240
40679
40241
40680
40242
40681
40243
40682
40244
40683
40245
40684
40246
40685
40247
40686
40248
40687
40249
40688
40250
40689
40251
40690
40252
40691
40253
40692
40254
40693
40255
40694
40256
40695
40257
40696
40258
40697
40259
40698
40260
40699
40261
40700
40262
40701
40263
40702
40264
40703
40265
40704
40266
40705
40267
40706
40268
40707
40269
40708
40270
40709
40271
40710
40272
40711
40273
40712
40274
40713
40275
40714
40276
40715
40277
40716
40278
40717
40279
40718
40719
40281
40720
40282
40721
40283
40722
40284
40723
40285
40724
40286
40725
40287
40726
40288
40727
40289
40728
40290
40729
40291
40730
40292
40731
40293
40732
40294
40733
40295
40734
40296
40735
40297
40736
40298
40737
40299
40738
40300
40739
40301
40740
40302
40741
40303
40742
40304
40743
40305
40744
40306
40745
40307
40746
40308
40747
40309
40748
40310
40749
40311
40750
40312
40751
40313
40752
40314
40753
40315
40754
40316
40755
40317
40756
40318
40757
40319
40758
40320
40759
40321
40760
40322
40761
40323
40762
40324
40763
40325
40764
40326
40765
40327
40766
40328
40767
40329
40768
40330
40769
40331
40770
40332
40771
40333
40772
40334
40773
40335
40774
40336
40775
40337
40776
40338
40777
40339
40778
40340
40779
40341
40780
40342
40781
40343
40782
40344
40783
40345
40784
40346
40785
40347
40786
40348
40787
40349
40788
40350
40789
40351
40790
40352
40791
40353
40792
40354
40793
40355
40794
40356
40795
40357
40796
40358
40797
40359
40798
40360
40799
40361
40800
40362
40801
40363
40802
40364
40803
40365
40804
40366
40805
40367
40806
40368
40807
40369
40808
40370
40809
40371
40810
40372
40811
40373
40812
40374
40813
40375
40814
40376
40815
40377
40816
40378
40817
40379
40818
40380
40819
40381
40820
40382
40821
40383
40822
40384
40823
40385
40824
40386
40825
40387
40826
40388
40827
40389
40828
40390
40829
40391
40830
40392
40831
40393
40832
40394
40833
40395
40834
40396
40835
40397
40836
40398
40837
40399
40838
40400
40839
40401
40840
40402
40841
40403
40842
40404
40843
40405
40844
40406
40845
40407
40846
40408
40847
40409
40848
40410
40849
40411
40850
40412
40851
40413
40852
40414
40853
40415
40854
40416
40855
40417
40856
40418
40857
40419
40858
40420
40859
40421
40860
40422
40861
40423
40862
40424
40863
40425
40864
40426
40865
40427
40866
40428
40867
40429
40868
40430
40869
40431
40870
40432
40871
40433
40872
40434
40873
40435
40874
40436
40875
40437
40876
40438
40877
40439
40878
40440
40879
40441
40880
40442
40881
40443
40882
40444
40883
40445
40884
40446
40885
40447
40886
40448
40887
40449
40888
40450
40889
40451
40890
40452
40891
40453
40892
40454
40893
40455
40894
40456
40895
40457
40896
40458
40897
40459
40898
40460
40899
40461
40900
40462
40901
40463
40902
40464
40903
40465
40904
40466
40905
40467
40906
40468
40907
40469
40908
40470
40909
40471
40910
40472
40911
40473
40912
40474
40913
40475
40914
40476
40915
40477
40916
40478
40917
40479
40918
40480
40919
40481
40920
40482
40921
40483
40922
40484
40923
40485
40924
40486
40925
40487
40926
40488
40927
40489
40928
40490
40929
40491
40930
40492
40931
40493
40932
40494
40933
40495
40934
40496
40935
40497
40936
40498
40937
40499
40938
40500
40939
40501
40940
40502
40941
40503
40942
40504
40943
40505
40944
40506
40945
40507
40946
40508
40947
40509
40948
40510
40949
40511
40950
40512
40951
40513
40952
40514
40953
40515
40954
40516
40955
40517
40956
40518
40957
40519
40958
40520
40959
40521
40960
40522
40961
40523
40962
40524
40963
40525
40964
40526
40965
40527
40966
40528
40967
40529
40968
40530
40969
40531
40970
40532
40971
40533
40972
40534
40973
40535
40974
40536
40975
40537
40976
40538
40977
40539
40978
40540
40979
40541
40980
40542
40981
40543
40982
40544
40983
40545
40984
40546
40985
40547
40986
40548
40987
40549
40988
40550
40989
40551
40990
40552
40991
40553
40992
40554
40993
40555
40994
40556
40995
40557
40996
40558
40997
40559
40998
40560
40999
40561
41000
40562
41001
40563
41002
40564
41003
40565
41004
40566
41005
40567
41006
40568
41007
40569
41008
40570
41009
40571
41010
40572
41011
40573
41012
40574
41013
40575
41014
40576
41015
40577
41016
40578
41017
40579
41018
40580
41019
40581
41020
40582
41021
40583
41022
40584
41023
40585
41024
40586
41025
40587
41026
40588
41027
40589
41028
40590
41029
40591
41030
40592
41031
40593
41032
40594
41033
40595
41034
40596
41035
40597
41036
40598
41037
40599
41038
40600
41039
40601
41040
40602
41041
40603
41042
40604
41043
40605
41044
40606
41045
40607
41046
40608
41047
40609
41048
40610
41049
40611
41050
40612
41051
40613
41052
40614
41053
40615
41054
40616
41055
40617
41056
40618
41057
40619
41058
40620
41059
40621
41060
40622
41061
40623
41062
40624
41063
40625
41064
40626
41065
40627
41066
40628
41067
40629
41068
40630
41069
40631
41070
40632
41071
40633
41072
40634
41073
40635
41074
40636
41075
40637
41076
40638
41077
40639
41078
40640
41079
40641
41080
40642
41081
40643
41082
40644
41083
40645
41084
40646
41085
40647
41086
40648
41087
40649
41088
40650
41089
40651
41090
40652
41091
40653
41092
40654
41093
40655
41094
40656
41095
40657
41096
40658
41097
40659
41098
40660
41099
40661
41100
40662
41101
40663
41102
40664
41103
40665
41104
40666
41105
40667
41106
40668
41107
40669
41108
40670
41109
40671
41110
40672
41111
40673
41112
40674
41113
40675
41114
40676
41115
40677
41116
40678
41117
40679
41118
40680
41119
40681
41120
40682
41121
40683
41122
40684
41123
40685
41124
40686
41125
40687
41126
40688
41127
40689
41128
40690
41129
40691
41130
40692
41131
40693
41132
40694
41133
40695
41134
40696
41135
40697
41136
40698
41137
40699
41138
40700
41139
40701
41140
40702
41141
40703
41142
40704
41143
40705
41144
40706
41145
40707
41146
40708
41147
40709
41148
40710
41149
40711
41150
40712
41151
40713
41152
40714
41153
40715
41154
40716
41155
40717
41156
40718
41157
40719
41158
41159
40721
41160
40722
41161
40723
41162
40724
41163
40725
41164
40726
41165
40727
41166
40728
41167
40729
41168
40730
41169
40731
41170
40732
41171
40733
41172
40734
41173
40735
41174
40736
41175
40737
41176
40738
41177
40739
41178
40740
41179
40741
41180
40742
41181
40743
41182
40744
41183
40745
41184
40746
41185
40747
41186
40748
41187
40749
41188
40750
41189
40751
41190
40752
41191
40753
41192
40754
41193
40755
41194
40756
41195
40757
41196
40758
41197
40759
41198
40760
41199
40761
41200
40762
41201
40763
41202
40764
41203
40765
41204
40766
41205
40767
41206
40768
41207
40769
41208
40770
41209
40771
41210
40772
41211
40773
41212
40774
41213
40775
41214
40776
41215
40777
41216
40778
41217
40779
41218
40780
41219
40781
41220
40782
41221
40783
41222
40784
41223
40785
41224
40786
41225
40787
41226
40788
41227
40789
41228
40790
41229
40791
41230
40792
41231
40793
41232
40794
41233
40795
41234
40796
41235
40797
41236
40798
41237
40799
41238
40800
41239
40801
41240
40802
41241
40803
41242
40804
41243
40805
41244
40806
41245
40807
41246
40808
41247
40809
41248
40810
41249
40811
41250
40812
41251
40813
41252
40814
41253
40815
41254
40816
41255
40817
41256
40818
41257
40819
41258
40820
41259
40821
41260
40822
41261
40823
41262
40824
41263
40825
41264
40826
41265
40827
41266
40828
41267
40829
41268
40830
41269
40831
41270
40832
41271
40833
41272
40834
41273
40835
41274
40836
41275
40837
41276
40838
41277
40839
41278
40840
41279
40841
41280
40842
41281
40843
41282
40844
41283
40845
41284
40846
41285
40847
41286
40848
41287
40849
41288
40850
41289
40851
41290
40852
41291
40853
41292
40854
41293
40855
41294
40856
41295
40857
41296
40858
41297
40859
41298
40860
41299
40861
41300
40862
41301
40863
41302
40864
41303
40865
41304
40866
41305
40867
41306
40868
41307
40869
41308
40870
41309
40871
41310
40872
41311
40873
41312
40874
41313
40875
41314
40876
41315
40877
41316
40878
41317
40879
41318
40880
41319
40881
41320
40882
41321
40883
41322
40884
41323
40885
41324
40886
41325
40887
41326
40888
41327
40889
41328
40890
41329
40891
41330
40892
41331
40893
41332
40894
41333
40895
41334
40896
41335
40897
41336
40898
41337
40899
41338
40900
41339
40901
41340
40902
41341
40903
41342
40904
41343
40905
41344
40906
41345
40907
41346
40908
41347
40909
41348
40910
41349
40911
41350
40912
41351
40913
41352
40914
41353
40915
41354
40916
41355
40917
41356
40918
41357
40919
41358
40920
41359
40921
41360
40922
41361
40923
41362
40924
41363
40925
41364
40926
41365
40927
41366
40928
41367
40929
41368
40930
41369
40931
41370
40932
41371
40933
41372
40934
41373
40935
41374
40936
41375
40937
41376
40938
41377
40939
41378
40940
41379
40941
41380
40942
41381
40943
41382
40944
41383
40945
41384
40946
41385
40947
41386
40948
41387
40949
41388
40950
41389
40951
41390
40952
41391
40953
41392
40954
41393
40955
41394
40956
41395
40957
41396
40958
41397
40959
41398
40960
41399
40961
41400
40962
41401
40963
41402
40964
41403
40965
41404
40966
41405
40967
41406
40968
41407
40969
41408
40970
41409
40971
41410
40972
41411
40973
41412
40974
41413
40975
41414
40976
41415
40977
41416
40978
41417
40979
41418
40980
41419
40981
41420
40982
41421
40983
41422
40984
41423
40985
41424
40986
41425
40987
41426
40988
41427
40989
41428
40990
41429
40991
41430
40992
41431
40993
41432
40994
41433
40995
41434
40996
41435
40997
41436
40998
41437
40999
41438
41000
41439
41001
41440
41002
41441
41003
41442
41004
41443
41005
41444
41006
41445
41007
41446
41008
41447
41009
41448
41010
41449
41011
41450
41012
41451
41013
41452
41014
41453
41015
41454
41016
41455
41017
41456
41018
41457
41019
41458
41020
41459
41021
41460
41022
41461
41023
41462
41024
41463
41025
41464
41026
41465
41027
41466
41028
41467
41029
41468
41030
41469
41031
41470
41032
41471
41033
41472
41034
41473
41035
41474
41036
41475
41037
41476
41038
41477
41039
41478
41040
41479
41041
41480
41042
41481
41043
41482
41044
41483
41045
41484
41046
41485
41047
41486
41048
41487
41049
41488
41050
41489
41051
41490
41052
41491
41053
41492
41054
41493
41055
41494
41056
41495
41057
41496
41058
41497
41059
41498
41060
41499
41061
41500
41062
41501
41063
41502
41064
41503
41065
41504
41066
41505
41067
41506
41068
41507
41069
41508
41070
41509
41071
41510
41072
41511
41073
41512
41074
41513
41075
41514
41076
41515
41077
41516
41078
41517
41079
41518
41080
41519
41081
41520
41082
41521
41083
41522
41084
41523
41085
41524
41086
41525
41087
41526
41088
41527
41089
41528
41090
41529
41091
41530
41092
41531
41093
41532
41094
41533
41095
41534
41096
41535
41097
41536
41098
41537
41099
41538
41100
41539
41101
41540
41102
41541
41103
41542
41104
41543
41105
41544
41106
41545
41107
41546
41108
41547
41109
41548
41110
41549
41111
41550
41112
41551
41113
41552
41114
41553
41115
41554
41116
41555
41117
41556
41118
41557
41119
41558
41120
41559
41121
41560
41122
41561
41123
41562
41124
41563
41125
41564
41126
41565
41127
41566
41128
41567
41129
41568
41130
41569
41131
41570
41132
41571
41133
41572
41134
41573
41135
41574
41136
41575
41137
41576
41138
41577
41139
41578
41140
41579
41141
41580
41142
41581
41143
41582
41144
41583
41145
41584
41146
41585
41147
41586
41148
41587
41149
41588
41150
41589
41151
41590
41152
41591
41153
41592
41154
41593
41155
41594
41156
41595
41157
41596
41158
41597
41159
41598
41599
41161
41600
41162
41601
41163
41602
41164
41603
41165
41604
41166
41605
41167
41606
41168
41607
41169
41608
41170
41609
41171
41610
41172
41611
41173
41612
41174
41613
41175
41614
41176
41615
41177
41616
41178
41617
41179
41618
41180
41619
41181
41620
41182
41621
41183
41622
41184
41623
41185
41624
41186
41625
41187
41626
41188
41627
41189
41628
41190
41629
41191
41630
41192
41631
41193
41632
41194
41633
41195
41634
41196
41635
41197
41636
41198
41637
41199
41638
41200
41639
41201
41640
41202
41641
41203
41642
41204
41643
41205
41644
41206
41645
41207
41646
41208
41647
41209
41648
41210
41649
41211
41650
41212
41651
41213
41652
41214
41653
41215
41654
41216
41655
41217
41656
41218
41657
41219
41658
41220
41659
41221
41660
41222
41661
41223
41662
41224
41663
41225
41664
41226
41665
41227
41666
41228
41667
41229
41668
41230
41669
41231
41670
41232
41671
41233
41672
41234
41673
41235
41674
41236
41675
41237
41676
41238
41677
41239
41678
41240
41679
41241
41680
41242
41681
41243
41682
41244
41683
41245
41684
41246
41685
41247
41686
41248
41687
41249
41688
41250
41689
41251
41690
41252
41691
41253
41692
41254
41693
41255
41694
41256
41695
41257
41696
41258
41697
41259
41698
41260
41699
41261
41700
41262
41701
41263
41702
41264
41703
41265
41704
41266
41705
41267
41706
41268
41707
41269
41708
41270
41709
41271
41710
41272
41711
41273
41712
41274
41713
41275
41714
41276
41715
41277
41716
41278
41717
41279
41718
41280
41719
41281
41720
41282
41721
41283
41722
41284
41723
41285
41724
41286
41725
41287
41726
41288
41727
41289
41728
41290
41729
41291
41730
41292
41731
41293
41732
41294
41733
41295
41734
41296
41735
41297
41736
41298
41737
41299
41738
41300
41739
41301
41740
41302
41741
41303
41742
41304
41743
41305
41744
41306
41745
41307
41746
41308
41747
41309
41748
41310
41749
41311
41750
41312
41751
41313
41752
41314
41753
41315
41754
41316
41755
41317
41756
41318
41757
41319
41758
41320
41759
41321
41760
41322
41761
41323
41762
41324
41763
41325
41764
41326
41765
41327
41766
41328
41767
41329
41768
41330
41769
41331
41770
41332
41771
41333
41772
41334
41773
41335
41774
41336
41775
41337
41776
41338
41777
41339
41778
41340
41779
41341
41780
41342
41781
41343
41782
41344
41783
41345
41784
41346
41785
41347
41786
41348
41787
41349
41788
41350
41789
41351
41790
41352
41791
41353
41792
41354
41793
41355
41794
41356
41795
41357
41796
41358
41797
41359
41798
41360
41799
41361
41800
41362
41801
41363
41802
41364
41803
41365
41804
41366
41805
41367
41806
41368
41807
41369
41808
41370
41809
41371
41810
41372
41811
41373
41812
41374
41813
41375
41814
41376
41815
41377
41816
41378
41817
41379
41818
41380
41819
41381
41820
41382
41821
41383
41822
41384
41823
41385
41824
41386
41825
41387
41826
41388
41827
41389
41828
41390
41829
41391
41830
41392
41831
41393
41832
41394
41833
41395
41834
41396
41835
41397
41836
41398
41837
41399
41838
41400
41839
41401
41840
41402
41841
41403
41842
41404
41843
41405
41844
41406
41845
41407
41846
41408
41847
41409
41848
41410
41849
41411
41850
41412
41851
41413
41852
41414
41853
41415
41854
41416
41855
41417
41856
41418
41857
41419
41858
41420
41859
41421
41860
41422
41861
41423
41862
41424
41863
41425
41864
41426
41865
41427
41866
41428
41867
41429
41868
41430
41869
41431
41870
41432
41871
41433
41872
41434
41873
41435
41874
41436
41875
41437
41876
41438
41877
41439
41878
41440
41879
41441
41880
41442
41881
41443
41882
41444
41883
41445
41884
41446
41885
41447
41886
41448
41887
41449
41888
41450
41889
41451
41890
41452
41891
41453
41892
41454
41893
41455
41894
41456
41895
41457
41896
41458
41897
41459
41898
41460
41899
41461
41900
41462
41901
41463
41902
41464
41903
41465
41904
41466
41905
41467
41906
41468
41907
41469
41908
41470
41909
41471
41910
41472
41911
41473
41912
41474
41913
41475
41914
41476
41915
41477
41916
41478
41917
41479
41918
41480
41919
41481
41920
41482
41921
41483
41922
41484
41923
41485
41924
41486
41925
41487
41926
41488
41927
41489
41928
41490
41929
41491
41930
41492
41931
41493
41932
41494
41933
41495
41934
41496
41935
41497
41936
41498
41937
41499
41938
41500
41939
41501
41940
41502
41941
41503
41942
41504
41943
41505
41944
41506
41945
41507
41946
41508
41947
41509
41948
41510
41949
41511
41950
41512
41951
41513
41952
41514
41953
41515
41954
41516
41955
41517
41956
41518
41957
41519
41958
41520
41959
41521
41960
41522
41961
41523
41962
41524
41963
41525
41964
41526
41965
41527
41966
41528
41967
41529
41968
41530
41969
41531
41970
41532
41971
41533
41972
41534
41973
41535
41974
41536
41975
41537
41976
41538
41977
41539
41978
41540
41979
41541
41980
41542
41981
41543
41982
41544
41983
41545
41984
41546
41985
41547
41986
41548
41987
41549
41988
41550
41989
41551
41990
41552
41991
41553
41992
41554
41993
41555
41994
41556
41995
41557
41996
41558
41997
41559
41998
41560
41999
41561
42000
41562
42001
41563
42002
41564
42003
41565
42004
41566
42005
41567
42006
41568
42007
41569
42008
41570
42009
41571
42010
41572
42011
41573
42012
41574
42013
41575
42014
41576
42015
41577
42016
41578
42017
41579
42018
41580
42019
41581
42020
41582
42021
41583
42022
41584
42023
41585
42024
41586
42025
41587
42026
41588
42027
41589
42028
41590
42029
41591
42030
41592
42031
41593
42032
41594
42033
41595
42034
41596
42035
41597
42036
41598
42037
41599
42038
42039
41601
42040
41602
42041
41603
42042
41604
42043
41605
42044
41606
42045
41607
42046
41608
42047
41609
42048
41610
42049
41611
42050
41612
42051
41613
42052
41614
42053
41615
42054
41616
42055
41617
42056
41618
42057
41619
42058
41620
42059
41621
42060
41622
42061
41623
42062
41624
42063
41625
42064
41626
42065
41627
42066
41628
42067
41629
42068
41630
42069
41631
42070
41632
42071
41633
42072
41634
42073
41635
42074
41636
42075
41637
42076
41638
42077
41639
42078
41640
42079
41641
42080
41642
42081
41643
42082
41644
42083
41645
42084
41646
42085
41647
42086
41648
42087
41649
42088
41650
42089
41651
42090
41652
42091
41653
42092
41654
42093
41655
42094
41656
42095
41657
42096
41658
42097
41659
42098
41660
42099
41661
42100
41662
42101
41663
42102
41664
42103
41665
42104
41666
42105
41667
42106
41668
42107
41669
42108
41670
42109
41671
42110
41672
42111
41673
42112
41674
42113
41675
42114
41676
42115
41677
42116
41678
42117
41679
42118
41680
42119
41681
42120
41682
42121
41683
42122
41684
42123
41685
42124
41686
42125
41687
42126
41688
42127
41689
42128
41690
42129
41691
42130
41692
42131
41693
42132
41694
42133
41695
42134
41696
42135
41697
42136
41698
42137
41699
42138
41700
42139
41701
42140
41702
42141
41703
42142
41704
42143
41705
42144
41706
42145
41707
42146
41708
42147
41709
42148
41710
42149
41711
42150
41712
42151
41713
42152
41714
42153
41715
42154
41716
42155
41717
42156
41718
42157
41719
42158
41720
42159
41721
42160
41722
42161
41723
42162
41724
42163
41725
42164
41726
42165
41727
42166
41728
42167
41729
42168
41730
42169
41731
42170
41732
42171
41733
42172
41734
42173
41735
42174
41736
42175
41737
42176
41738
42177
41739
42178
41740
42179
41741
42180
41742
42181
41743
42182
41744
42183
41745
42184
41746
42185
41747
42186
41748
42187
41749
42188
41750
42189
41751
42190
41752
42191
41753
42192
41754
42193
41755
42194
41756
42195
41757
42196
41758
42197
41759
42198
41760
42199
41761
42200
41762
42201
41763
42202
41764
42203
41765
42204
41766
42205
41767
42206
41768
42207
41769
42208
41770
42209
41771
42210
41772
42211
41773
42212
41774
42213
41775
42214
41776
42215
41777
42216
41778
42217
41779
42218
41780
42219
41781
42220
41782
42221
41783
42222
41784
42223
41785
42224
41786
42225
41787
42226
41788
42227
41789
42228
41790
42229
41791
42230
41792
42231
41793
42232
41794
42233
41795
42234
41796
42235
41797
42236
41798
42237
41799
42238
41800
42239
41801
42240
41802
42241
41803
42242
41804
42243
41805
42244
41806
42245
41807
42246
41808
42247
41809
42248
41810
42249
41811
42250
41812
42251
41813
42252
41814
42253
41815
42254
41816
42255
41817
42256
41818
42257
41819
42258
41820
42259
41821
42260
41822
42261
41823
42262
41824
42263
41825
42264
41826
42265
41827
42266
41828
42267
41829
42268
41830
42269
41831
42270
41832
42271
41833
42272
41834
42273
41835
42274
41836
42275
41837
42276
41838
42277
41839
42278
41840
42279
41841
42280
41842
42281
41843
42282
41844
42283
41845
42284
41846
42285
41847
42286
41848
42287
41849
42288
41850
42289
41851
42290
41852
42291
41853
42292
41854
42293
41855
42294
41856
42295
41857
42296
41858
42297
41859
42298
41860
42299
41861
42300
41862
42301
41863
42302
41864
42303
41865
42304
41866
42305
41867
42306
41868
42307
41869
42308
41870
42309
41871
42310
41872
42311
41873
42312
41874
42313
41875
42314
41876
42315
41877
42316
41878
42317
41879
42318
41880
42319
41881
42320
41882
42321
41883
42322
41884
42323
41885
42324
41886
42325
41887
42326
41888
42327
41889
42328
41890
42329
41891
42330
41892
42331
41893
42332
41894
42333
41895
42334
41896
42335
41897
42336
41898
42337
41899
42338
41900
42339
41901
42340
41902
42341
41903
42342
41904
42343
41905
42344
41906
42345
41907
42346
41908
42347
41909
42348
41910
42349
41911
42350
41912
42351
41913
42352
41914
42353
41915
42354
41916
42355
41917
42356
41918
42357
41919
42358
41920
42359
41921
42360
41922
42361
41923
42362
41924
42363
41925
42364
41926
42365
41927
42366
41928
42367
41929
42368
41930
42369
41931
42370
41932
42371
41933
42372
41934
42373
41935
42374
41936
42375
41937
42376
41938
42377
41939
42378
41940
42379
41941
42380
41942
42381
41943
42382
41944
42383
41945
42384
41946
42385
41947
42386
41948
42387
41949
42388
41950
42389
41951
42390
41952
42391
41953
42392
41954
42393
41955
42394
41956
42395
41957
42396
41958
42397
41959
42398
41960
42399
41961
42400
41962
42401
41963
42402
41964
42403
41965
42404
41966
42405
41967
42406
41968
42407
41969
42408
41970
42409
41971
42410
41972
42411
41973
42412
41974
42413
41975
42414
41976
42415
41977
42416
41978
42417
41979
42418
41980
42419
41981
42420
41982
42421
41983
42422
41984
42423
41985
42424
41986
42425
41987
42426
41988
42427
41989
42428
41990
42429
41991
42430
41992
42431
41993
42432
41994
42433
41995
42434
41996
42435
41997
42436
41998
42437
41999
42438
42000
42439
42001
42440
42002
42441
42003
42442
42004
42443
42005
42444
42006
42445
42007
42446
42008
42447
42009
42448
42010
42449
42011
42450
42012
42451
42013
42452
42014
42453
42015
42454
42016
42455
42017
42456
42018
42457
42019
42458
42020
42459
42021
42460
42022
42461
42023
42462
42024
42463
42025
42464
42026
42465
42027
42466
42028
42467
42029
42468
42030
42469
42031
42470
42032
42471
42033
42472
42034
42473
42035
42474
42036
42475
42037
42476
42038
42477
42039
42478
42479
42041
42480
42042
42481
42043
42482
42044
42483
42045
42484
42046
42485
42047
42486
42048
42487
42049
42488
42050
42489
42051
42490
42052
42491
42053
42492
42054
42493
42055
42494
42056
42495
42057
42496
42058
42497
42059
42498
42060
42499
42061
42500
42062
42501
42063
42502
42064
42503
42065
42504
42066
42505
42067
42506
42068
42507
42069
42508
42070
42509
42071
42510
42072
42511
42073
42512
42074
42513
42075
42514
42076
42515
42077
42516
42078
42517
42079
42518
42080
42519
42081
42520
42082
42521
42083
42522
42084
42523
42085
42524
42086
42525
42087
42526
42088
42527
42089
42528
42090
42529
42091
42530
42092
42531
42093
42532
42094
42533
42095
42534
42096
42535
42097
42536
42098
42537
42099
42538
42100
42539
42101
42540
42102
42541
42103
42542
42104
42543
42105
42544
42106
42545
42107
42546
42108
42547
42109
42548
42110
42549
42111
42550
42112
42551
42113
42552
42114
42553
42115
42554
42116
42555
42117
42556
42118
42557
42119
42558
42120
42559
42121
42560
42122
42561
42123
42562
42124
42563
42125
42564
42126
42565
42127
42566
42128
42567
42129
42568
42130
42569
42131
42570
42132
42571
42133
42572
42134
42573
42135
42574
42136
42575
42137
42576
42138
42577
42139
42578
42140
42579
42141
42580
42142
42581
42143
42582
42144
42583
42145
42584
42146
42585
42147
42586
42148
42587
42149
42588
42150
42589
42151
42590
42152
42591
42153
42592
42154
42593
42155
42594
42156
42595
42157
42596
42158
42597
42159
42598
42160
42599
42161
42600
42162
42601
42163
42602
42164
42603
42165
42604
42166
42605
42167
42606
42168
42607
42169
42608
42170
42609
42171
42610
42172
42611
42173
42612
42174
42613
42175
42614
42176
42615
42177
42616
42178
42617
42179
42618
42180
42619
42181
42620
42182
42621
42183
42622
42184
42623
42185
42624
42186
42625
42187
42626
42188
42627
42189
42628
42190
42629
42191
42630
42192
42631
42193
42632
42194
42633
42195
42634
42196
42635
42197
42636
42198
42637
42199
42638
42200
42639
42201
42640
42202
42641
42203
42642
42204
42643
42205
42644
42206
42645
42207
42646
42208
42647
42209
42648
42210
42649
42211
42650
42212
42651
42213
42652
42214
42653
42215
42654
42216
42655
42217
42656
42218
42657
42219
42658
42220
42659
42221
42660
42222
42661
42223
42662
42224
42663
42225
42664
42226
42665
42227
42666
42228
42667
42229
42668
42230
42669
42231
42670
42232
42671
42233
42672
42234
42673
42235
42674
42236
42675
42237
42676
42238
42677
42239
42678
42240
42679
42241
42680
42242
42681
42243
42682
42244
42683
42245
42684
42246
42685
42247
42686
42248
42687
42249
42688
42250
42689
42251
42690
42252
42691
42253
42692
42254
42693
42255
42694
42256
42695
42257
42696
42258
42697
42259
42698
42260
42699
42261
42700
42262
42701
42263
42702
42264
42703
42265
42704
42266
42705
42267
42706
42268
42707
42269
42708
42270
42709
42271
42710
42272
42711
42273
42712
42274
42713
42275
42714
42276
42715
42277
42716
42278
42717
42279
42718
42280
42719
42281
42720
42282
42721
42283
42722
42284
42723
42285
42724
42286
42725
42287
42726
42288
42727
42289
42728
42290
42729
42291
42730
42292
42731
42293
42732
42294
42733
42295
42734
42296
42735
42297
42736
42298
42737
42299
42738
42300
42739
42301
42740
42302
42741
42303
42742
42304
42743
42305
42744
42306
42745
42307
42746
42308
42747
42309
42748
42310
42749
42311
42750
42312
42751
42313
42752
42314
42753
42315
42754
42316
42755
42317
42756
42318
42757
42319
42758
42320
42759
42321
42760
42322
42761
42323
42762
42324
42763
42325
42764
42326
42765
42327
42766
42328
42767
42329
42768
42330
42769
42331
42770
42332
42771
42333
42772
42334
42773
42335
42774
42336
42775
42337
42776
42338
42777
42339
42778
42340
42779
42341
42780
42342
42781
42343
42782
42344
42783
42345
42784
42346
42785
42347
42786
42348
42787
42349
42788
42350
42789
42351
42790
42352
42791
42353
42792
42354
42793
42355
42794
42356
42795
42357
42796
42358
42797
42359
42798
42360
42799
42361
42800
42362
42801
42363
42802
42364
42803
42365
42804
42366
42805
42367
42806
42368
42807
42369
42808
42370
42809
42371
42810
42372
42811
42373
42812
42374
42813
42375
42814
42376
42815
42377
42816
42378
42817
42379
42818
42380
42819
42381
42820
42382
42821
42383
42822
42384
42823
42385
42824
42386
42825
42387
42826
42388
42827
42389
42828
42390
42829
42391
42830
42392
42831
42393
42832
42394
42833
42395
42834
42396
42835
42397
42836
42398
42837
42399
42838
42400
42839
42401
42840
42402
42841
42403
42842
42404
42843
42405
42844
42406
42845
42407
42846
42408
42847
42409
42848
42410
42849
42411
42850
42412
42851
42413
42852
42414
42853
42415
42854
42416
42855
42417
42856
42418
42857
42419
42858
42420
42859
42421
42860
42422
42861
42423
42862
42424
42863
42425
42864
42426
42865
42427
42866
42428
42867
42429
42868
42430
42869
42431
42870
42432
42871
42433
42872
42434
42873
42435
42874
42436
42875
42437
42876
42438
42877
42439
42878
42440
42879
42441
42880
42442
42881
42443
42882
42444
42883
42445
42884
42446
42885
42447
42886
42448
42887
42449
42888
42450
42889
42451
42890
42452
42891
42453
42892
42454
42893
42455
42894
42456
42895
42457
42896
42458
42897
42459
42898
42460
42899
42461
42900
42462
42901
42463
42902
42464
42903
42465
42904
42466
42905
42467
42906
42468
42907
42469
42908
42470
42909
42471
42910
42472
42911
42473
42912
42474
42913
42475
42914
42476
42915
42477
42916
42478
42917
42479
42918
42919
42481
42920
42482
42921
42483
42922
42484
42923
42485
42924
42486
42925
42487
42926
42488
42927
42489
42928
42490
42929
42491
42930
42492
42931
42493
42932
42494
42933
42495
42934
42496
42935
42497
42936
42498
42937
42499
42938
42500
42939
42501
42940
42502
42941
42503
42942
42504
42943
42505
42944
42506
42945
42507
42946
42508
42947
42509
42948
42510
42949
42511
42950
42512
42951
42513
42952
42514
42953
42515
42954
42516
42955
42517
42956
42518
42957
42519
42958
42520
42959
42521
42960
42522
42961
42523
42962
42524
42963
42525
42964
42526
42965
42527
42966
42528
42967
42529
42968
42530
42969
42531
42970
42532
42971
42533
42972
42534
42973
42535
42974
42536
42975
42537
42976
42538
42977
42539
42978
42540
42979
42541
42980
42542
42981
42543
42982
42544
42983
42545
42984
42546
42985
42547
42986
42548
42987
42549
42988
42550
42989
42551
42990
42552
42991
42553
42992
42554
42993
42555
42994
42556
42995
42557
42996
42558
42997
42559
42998
42560
42999
42561
43000
42562
43001
42563
43002
42564
43003
42565
43004
42566
43005
42567
43006
42568
43007
42569
43008
42570
43009
42571
43010
42572
43011
42573
43012
42574
43013
42575
43014
42576
43015
42577
43016
42578
43017
42579
43018
42580
43019
42581
43020
42582
43021
42583
43022
42584
43023
42585
43024
42586
43025
42587
43026
42588
43027
42589
43028
42590
43029
42591
43030
42592
43031
42593
43032
42594
43033
42595
43034
42596
43035
42597
43036
42598
43037
42599
43038
42600
43039
42601
43040
42602
43041
42603
43042
42604
43043
42605
43044
42606
43045
42607
43046
42608
43047
42609
43048
42610
43049
42611
43050
42612
43051
42613
43052
42614
43053
42615
43054
42616
43055
42617
43056
42618
43057
42619
43058
42620
43059
42621
43060
42622
43061
42623
43062
42624
43063
42625
43064
42626
43065
42627
43066
42628
43067
42629
43068
42630
43069
42631
43070
42632
43071
42633
43072
42634
43073
42635
43074
42636
43075
42637
43076
42638
43077
42639
43078
42640
43079
42641
43080
42642
43081
42643
43082
42644
43083
42645
43084
42646
43085
42647
43086
42648
43087
42649
43088
42650
43089
42651
43090
42652
43091
42653
43092
42654
43093
42655
43094
42656
43095
42657
43096
42658
43097
42659
43098
42660
43099
42661
43100
42662
43101
42663
43102
42664
43103
42665
43104
42666
43105
42667
43106
42668
43107
42669
43108
42670
43109
42671
43110
42672
43111
42673
43112
42674
43113
42675
43114
42676
43115
42677
43116
42678
43117
42679
43118
42680
43119
42681
43120
42682
43121
42683
43122
42684
43123
42685
43124
42686
43125
42687
43126
42688
43127
42689
43128
42690
43129
42691
43130
42692
43131
42693
43132
42694
43133
42695
43134
42696
43135
42697
43136
42698
43137
42699
43138
42700
43139
42701
43140
42702
43141
42703
43142
42704
43143
42705
43144
42706
43145
42707
43146
42708
43147
42709
43148
42710
43149
42711
43150
42712
43151
42713
43152
42714
43153
42715
43154
42716
43155
42717
43156
42718
43157
42719
43158
42720
43159
42721
43160
42722
43161
42723
43162
42724
43163
42725
43164
42726
43165
42727
43166
42728
43167
42729
43168
42730
43169
42731
43170
42732
43171
42733
43172
42734
43173
42735
43174
42736
43175
42737
43176
42738
43177
42739
43178
42740
43179
42741
43180
42742
43181
42743
43182
42744
43183
42745
43184
42746
43185
42747
43186
42748
43187
42749
43188
42750
43189
42751
43190
42752
43191
42753
43192
42754
43193
42755
43194
42756
43195
42757
43196
42758
43197
42759
43198
42760
43199
42761
43200
42762
43201
42763
43202
42764
43203
42765
43204
42766
43205
42767
43206
42768
43207
42769
43208
42770
43209
42771
43210
42772
43211
42773
43212
42774
43213
42775
43214
42776
43215
42777
43216
42778
43217
42779
43218
42780
43219
42781
43220
42782
43221
42783
43222
42784
43223
42785
43224
42786
43225
42787
43226
42788
43227
42789
43228
42790
43229
42791
43230
42792
43231
42793
43232
42794
43233
42795
43234
42796
43235
42797
43236
42798
43237
42799
43238
42800
43239
42801
43240
42802
43241
42803
43242
42804
43243
42805
43244
42806
43245
42807
43246
42808
43247
42809
43248
42810
43249
42811
43250
42812
43251
42813
43252
42814
43253
42815
43254
42816
43255
42817
43256
42818
43257
42819
43258
42820
43259
42821
43260
42822
43261
42823
43262
42824
43263
42825
43264
42826
43265
42827
43266
42828
43267
42829
43268
42830
43269
42831
43270
42832
43271
42833
43272
42834
43273
42835
43274
42836
43275
42837
43276
42838
43277
42839
43278
42840
43279
42841
43280
42842
43281
42843
43282
42844
43283
42845
43284
42846
43285
42847
43286
42848
43287
42849
43288
42850
43289
42851
43290
42852
43291
42853
43292
42854
43293
42855
43294
42856
43295
42857
43296
42858
43297
42859
43298
42860
43299
42861
43300
42862
43301
42863
43302
42864
43303
42865
43304
42866
43305
42867
43306
42868
43307
42869
43308
42870
43309
42871
43310
42872
43311
42873
43312
42874
43313
42875
43314
42876
43315
42877
43316
42878
43317
42879
43318
42880
43319
42881
43320
42882
43321
42883
43322
42884
43323
42885
43324
42886
43325
42887
43326
42888
43327
42889
43328
42890
43329
42891
43330
42892
43331
42893
43332
42894
43333
42895
43334
42896
43335
42897
43336
42898
43337
42899
43338
42900
43339
42901
43340
42902
43341
42903
43342
42904
43343
42905
43344
42906
43345
42907
43346
42908
43347
42909
43348
42910
43349
42911
43350
42912
43351
42913
43352
42914
43353
42915
43354
42916
43355
42917
43356
42918
43357
42919
43358
43359
42921
43360
42922
43361
42923
43362
42924
43363
42925
43364
42926
43365
42927
43366
42928
43367
42929
43368
42930
43369
42931
43370
42932
43371
42933
43372
42934
43373
42935
43374
42936
43375
42937
43376
42938
43377
42939
43378
42940
43379
42941
43380
42942
43381
42943
43382
42944
43383
42945
43384
42946
43385
42947
43386
42948
43387
42949
43388
42950
43389
42951
43390
42952
43391
42953
43392
42954
43393
42955
43394
42956
43395
42957
43396
42958
43397
42959
43398
42960
43399
42961
43400
42962
43401
42963
43402
42964
43403
42965
43404
42966
43405
42967
43406
42968
43407
42969
43408
42970
43409
42971
43410
42972
43411
42973
43412
42974
43413
42975
43414
42976
43415
42977
43416
42978
43417
42979
43418
42980
43419
42981
43420
42982
43421
42983
43422
42984
43423
42985
43424
42986
43425
42987
43426
42988
43427
42989
43428
42990
43429
42991
43430
42992
43431
42993
43432
42994
43433
42995
43434
42996
43435
42997
43436
42998
43437
42999
43438
43000
43439
43001
43440
43002
43441
43003
43442
43004
43443
43005
43444
43006
43445
43007
43446
43008
43447
43009
43448
43010
43449
43011
43450
43012
43451
43013
43452
43014
43453
43015
43454
43016
43455
43017
43456
43018
43457
43019
43458
43020
43459
43021
43460
43022
43461
43023
43462
43024
43463
43025
43464
43026
43465
43027
43466
43028
43467
43029
43468
43030
43469
43031
43470
43032
43471
43033
43472
43034
43473
43035
43474
43036
43475
43037
43476
43038
43477
43039
43478
43040
43479
43041
43480
43042
43481
43043
43482
43044
43483
43045
43484
43046
43485
43047
43486
43048
43487
43049
43488
43050
43489
43051
43490
43052
43491
43053
43492
43054
43493
43055
43494
43056
43495
43057
43496
43058
43497
43059
43498
43060
43499
43061
43500
43062
43501
43063
43502
43064
43503
43065
43504
43066
43505
43067
43506
43068
43507
43069
43508
43070
43509
43071
43510
43072
43511
43073
43512
43074
43513
43075
43514
43076
43515
43077
43516
43078
43517
43079
43518
43080
43519
43081
43520
43082
43521
43083
43522
43084
43523
43085
43524
43086
43525
43087
43526
43088
43527
43089
43528
43090
43529
43091
43530
43092
43531
43093
43532
43094
43533
43095
43534
43096
43535
43097
43536
43098
43537
43099
43538
43100
43539
43101
43540
43102
43541
43103
43542
43104
43543
43105
43544
43106
43545
43107
43546
43108
43547
43109
43548
43110
43549
43111
43550
43112
43551
43113
43552
43114
43553
43115
43554
43116
43555
43117
43556
43118
43557
43119
43558
43120
43559
43121
43560
43122
43561
43123
43562
43124
43563
43125
43564
43126
43565
43127
43566
43128
43567
43129
43568
43130
43569
43131
43570
43132
43571
43133
43572
43134
43573
43135
43574
43136
43575
43137
43576
43138
43577
43139
43578
43140
43579
43141
43580
43142
43581
43143
43582
43144
43583
43145
43584
43146
43585
43147
43586
43148
43587
43149
43588
43150
43589
43151
43590
43152
43591
43153
43592
43154
43593
43155
43594
43156
43595
43157
43596
43158
43597
43159
43598
43160
43599
43161
43600
43162
43601
43163
43602
43164
43603
43165
43604
43166
43605
43167
43606
43168
43607
43169
43608
43170
43609
43171
43610
43172
43611
43173
43612
43174
43613
43175
43614
43176
43615
43177
43616
43178
43617
43179
43618
43180
43619
43181
43620
43182
43621
43183
43622
43184
43623
43185
43624
43186
43625
43187
43626
43188
43627
43189
43628
43190
43629
43191
43630
43192
43631
43193
43632
43194
43633
43195
43634
43196
43635
43197
43636
43198
43637
43199
43638
43200
43639
43201
43640
43202
43641
43203
43642
43204
43643
43205
43644
43206
43645
43207
43646
43208
43647
43209
43648
43210
43649
43211
43650
43212
43651
43213
43652
43214
43653
43215
43654
43216
43655
43217
43656
43218
43657
43219
43658
43220
43659
43221
43660
43222
43661
43223
43662
43224
43663
43225
43664
43226
43665
43227
43666
43228
43667
43229
43668
43230
43669
43231
43670
43232
43671
43233
43672
43234
43673
43235
43674
43236
43675
43237
43676
43238
43677
43239
43678
43240
43679
43241
43680
43242
43681
43243
43682
43244
43683
43245
43684
43246
43685
43247
43686
43248
43687
43249
43688
43250
43689
43251
43690
43252
43691
43253
43692
43254
43693
43255
43694
43256
43695
43257
43696
43258
43697
43259
43698
43260
43699
43261
43700
43262
43701
43263
43702
43264
43703
43265
43704
43266
43705
43267
43706
43268
43707
43269
43708
43270
43709
43271
43710
43272
43711
43273
43712
43274
43713
43275
43714
43276
43715
43277
43716
43278
43717
43279
43718
43280
43719
43281
43720
43282
43721
43283
43722
43284
43723
43285
43724
43286
43725
43287
43726
43288
43727
43289
43728
43290
43729
43291
43730
43292
43731
43293
43732
43294
43733
43295
43734
43296
43735
43297
43736
43298
43737
43299
43738
43300
43739
43301
43740
43302
43741
43303
43742
43304
43743
43305
43744
43306
43745
43307
43746
43308
43747
43309
43748
43310
43749
43311
43750
43312
43751
43313
43752
43314
43753
43315
43754
43316
43755
43317
43756
43318
43757
43319
43758
43320
43759
43321
43760
43322
43761
43323
43762
43324
43763
43325
43764
43326
43765
43327
43766
43328
43767
43329
43768
43330
43769
43331
43770
43332
43771
43333
43772
43334
43773
43335
43774
43336
43775
43337
43776
43338
43777
43339
43778
43340
43779
43341
43780
43342
43781
43343
43782
43344
43783
43345
43784
43346
43785
43347
43786
43348
43787
43349
43788
43350
43789
43351
43790
43352
43791
43353
43792
43354
43793
43355
43794
43356
43795
43357
43796
43358
43797
43359
43798
43799
43361
43800
43362
43801
43363
43802
43364
43803
43365
43804
43366
43805
43367
43806
43368
43807
43369
43808
43370
43809
43371
43810
43372
43811
43373
43812
43374
43813
43375
43814
43376
43815
43377
43816
43378
43817
43379
43818
43380
43819
43381
43820
43382
43821
43383
43822
43384
43823
43385
43824
43386
43825
43387
43826
43388
43827
43389
43828
43390
43829
43391
43830
43392
43831
43393
43832
43394
43833
43395
43834
43396
43835
43397
43836
43398
43837
43399
43838
43400
43839
43401
43840
43402
43841
43403
43842
43404
43843
43405
43844
43406
43845
43407
43846
43408
43847
43409
43848
43410
43849
43411
43850
43412
43851
43413
43852
43414
43853
43415
43854
43416
43855
43417
43856
43418
43857
43419
43858
43420
43859
43421
43860
43422
43861
43423
43862
43424
43863
43425
43864
43426
43865
43427
43866
43428
43867
43429
43868
43430
43869
43431
43870
43432
43871
43433
43872
43434
43873
43435
43874
43436
43875
43437
43876
43438
43877
43439
43878
43440
43879
43441
43880
43442
43881
43443
43882
43444
43883
43445
43884
43446
43885
43447
43886
43448
43887
43449
43888
43450
43889
43451
43890
43452
43891
43453
43892
43454
43893
43455
43894
43456
43895
43457
43896
43458
43897
43459
43898
43460
43899
43461
43900
43462
43901
43463
43902
43464
43903
43465
43904
43466
43905
43467
43906
43468
43907
43469
43908
43470
43909
43471
43910
43472
43911
43473
43912
43474
43913
43475
43914
43476
43915
43477
43916
43478
43917
43479
43918
43480
43919
43481
43920
43482
43921
43483
43922
43484
43923
43485
43924
43486
43925
43487
43926
43488
43927
43489
43928
43490
43929
43491
43930
43492
43931
43493
43932
43494
43933
43495
43934
43496
43935
43497
43936
43498
43937
43499
43938
43500
43939
43501
43940
43502
43941
43503
43942
43504
43943
43505
43944
43506
43945
43507
43946
43508
43947
43509
43948
43510
43949
43511
43950
43512
43951
43513
43952
43514
43953
43515
43954
43516
43955
43517
43956
43518
43957
43519
43958
43520
43959
43521
43960
43522
43961
43523
43962
43524
43963
43525
43964
43526
43965
43527
43966
43528
43967
43529
43968
43530
43969
43531
43970
43532
43971
43533
43972
43534
43973
43535
43974
43536
43975
43537
43976
43538
43977
43539
43978
43540
43979
43541
43980
43542
43981
43543
43982
43544
43983
43545
43984
43546
43985
43547
43986
43548
43987
43549
43988
43550
43989
43551
43990
43552
43991
43553
43992
43554
43993
43555
43994
43556
43995
43557
43996
43558
43997
43559
43998
43560
43999
43561
44000
43562
44001
43563
44002
43564
44003
43565
44004
43566
44005
43567
44006
43568
44007
43569
44008
43570
44009
43571
44010
43572
44011
43573
44012
43574
44013
43575
44014
43576
44015
43577
44016
43578
44017
43579
44018
43580
44019
43581
44020
43582
44021
43583
44022
43584
44023
43585
44024
43586
44025
43587
44026
43588
44027
43589
44028
43590
44029
43591
44030
43592
44031
43593
44032
43594
44033
43595
44034
43596
44035
43597
44036
43598
44037
43599
44038
43600
44039
43601
44040
43602
44041
43603
44042
43604
44043
43605
44044
43606
44045
43607
44046
43608
44047
43609
44048
43610
44049
43611
44050
43612
44051
43613
44052
43614
44053
43615
44054
43616
44055
43617
44056
43618
44057
43619
44058
43620
44059
43621
44060
43622
44061
43623
44062
43624
44063
43625
44064
43626
44065
43627
44066
43628
44067
43629
44068
43630
44069
43631
44070
43632
44071
43633
44072
43634
44073
43635
44074
43636
44075
43637
44076
43638
44077
43639
44078
43640
44079
43641
44080
43642
44081
43643
44082
43644
44083
43645
44084
43646
44085
43647
44086
43648
44087
43649
44088
43650
44089
43651
44090
43652
44091
43653
44092
43654
44093
43655
44094
43656
44095
43657
44096
43658
44097
43659
44098
43660
44099
43661
44100
43662
44101
43663
44102
43664
44103
43665
44104
43666
44105
43667
44106
43668
44107
43669
44108
43670
44109
43671
44110
43672
44111
43673
44112
43674
44113
43675
44114
43676
44115
43677
44116
43678
44117
43679
44118
43680
44119
43681
44120
43682
44121
43683
44122
43684
44123
43685
44124
43686
44125
43687
44126
43688
44127
43689
44128
43690
44129
43691
44130
43692
44131
43693
44132
43694
44133
43695
44134
43696
44135
43697
44136
43698
44137
43699
44138
43700
44139
43701
44140
43702
44141
43703
44142
43704
44143
43705
44144
43706
44145
43707
44146
43708
44147
43709
44148
43710
44149
43711
44150
43712
44151
43713
44152
43714
44153
43715
44154
43716
44155
43717
44156
43718
44157
43719
44158
43720
44159
43721
44160
43722
44161
43723
44162
43724
44163
43725
44164
43726
44165
43727
44166
43728
44167
43729
44168
43730
44169
43731
44170
43732
44171
43733
44172
43734
44173
43735
44174
43736
44175
43737
44176
43738
44177
43739
44178
43740
44179
43741
44180
43742
44181
43743
44182
43744
44183
43745
44184
43746
44185
43747
44186
43748
44187
43749
44188
43750
44189
43751
44190
43752
44191
43753
44192
43754
44193
43755
44194
43756
44195
43757
44196
43758
44197
43759
44198
43760
44199
43761
44200
43762
44201
43763
44202
43764
44203
43765
44204
43766
44205
43767
44206
43768
44207
43769
44208
43770
44209
43771
44210
43772
44211
43773
44212
43774
44213
43775
44214
43776
44215
43777
44216
43778
44217
43779
44218
43780
44219
43781
44220
43782
44221
43783
44222
43784
44223
43785
44224
43786
44225
43787
44226
43788
44227
43789
44228
43790
44229
43791
44230
43792
44231
43793
44232
43794
44233
43795
44234
43796
44235
43797
44236
43798
44237
43799
44238
44239
43801
44240
43802
44241
43803
44242
43804
44243
43805
44244
43806
44245
43807
44246
43808
44247
43809
44248
43810
44249
43811
44250
43812
44251
43813
44252
43814
44253
43815
44254
43816
44255
43817
44256
43818
44257
43819
44258
43820
44259
43821
44260
43822
44261
43823
44262
43824
44263
43825
44264
43826
44265
43827
44266
43828
44267
43829
44268
43830
44269
43831
44270
43832
44271
43833
44272
43834
44273
43835
44274
43836
44275
43837
44276
43838
44277
43839
44278
43840
44279
43841
44280
43842
44281
43843
44282
43844
44283
43845
44284
43846
44285
43847
44286
43848
44287
43849
44288
43850
44289
43851
44290
43852
44291
43853
44292
43854
44293
43855
44294
43856
44295
43857
44296
43858
44297
43859
44298
43860
44299
43861
44300
43862
44301
43863
44302
43864
44303
43865
44304
43866
44305
43867
44306
43868
44307
43869
44308
43870
44309
43871
44310
43872
44311
43873
44312
43874
44313
43875
44314
43876
44315
43877
44316
43878
44317
43879
44318
43880
44319
43881
44320
43882
44321
43883
44322
43884
44323
43885
44324
43886
44325
43887
44326
43888
44327
43889
44328
43890
44329
43891
44330
43892
44331
43893
44332
43894
44333
43895
44334
43896
44335
43897
44336
43898
44337
43899
44338
43900
44339
43901
44340
43902
44341
43903
44342
43904
44343
43905
44344
43906
44345
43907
44346
43908
44347
43909
44348
43910
44349
43911
44350
43912
44351
43913
44352
43914
44353
43915
44354
43916
44355
43917
44356
43918
44357
43919
44358
43920
44359
43921
44360
43922
44361
43923
44362
43924
44363
43925
44364
43926
44365
43927
44366
43928
44367
43929
44368
43930
44369
43931
44370
43932
44371
43933
44372
43934
44373
43935
44374
43936
44375
43937
44376
43938
44377
43939
44378
43940
44379
43941
44380
43942
44381
43943
44382
43944
44383
43945
44384
43946
44385
43947
44386
43948
44387
43949
44388
43950
44389
43951
44390
43952
44391
43953
44392
43954
44393
43955
44394
43956
44395
43957
44396
43958
44397
43959
44398
43960
44399
43961
44400
43962
44401
43963
44402
43964
44403
43965
44404
43966
44405
43967
44406
43968
44407
43969
44408
43970
44409
43971
44410
43972
44411
43973
44412
43974
44413
43975
44414
43976
44415
43977
44416
43978
44417
43979
44418
43980
44419
43981
44420
43982
44421
43983
44422
43984
44423
43985
44424
43986
44425
43987
44426
43988
44427
43989
44428
43990
44429
43991
44430
43992
44431
43993
44432
43994
44433
43995
44434
43996
44435
43997
44436
43998
44437
43999
44438
44000
44439
44001
44440
44002
44441
44003
44442
44004
44443
44005
44444
44006
44445
44007
44446
44008
44447
44009
44448
44010
44449
44011
44450
44012
44451
44013
44452
44014
44453
44015
44454
44016
44455
44017
44456
44018
44457
44019
44458
44020
44459
44021
44460
44022
44461
44023
44462
44024
44463
44025
44464
44026
44465
44027
44466
44028
44467
44029
44468
44030
44469
44031
44470
44032
44471
44033
44472
44034
44473
44035
44474
44036
44475
44037
44476
44038
44477
44039
44478
44040
44479
44041
44480
44042
44481
44043
44482
44044
44483
44045
44484
44046
44485
44047
44486
44048
44487
44049
44488
44050
44489
44051
44490
44052
44491
44053
44492
44054
44493
44055
44494
44056
44495
44057
44496
44058
44497
44059
44498
44060
44499
44061
44500
44062
44501
44063
44502
44064
44503
44065
44504
44066
44505
44067
44506
44068
44507
44069
44508
44070
44509
44071
44510
44072
44511
44073
44512
44074
44513
44075
44514
44076
44515
44077
44516
44078
44517
44079
44518
44080
44519
44081
44520
44082
44521
44083
44522
44084
44523
44085
44524
44086
44525
44087
44526
44088
44527
44089
44528
44090
44529
44091
44530
44092
44531
44093
44532
44094
44533
44095
44534
44096
44535
44097
44536
44098
44537
44099
44538
44100
44539
44101
44540
44102
44541
44103
44542
44104
44543
44105
44544
44106
44545
44107
44546
44108
44547
44109
44548
44110
44549
44111
44550
44112
44551
44113
44552
44114
44553
44115
44554
44116
44555
44117
44556
44118
44557
44119
44558
44120
44559
44121
44560
44122
44561
44123
44562
44124
44563
44125
44564
44126
44565
44127
44566
44128
44567
44129
44568
44130
44569
44131
44570
44132
44571
44133
44572
44134
44573
44135
44574
44136
44575
44137
44576
44138
44577
44139
44578
44140
44579
44141
44580
44142
44581
44143
44582
44144
44583
44145
44584
44146
44585
44147
44586
44148
44587
44149
44588
44150
44589
44151
44590
44152
44591
44153
44592
44154
44593
44155
44594
44156
44595
44157
44596
44158
44597
44159
44598
44160
44599
44161
44600
44162
44601
44163
44602
44164
44603
44165
44604
44166
44605
44167
44606
44168
44607
44169
44608
44170
44609
44171
44610
44172
44611
44173
44612
44174
44613
44175
44614
44176
44615
44177
44616
44178
44617
44179
44618
44180
44619
44181
44620
44182
44621
44183
44622
44184
44623
44185
44624
44186
44625
44187
44626
44188
44627
44189
44628
44190
44629
44191
44630
44192
44631
44193
44632
44194
44633
44195
44634
44196
44635
44197
44636
44198
44637
44199
44638
44200
44639
44201
44640
44202
44641
44203
44642
44204
44643
44205
44644
44206
44645
44207
44646
44208
44647
44209
44648
44210
44649
44211
44650
44212
44651
44213
44652
44214
44653
44215
44654
44216
44655
44217
44656
44218
44657
44219
44658
44220
44659
44221
44660
44222
44661
44223
44662
44224
44663
44225
44664
44226
44665
44227
44666
44228
44667
44229
44668
44230
44669
44231
44670
44232
44671
44233
44672
44234
44673
44235
44674
44236
44675
44237
44676
44238
44677
44239
44678
44679
44241
44680
44242
44681
44243
44682
44244
44683
44245
44684
44246
44685
44247
44686
44248
44687
44249
44688
44250
44689
44251
44690
44252
44691
44253
44692
44254
44693
44255
44694
44256
44695
44257
44696
44258
44697
44259
44698
44260
44699
44261
44700
44262
44701
44263
44702
44264
44703
44265
44704
44266
44705
44267
44706
44268
44707
44269
44708
44270
44709
44271
44710
44272
44711
44273
44712
44274
44713
44275
44714
44276
44715
44277
44716
44278
44717
44279
44718
44280
44719
44281
44720
44282
44721
44283
44722
44284
44723
44285
44724
44286
44725
44287
44726
44288
44727
44289
44728
44290
44729
44291
44730
44292
44731
44293
44732
44294
44733
44295
44734
44296
44735
44297
44736
44298
44737
44299
44738
44300
44739
44301
44740
44302
44741
44303
44742
44304
44743
44305
44744
44306
44745
44307
44746
44308
44747
44309
44748
44310
44749
44311
44750
44312
44751
44313
44752
44314
44753
44315
44754
44316
44755
44317
44756
44318
44757
44319
44758
44320
44759
44321
44760
44322
44761
44323
44762
44324
44763
44325
44764
44326
44765
44327
44766
44328
44767
44329
44768
44330
44769
44331
44770
44332
44771
44333
44772
44334
44773
44335
44774
44336
44775
44337
44776
44338
44777
44339
44778
44340
44779
44341
44780
44342
44781
44343
44782
44344
44783
44345
44784
44346
44785
44347
44786
44348
44787
44349
44788
44350
44789
44351
44790
44352
44791
44353
44792
44354
44793
44355
44794
44356
44795
44357
44796
44358
44797
44359
44798
44360
44799
44361
44800
44362
44801
44363
44802
44364
44803
44365
44804
44366
44805
44367
44806
44368
44807
44369
44808
44370
44809
44371
44810
44372
44811
44373
44812
44374
44813
44375
44814
44376
44815
44377
44816
44378
44817
44379
44818
44380
44819
44381
44820
44382
44821
44383
44822
44384
44823
44385
44824
44386
44825
44387
44826
44388
44827
44389
44828
44390
44829
44391
44830
44392
44831
44393
44832
44394
44833
44395
44834
44396
44835
44397
44836
44398
44837
44399
44838
44400
44839
44401
44840
44402
44841
44403
44842
44404
44843
44405
44844
44406
44845
44407
44846
44408
44847
44409
44848
44410
44849
44411
44850
44412
44851
44413
44852
44414
44853
44415
44854
44416
44855
44417
44856
44418
44857
44419
44858
44420
44859
44421
44860
44422
44861
44423
44862
44424
44863
44425
44864
44426
44865
44427
44866
44428
44867
44429
44868
44430
44869
44431
44870
44432
44871
44433
44872
44434
44873
44435
44874
44436
44875
44437
44876
44438
44877
44439
44878
44440
44879
44441
44880
44442
44881
44443
44882
44444
44883
44445
44884
44446
44885
44447
44886
44448
44887
44449
44888
44450
44889
44451
44890
44452
44891
44453
44892
44454
44893
44455
44894
44456
44895
44457
44896
44458
44897
44459
44898
44460
44899
44461
44900
44462
44901
44463
44902
44464
44903
44465
44904
44466
44905
44467
44906
44468
44907
44469
44908
44470
44909
44471
44910
44472
44911
44473
44912
44474
44913
44475
44914
44476
44915
44477
44916
44478
44917
44479
44918
44480
44919
44481
44920
44482
44921
44483
44922
44484
44923
44485
44924
44486
44925
44487
44926
44488
44927
44489
44928
44490
44929
44491
44930
44492
44931
44493
44932
44494
44933
44495
44934
44496
44935
44497
44936
44498
44937
44499
44938
44500
44939
44501
44940
44502
44941
44503
44942
44504
44943
44505
44944
44506
44945
44507
44946
44508
44947
44509
44948
44510
44949
44511
44950
44512
44951
44513
44952
44514
44953
44515
44954
44516
44955
44517
44956
44518
44957
44519
44958
44520
44959
44521
44960
44522
44961
44523
44962
44524
44963
44525
44964
44526
44965
44527
44966
44528
44967
44529
44968
44530
44969
44531
44970
44532
44971
44533
44972
44534
44973
44535
44974
44536
44975
44537
44976
44538
44977
44539
44978
44540
44979
44541
44980
44542
44981
44543
44982
44544
44983
44545
44984
44546
44985
44547
44986
44548
44987
44549
44988
44550
44989
44551
44990
44552
44991
44553
44992
44554
44993
44555
44994
44556
44995
44557
44996
44558
44997
44559
44998
44560
44999
44561
45000
44562
45001
44563
45002
44564
45003
44565
45004
44566
45005
44567
45006
44568
45007
44569
45008
44570
45009
44571
45010
44572
45011
44573
45012
44574
45013
44575
45014
44576
45015
44577
45016
44578
45017
44579
45018
44580
45019
44581
45020
44582
45021
44583
45022
44584
45023
44585
45024
44586
45025
44587
45026
44588
45027
44589
45028
44590
45029
44591
45030
44592
45031
44593
45032
44594
45033
44595
45034
44596
45035
44597
45036
44598
45037
44599
45038
44600
45039
44601
45040
44602
45041
44603
45042
44604
45043
44605
45044
44606
45045
44607
45046
44608
45047
44609
45048
44610
45049
44611
45050
44612
45051
44613
45052
44614
45053
44615
45054
44616
45055
44617
45056
44618
45057
44619
45058
44620
45059
44621
45060
44622
45061
44623
45062
44624
45063
44625
45064
44626
45065
44627
45066
44628
45067
44629
45068
44630
45069
44631
45070
44632
45071
44633
45072
44634
45073
44635
45074
44636
45075
44637
45076
44638
45077
44639
45078
44640
45079
44641
45080
44642
45081
44643
45082
44644
45083
44645
45084
44646
45085
44647
45086
44648
45087
44649
45088
44650
45089
44651
45090
44652
45091
44653
45092
44654
45093
44655
45094
44656
45095
44657
45096
44658
45097
44659
45098
44660
45099
44661
45100
44662
45101
44663
45102
44664
45103
44665
45104
44666
45105
44667
45106
44668
45107
44669
45108
44670
45109
44671
45110
44672
45111
44673
45112
44674
45113
44675
45114
44676
45115
44677
45116
44678
45117
44679
45118
45119
44681
45120
44682
45121
44683
45122
44684
45123
44685
45124
44686
45125
44687
45126
44688
45127
44689
45128
44690
45129
44691
45130
44692
45131
44693
45132
44694
45133
44695
45134
44696
45135
44697
45136
44698
45137
44699
45138
44700
45139
44701
45140
44702
45141
44703
45142
44704
45143
44705
45144
44706
45145
44707
45146
44708
45147
44709
45148
44710
45149
44711
45150
44712
45151
44713
45152
44714
45153
44715
45154
44716
45155
44717
45156
44718
45157
44719
45158
44720
45159
44721
45160
44722
45161
44723
45162
44724
45163
44725
45164
44726
45165
44727
45166
44728
45167
44729
45168
44730
45169
44731
45170
44732
45171
44733
45172
44734
45173
44735
45174
44736
45175
44737
45176
44738
45177
44739
45178
44740
45179
44741
45180
44742
45181
44743
45182
44744
45183
44745
45184
44746
45185
44747
45186
44748
45187
44749
45188
44750
45189
44751
45190
44752
45191
44753
45192
44754
45193
44755
45194
44756
45195
44757
45196
44758
45197
44759
45198
44760
45199
44761
45200
44762
45201
44763
45202
44764
45203
44765
45204
44766
45205
44767
45206
44768
45207
44769
45208
44770
45209
44771
45210
44772
45211
44773
45212
44774
45213
44775
45214
44776
45215
44777
45216
44778
45217
44779
45218
44780
45219
44781
45220
44782
45221
44783
45222
44784
45223
44785
45224
44786
45225
44787
45226
44788
45227
44789
45228
44790
45229
44791
45230
44792
45231
44793
45232
44794
45233
44795
45234
44796
45235
44797
45236
44798
45237
44799
45238
44800
45239
44801
45240
44802
45241
44803
45242
44804
45243
44805
45244
44806
45245
44807
45246
44808
45247
44809
45248
44810
45249
44811
45250
44812
45251
44813
45252
44814
45253
44815
45254
44816
45255
44817
45256
44818
45257
44819
45258
44820
45259
44821
45260
44822
45261
44823
45262
44824
45263
44825
45264
44826
45265
44827
45266
44828
45267
44829
45268
44830
45269
44831
45270
44832
45271
44833
45272
44834
45273
44835
45274
44836
45275
44837
45276
44838
45277
44839
45278
44840
45279
44841
45280
44842
45281
44843
45282
44844
45283
44845
45284
44846
45285
44847
45286
44848
45287
44849
45288
44850
45289
44851
45290
44852
45291
44853
45292
44854
45293
44855
45294
44856
45295
44857
45296
44858
45297
44859
45298
44860
45299
44861
45300
44862
45301
44863
45302
44864
45303
44865
45304
44866
45305
44867
45306
44868
45307
44869
45308
44870
45309
44871
45310
44872
45311
44873
45312
44874
45313
44875
45314
44876
45315
44877
45316
44878
45317
44879
45318
44880
45319
44881
45320
44882
45321
44883
45322
44884
45323
44885
45324
44886
45325
44887
45326
44888
45327
44889
45328
44890
45329
44891
45330
44892
45331
44893
45332
44894
45333
44895
45334
44896
45335
44897
45336
44898
45337
44899
45338
44900
45339
44901
45340
44902
45341
44903
45342
44904
45343
44905
45344
44906
45345
44907
45346
44908
45347
44909
45348
44910
45349
44911
45350
44912
45351
44913
45352
44914
45353
44915
45354
44916
45355
44917
45356
44918
45357
44919
45358
44920
45359
44921
45360
44922
45361
44923
45362
44924
45363
44925
45364
44926
45365
44927
45366
44928
45367
44929
45368
44930
45369
44931
45370
44932
45371
44933
45372
44934
45373
44935
45374
44936
45375
44937
45376
44938
45377
44939
45378
44940
45379
44941
45380
44942
45381
44943
45382
44944
45383
44945
45384
44946
45385
44947
45386
44948
45387
44949
45388
44950
45389
44951
45390
44952
45391
44953
45392
44954
45393
44955
45394
44956
45395
44957
45396
44958
45397
44959
45398
44960
45399
44961
45400
44962
45401
44963
45402
44964
45403
44965
45404
44966
45405
44967
45406
44968
45407
44969
45408
44970
45409
44971
45410
44972
45411
44973
45412
44974
45413
44975
45414
44976
45415
44977
45416
44978
45417
44979
45418
44980
45419
44981
45420
44982
45421
44983
45422
44984
45423
44985
45424
44986
45425
44987
45426
44988
45427
44989
45428
44990
45429
44991
45430
44992
45431
44993
45432
44994
45433
44995
45434
44996
45435
44997
45436
44998
45437
44999
45438
45000
45439
45001
45440
45002
45441
45003
45442
45004
45443
45005
45444
45006
45445
45007
45446
45008
45447
45009
45448
45010
45449
45011
45450
45012
45451
45013
45452
45014
45453
45015
45454
45016
45455
45017
45456
45018
45457
45019
45458
45020
45459
45021
45460
45022
45461
45023
45462
45024
45463
45025
45464
45026
45465
45027
45466
45028
45467
45029
45468
45030
45469
45031
45470
45032
45471
45033
45472
45034
45473
45035
45474
45036
45475
45037
45476
45038
45477
45039
45478
45040
45479
45041
45480
45042
45481
45043
45482
45044
45483
45045
45484
45046
45485
45047
45486
45048
45487
45049
45488
45050
45489
45051
45490
45052
45491
45053
45492
45054
45493
45055
45494
45056
45495
45057
45496
45058
45497
45059
45498
45060
45499
45061
45500
45062
45501
45063
45502
45064
45503
45065
45504
45066
45505
45067
45506
45068
45507
45069
45508
45070
45509
45071
45510
45072
45511
45073
45512
45074
45513
45075
45514
45076
45515
45077
45516
45078
45517
45079
45518
45080
45519
45081
45520
45082
45521
45083
45522
45084
45523
45085
45524
45086
45525
45087
45526
45088
45527
45089
45528
45090
45529
45091
45530
45092
45531
45093
45532
45094
45533
45095
45534
45096
45535
45097
45536
45098
45537
45099
45538
45100
45539
45101
45540
45102
45541
45103
45542
45104
45543
45105
45544
45106
45545
45107
45546
45108
45547
45109
45548
45110
45549
45111
45550
45112
45551
45113
45552
45114
45553
45115
45554
45116
45555
45117
45556
45118
45557
45119
45558
45559
45121
45560
45122
45561
45123
45562
45124
45563
45125
45564
45126
45565
45127
45566
45128
45567
45129
45568
45130
45569
45131
45570
45132
45571
45133
45572
45134
45573
45135
45574
45136
45575
45137
45576
45138
45577
45139
45578
45140
45579
45141
45580
45142
45581
45143
45582
45144
45583
45145
45584
45146
45585
45147
45586
45148
45587
45149
45588
45150
45589
45151
45590
45152
45591
45153
45592
45154
45593
45155
45594
45156
45595
45157
45596
45158
45597
45159
45598
45160
45599
45161
45600
45162
45601
45163
45602
45164
45603
45165
45604
45166
45605
45167
45606
45168
45607
45169
45608
45170
45609
45171
45610
45172
45611
45173
45612
45174
45613
45175
45614
45176
45615
45177
45616
45178
45617
45179
45618
45180
45619
45181
45620
45182
45621
45183
45622
45184
45623
45185
45624
45186
45625
45187
45626
45188
45627
45189
45628
45190
45629
45191
45630
45192
45631
45193
45632
45194
45633
45195
45634
45196
45635
45197
45636
45198
45637
45199
45638
45200
45639
45201
45640
45202
45641
45203
45642
45204
45643
45205
45644
45206
45645
45207
45646
45208
45647
45209
45648
45210
45649
45211
45650
45212
45651
45213
45652
45214
45653
45215
45654
45216
45655
45217
45656
45218
45657
45219
45658
45220
45659
45221
45660
45222
45661
45223
45662
45224
45663
45225
45664
45226
45665
45227
45666
45228
45667
45229
45668
45230
45669
45231
45670
45232
45671
45233
45672
45234
45673
45235
45674
45236
45675
45237
45676
45238
45677
45239
45678
45240
45679
45241
45680
45242
45681
45243
45682
45244
45683
45245
45684
45246
45685
45247
45686
45248
45687
45249
45688
45250
45689
45251
45690
45252
45691
45253
45692
45254
45693
45255
45694
45256
45695
45257
45696
45258
45697
45259
45698
45260
45699
45261
45700
45262
45701
45263
45702
45264
45703
45265
45704
45266
45705
45267
45706
45268
45707
45269
45708
45270
45709
45271
45710
45272
45711
45273
45712
45274
45713
45275
45714
45276
45715
45277
45716
45278
45717
45279
45718
45280
45719
45281
45720
45282
45721
45283
45722
45284
45723
45285
45724
45286
45725
45287
45726
45288
45727
45289
45728
45290
45729
45291
45730
45292
45731
45293
45732
45294
45733
45295
45734
45296
45735
45297
45736
45298
45737
45299
45738
45300
45739
45301
45740
45302
45741
45303
45742
45304
45743
45305
45744
45306
45745
45307
45746
45308
45747
45309
45748
45310
45749
45311
45750
45312
45751
45313
45752
45314
45753
45315
45754
45316
45755
45317
45756
45318
45757
45319
45758
45320
45759
45321
45760
45322
45761
45323
45762
45324
45763
45325
45764
45326
45765
45327
45766
45328
45767
45329
45768
45330
45769
45331
45770
45332
45771
45333
45772
45334
45773
45335
45774
45336
45775
45337
45776
45338
45777
45339
45778
45340
45779
45341
45780
45342
45781
45343
45782
45344
45783
45345
45784
45346
45785
45347
45786
45348
45787
45349
45788
45350
45789
45351
45790
45352
45791
45353
45792
45354
45793
45355
45794
45356
45795
45357
45796
45358
45797
45359
45798
45360
45799
45361
45800
45362
45801
45363
45802
45364
45803
45365
45804
45366
45805
45367
45806
45368
45807
45369
45808
45370
45809
45371
45810
45372
45811
45373
45812
45374
45813
45375
45814
45376
45815
45377
45816
45378
45817
45379
45818
45380
45819
45381
45820
45382
45821
45383
45822
45384
45823
45385
45824
45386
45825
45387
45826
45388
45827
45389
45828
45390
45829
45391
45830
45392
45831
45393
45832
45394
45833
45395
45834
45396
45835
45397
45836
45398
45837
45399
45838
45400
45839
45401
45840
45402
45841
45403
45842
45404
45843
45405
45844
45406
45845
45407
45846
45408
45847
45409
45848
45410
45849
45411
45850
45412
45851
45413
45852
45414
45853
45415
45854
45416
45855
45417
45856
45418
45857
45419
45858
45420
45859
45421
45860
45422
45861
45423
45862
45424
45863
45425
45864
45426
45865
45427
45866
45428
45867
45429
45868
45430
45869
45431
45870
45432
45871
45433
45872
45434
45873
45435
45874
45436
45875
45437
45876
45438
45877
45439
45878
45440
45879
45441
45880
45442
45881
45443
45882
45444
45883
45445
45884
45446
45885
45447
45886
45448
45887
45449
45888
45450
45889
45451
45890
45452
45891
45453
45892
45454
45893
45455
45894
45456
45895
45457
45896
45458
45897
45459
45898
45460
45899
45461
45900
45462
45901
45463
45902
45464
45903
45465
45904
45466
45905
45467
45906
45468
45907
45469
45908
45470
45909
45471
45910
45472
45911
45473
45912
45474
45913
45475
45914
45476
45915
45477
45916
45478
45917
45479
45918
45480
45919
45481
45920
45482
45921
45483
45922
45484
45923
45485
45924
45486
45925
45487
45926
45488
45927
45489
45928
45490
45929
45491
45930
45492
45931
45493
45932
45494
45933
45495
45934
45496
45935
45497
45936
45498
45937
45499
45938
45500
45939
45501
45940
45502
45941
45503
45942
45504
45943
45505
45944
45506
45945
45507
45946
45508
45947
45509
45948
45510
45949
45511
45950
45512
45951
45513
45952
45514
45953
45515
45954
45516
45955
45517
45956
45518
45957
45519
45958
45520
45959
45521
45960
45522
45961
45523
45962
45524
45963
45525
45964
45526
45965
45527
45966
45528
45967
45529
45968
45530
45969
45531
45970
45532
45971
45533
45972
45534
45973
45535
45974
45536
45975
45537
45976
45538
45977
45539
45978
45540
45979
45541
45980
45542
45981
45543
45982
45544
45983
45545
45984
45546
45985
45547
45986
45548
45987
45549
45988
45550
45989
45551
45990
45552
45991
45553
45992
45554
45993
45555
45994
45556
45995
45557
45996
45558
45997
45559
45998
45999
45561
46000
45562
46001
45563
46002
45564
46003
45565
46004
45566
46005
45567
46006
45568
46007
45569
46008
45570
46009
45571
46010
45572
46011
45573
46012
45574
46013
45575
46014
45576
46015
45577
46016
45578
46017
45579
46018
45580
46019
45581
46020
45582
46021
45583
46022
45584
46023
45585
46024
45586
46025
45587
46026
45588
46027
45589
46028
45590
46029
45591
46030
45592
46031
45593
46032
45594
46033
45595
46034
45596
46035
45597
46036
45598
46037
45599
46038
45600
46039
45601
46040
45602
46041
45603
46042
45604
46043
45605
46044
45606
46045
45607
46046
45608
46047
45609
46048
45610
46049
45611
46050
45612
46051
45613
46052
45614
46053
45615
46054
45616
46055
45617
46056
45618
46057
45619
46058
45620
46059
45621
46060
45622
46061
45623
46062
45624
46063
45625
46064
45626
46065
45627
46066
45628
46067
45629
46068
45630
46069
45631
46070
45632
46071
45633
46072
45634
46073
45635
46074
45636
46075
45637
46076
45638
46077
45639
46078
45640
46079
45641
46080
45642
46081
45643
46082
45644
46083
45645
46084
45646
46085
45647
46086
45648
46087
45649
46088
45650
46089
45651
46090
45652
46091
45653
46092
45654
46093
45655
46094
45656
46095
45657
46096
45658
46097
45659
46098
45660
46099
45661
46100
45662
46101
45663
46102
45664
46103
45665
46104
45666
46105
45667
46106
45668
46107
45669
46108
45670
46109
45671
46110
45672
46111
45673
46112
45674
46113
45675
46114
45676
46115
45677
46116
45678
46117
45679
46118
45680
46119
45681
46120
45682
46121
45683
46122
45684
46123
45685
46124
45686
46125
45687
46126
45688
46127
45689
46128
45690
46129
45691
46130
45692
46131
45693
46132
45694
46133
45695
46134
45696
46135
45697
46136
45698
46137
45699
46138
45700
46139
45701
46140
45702
46141
45703
46142
45704
46143
45705
46144
45706
46145
45707
46146
45708
46147
45709
46148
45710
46149
45711
46150
45712
46151
45713
46152
45714
46153
45715
46154
45716
46155
45717
46156
45718
46157
45719
46158
45720
46159
45721
46160
45722
46161
45723
46162
45724
46163
45725
46164
45726
46165
45727
46166
45728
46167
45729
46168
45730
46169
45731
46170
45732
46171
45733
46172
45734
46173
45735
46174
45736
46175
45737
46176
45738
46177
45739
46178
45740
46179
45741
46180
45742
46181
45743
46182
45744
46183
45745
46184
45746
46185
45747
46186
45748
46187
45749
46188
45750
46189
45751
46190
45752
46191
45753
46192
45754
46193
45755
46194
45756
46195
45757
46196
45758
46197
45759
46198
45760
46199
45761
46200
45762
46201
45763
46202
45764
46203
45765
46204
45766
46205
45767
46206
45768
46207
45769
46208
45770
46209
45771
46210
45772
46211
45773
46212
45774
46213
45775
46214
45776
46215
45777
46216
45778
46217
45779
46218
45780
46219
45781
46220
45782
46221
45783
46222
45784
46223
45785
46224
45786
46225
45787
46226
45788
46227
45789
46228
45790
46229
45791
46230
45792
46231
45793
46232
45794
46233
45795
46234
45796
46235
45797
46236
45798
46237
45799
46238
45800
46239
45801
46240
45802
46241
45803
46242
45804
46243
45805
46244
45806
46245
45807
46246
45808
46247
45809
46248
45810
46249
45811
46250
45812
46251
45813
46252
45814
46253
45815
46254
45816
46255
45817
46256
45818
46257
45819
46258
45820
46259
45821
46260
45822
46261
45823
46262
45824
46263
45825
46264
45826
46265
45827
46266
45828
46267
45829
46268
45830
46269
45831
46270
45832
46271
45833
46272
45834
46273
45835
46274
45836
46275
45837
46276
45838
46277
45839
46278
45840
46279
45841
46280
45842
46281
45843
46282
45844
46283
45845
46284
45846
46285
45847
46286
45848
46287
45849
46288
45850
46289
45851
46290
45852
46291
45853
46292
45854
46293
45855
46294
45856
46295
45857
46296
45858
46297
45859
46298
45860
46299
45861
46300
45862
46301
45863
46302
45864
46303
45865
46304
45866
46305
45867
46306
45868
46307
45869
46308
45870
46309
45871
46310
45872
46311
45873
46312
45874
46313
45875
46314
45876
46315
45877
46316
45878
46317
45879
46318
45880
46319
45881
46320
45882
46321
45883
46322
45884
46323
45885
46324
45886
46325
45887
46326
45888
46327
45889
46328
45890
46329
45891
46330
45892
46331
45893
46332
45894
46333
45895
46334
45896
46335
45897
46336
45898
46337
45899
46338
45900
46339
45901
46340
45902
46341
45903
46342
45904
46343
45905
46344
45906
46345
45907
46346
45908
46347
45909
46348
45910
46349
45911
46350
45912
46351
45913
46352
45914
46353
45915
46354
45916
46355
45917
46356
45918
46357
45919
46358
45920
46359
45921
46360
45922
46361
45923
46362
45924
46363
45925
46364
45926
46365
45927
46366
45928
46367
45929
46368
45930
46369
45931
46370
45932
46371
45933
46372
45934
46373
45935
46374
45936
46375
45937
46376
45938
46377
45939
46378
45940
46379
45941
46380
45942
46381
45943
46382
45944
46383
45945
46384
45946
46385
45947
46386
45948
46387
45949
46388
45950
46389
45951
46390
45952
46391
45953
46392
45954
46393
45955
46394
45956
46395
45957
46396
45958
46397
45959
46398
45960
46399
45961
46400
45962
46401
45963
46402
45964
46403
45965
46404
45966
46405
45967
46406
45968
46407
45969
46408
45970
46409
45971
46410
45972
46411
45973
46412
45974
46413
45975
46414
45976
46415
45977
46416
45978
46417
45979
46418
45980
46419
45981
46420
45982
46421
45983
46422
45984
46423
45985
46424
45986
46425
45987
46426
45988
46427
45989
46428
45990
46429
45991
46430
45992
46431
45993
46432
45994
46433
45995
46434
45996
46435
45997
46436
45998
46437
45999
46438
46439
46001
46440
46002
46441
46003
46442
46004
46443
46005
46444
46006
46445
46007
46446
46008
46447
46009
46448
46010
46449
46011
46450
46012
46451
46013
46452
46014
46453
46015
46454
46016
46455
46017
46456
46018
46457
46019
46458
46020
46459
46021
46460
46022
46461
46023
46462
46024
46463
46025
46464
46026
46465
46027
46466
46028
46467
46029
46468
46030
46469
46031
46470
46032
46471
46033
46472
46034
46473
46035
46474
46036
46475
46037
46476
46038
46477
46039
46478
46040
46479
46041
46480
46042
46481
46043
46482
46044
46483
46045
46484
46046
46485
46047
46486
46048
46487
46049
46488
46050
46489
46051
46490
46052
46491
46053
46492
46054
46493
46055
46494
46056
46495
46057
46496
46058
46497
46059
46498
46060
46499
46061
46500
46062
46501
46063
46502
46064
46503
46065
46504
46066
46505
46067
46506
46068
46507
46069
46508
46070
46509
46071
46510
46072
46511
46073
46512
46074
46513
46075
46514
46076
46515
46077
46516
46078
46517
46079
46518
46080
46519
46081
46520
46082
46521
46083
46522
46084
46523
46085
46524
46086
46525
46087
46526
46088
46527
46089
46528
46090
46529
46091
46530
46092
46531
46093
46532
46094
46533
46095
46534
46096
46535
46097
46536
46098
46537
46099
46538
46100
46539
46101
46540
46102
46541
46103
46542
46104
46543
46105
46544
46106
46545
46107
46546
46108
46547
46109
46548
46110
46549
46111
46550
46112
46551
46113
46552
46114
46553
46115
46554
46116
46555
46117
46556
46118
46557
46119
46558
46120
46559
46121
46560
46122
46561
46123
46562
46124
46563
46125
46564
46126
46565
46127
46566
46128
46567
46129
46568
46130
46569
46131
46570
46132
46571
46133
46572
46134
46573
46135
46574
46136
46575
46137
46576
46138
46577
46139
46578
46140
46579
46141
46580
46142
46581
46143
46582
46144
46583
46145
46584
46146
46585
46147
46586
46148
46587
46149
46588
46150
46589
46151
46590
46152
46591
46153
46592
46154
46593
46155
46594
46156
46595
46157
46596
46158
46597
46159
46598
46160
46599
46161
46600
46162
46601
46163
46602
46164
46603
46165
46604
46166
46605
46167
46606
46168
46607
46169
46608
46170
46609
46171
46610
46172
46611
46173
46612
46174
46613
46175
46614
46176
46615
46177
46616
46178
46617
46179
46618
46180
46619
46181
46620
46182
46621
46183
46622
46184
46623
46185
46624
46186
46625
46187
46626
46188
46627
46189
46628
46190
46629
46191
46630
46192
46631
46193
46632
46194
46633
46195
46634
46196
46635
46197
46636
46198
46637
46199
46638
46200
46639
46201
46640
46202
46641
46203
46642
46204
46643
46205
46644
46206
46645
46207
46646
46208
46647
46209
46648
46210
46649
46211
46650
46212
46651
46213
46652
46214
46653
46215
46654
46216
46655
46217
46656
46218
46657
46219
46658
46220
46659
46221
46660
46222
46661
46223
46662
46224
46663
46225
46664
46226
46665
46227
46666
46228
46667
46229
46668
46230
46669
46231
46670
46232
46671
46233
46672
46234
46673
46235
46674
46236
46675
46237
46676
46238
46677
46239
46678
46240
46679
46241
46680
46242
46681
46243
46682
46244
46683
46245
46684
46246
46685
46247
46686
46248
46687
46249
46688
46250
46689
46251
46690
46252
46691
46253
46692
46254
46693
46255
46694
46256
46695
46257
46696
46258
46697
46259
46698
46260
46699
46261
46700
46262
46701
46263
46702
46264
46703
46265
46704
46266
46705
46267
46706
46268
46707
46269
46708
46270
46709
46271
46710
46272
46711
46273
46712
46274
46713
46275
46714
46276
46715
46277
46716
46278
46717
46279
46718
46280
46719
46281
46720
46282
46721
46283
46722
46284
46723
46285
46724
46286
46725
46287
46726
46288
46727
46289
46728
46290
46729
46291
46730
46292
46731
46293
46732
46294
46733
46295
46734
46296
46735
46297
46736
46298
46737
46299
46738
46300
46739
46301
46740
46302
46741
46303
46742
46304
46743
46305
46744
46306
46745
46307
46746
46308
46747
46309
46748
46310
46749
46311
46750
46312
46751
46313
46752
46314
46753
46315
46754
46316
46755
46317
46756
46318
46757
46319
46758
46320
46759
46321
46760
46322
46761
46323
46762
46324
46763
46325
46764
46326
46765
46327
46766
46328
46767
46329
46768
46330
46769
46331
46770
46332
46771
46333
46772
46334
46773
46335
46774
46336
46775
46337
46776
46338
46777
46339
46778
46340
46779
46341
46780
46342
46781
46343
46782
46344
46783
46345
46784
46346
46785
46347
46786
46348
46787
46349
46788
46350
46789
46351
46790
46352
46791
46353
46792
46354
46793
46355
46794
46356
46795
46357
46796
46358
46797
46359
46798
46360
46799
46361
46800
46362
46801
46363
46802
46364
46803
46365
46804
46366
46805
46367
46806
46368
46807
46369
46808
46370
46809
46371
46810
46372
46811
46373
46812
46374
46813
46375
46814
46376
46815
46377
46816
46378
46817
46379
46818
46380
46819
46381
46820
46382
46821
46383
46822
46384
46823
46385
46824
46386
46825
46387
46826
46388
46827
46389
46828
46390
46829
46391
46830
46392
46831
46393
46832
46394
46833
46395
46834
46396
46835
46397
46836
46398
46837
46399
46838
46400
46839
46401
46840
46402
46841
46403
46842
46404
46843
46405
46844
46406
46845
46407
46846
46408
46847
46409
46848
46410
46849
46411
46850
46412
46851
46413
46852
46414
46853
46415
46854
46416
46855
46417
46856
46418
46857
46419
46858
46420
46859
46421
46860
46422
46861
46423
46862
46424
46863
46425
46864
46426
46865
46427
46866
46428
46867
46429
46868
46430
46869
46431
46870
46432
46871
46433
46872
46434
46873
46435
46874
46436
46875
46437
46876
46438
46877
46439
46878
46879
46441
46880
46442
46881
46443
46882
46444
46883
46445
46884
46446
46885
46447
46886
46448
46887
46449
46888
46450
46889
46451
46890
46452
46891
46453
46892
46454
46893
46455
46894
46456
46895
46457
46896
46458
46897
46459
46898
46460
46899
46461
46900
46462
46901
46463
46902
46464
46903
46465
46904
46466
46905
46467
46906
46468
46907
46469
46908
46470
46909
46471
46910
46472
46911
46473
46912
46474
46913
46475
46914
46476
46915
46477
46916
46478
46917
46479
46918
46480
46919
46481
46920
46482
46921
46483
46922
46484
46923
46485
46924
46486
46925
46487
46926
46488
46927
46489
46928
46490
46929
46491
46930
46492
46931
46493
46932
46494
46933
46495
46934
46496
46935
46497
46936
46498
46937
46499
46938
46500
46939
46501
46940
46502
46941
46503
46942
46504
46943
46505
46944
46506
46945
46507
46946
46508
46947
46509
46948
46510
46949
46511
46950
46512
46951
46513
46952
46514
46953
46515
46954
46516
46955
46517
46956
46518
46957
46519
46958
46520
46959
46521
46960
46522
46961
46523
46962
46524
46963
46525
46964
46526
46965
46527
46966
46528
46967
46529
46968
46530
46969
46531
46970
46532
46971
46533
46972
46534
46973
46535
46974
46536
46975
46537
46976
46538
46977
46539
46978
46540
46979
46541
46980
46542
46981
46543
46982
46544
46983
46545
46984
46546
46985
46547
46986
46548
46987
46549
46988
46550
46989
46551
46990
46552
46991
46553
46992
46554
46993
46555
46994
46556
46995
46557
46996
46558
46997
46559
46998
46560
46999
46561
47000
46562
47001
46563
47002
46564
47003
46565
47004
46566
47005
46567
47006
46568
47007
46569
47008
46570
47009
46571
47010
46572
47011
46573
47012
46574
47013
46575
47014
46576
47015
46577
47016
46578
47017
46579
47018
46580
47019
46581
47020
46582
47021
46583
47022
46584
47023
46585
47024
46586
47025
46587
47026
46588
47027
46589
47028
46590
47029
46591
47030
46592
47031
46593
47032
46594
47033
46595
47034
46596
47035
46597
47036
46598
47037
46599
47038
46600
47039
46601
47040
46602
47041
46603
47042
46604
47043
46605
47044
46606
47045
46607
47046
46608
47047
46609
47048
46610
47049
46611
47050
46612
47051
46613
47052
46614
47053
46615
47054
46616
47055
46617
47056
46618
47057
46619
47058
46620
47059
46621
47060
46622
47061
46623
47062
46624
47063
46625
47064
46626
47065
46627
47066
46628
47067
46629
47068
46630
47069
46631
47070
46632
47071
46633
47072
46634
47073
46635
47074
46636
47075
46637
47076
46638
47077
46639
47078
46640
47079
46641
47080
46642
47081
46643
47082
46644
47083
46645
47084
46646
47085
46647
47086
46648
47087
46649
47088
46650
47089
46651
47090
46652
47091
46653
47092
46654
47093
46655
47094
46656
47095
46657
47096
46658
47097
46659
47098
46660
47099
46661
47100
46662
47101
46663
47102
46664
47103
46665
47104
46666
47105
46667
47106
46668
47107
46669
47108
46670
47109
46671
47110
46672
47111
46673
47112
46674
47113
46675
47114
46676
47115
46677
47116
46678
47117
46679
47118
46680
47119
46681
47120
46682
47121
46683
47122
46684
47123
46685
47124
46686
47125
46687
47126
46688
47127
46689
47128
46690
47129
46691
47130
46692
47131
46693
47132
46694
47133
46695
47134
46696
47135
46697
47136
46698
47137
46699
47138
46700
47139
46701
47140
46702
47141
46703
47142
46704
47143
46705
47144
46706
47145
46707
47146
46708
47147
46709
47148
46710
47149
46711
47150
46712
47151
46713
47152
46714
47153
46715
47154
46716
47155
46717
47156
46718
47157
46719
47158
46720
47159
46721
47160
46722
47161
46723
47162
46724
47163
46725
47164
46726
47165
46727
47166
46728
47167
46729
47168
46730
47169
46731
47170
46732
47171
46733
47172
46734
47173
46735
47174
46736
47175
46737
47176
46738
47177
46739
47178
46740
47179
46741
47180
46742
47181
46743
47182
46744
47183
46745
47184
46746
47185
46747
47186
46748
47187
46749
47188
46750
47189
46751
47190
46752
47191
46753
47192
46754
47193
46755
47194
46756
47195
46757
47196
46758
47197
46759
47198
46760
47199
46761
47200
46762
47201
46763
47202
46764
47203
46765
47204
46766
47205
46767
47206
46768
47207
46769
47208
46770
47209
46771
47210
46772
47211
46773
47212
46774
47213
46775
47214
46776
47215
46777
47216
46778
47217
46779
47218
46780
47219
46781
47220
46782
47221
46783
47222
46784
47223
46785
47224
46786
47225
46787
47226
46788
47227
46789
47228
46790
47229
46791
47230
46792
47231
46793
47232
46794
47233
46795
47234
46796
47235
46797
47236
46798
47237
46799
47238
46800
47239
46801
47240
46802
47241
46803
47242
46804
47243
46805
47244
46806
47245
46807
47246
46808
47247
46809
47248
46810
47249
46811
47250
46812
47251
46813
47252
46814
47253
46815
47254
46816
47255
46817
47256
46818
47257
46819
47258
46820
47259
46821
47260
46822
47261
46823
47262
46824
47263
46825
47264
46826
47265
46827
47266
46828
47267
46829
47268
46830
47269
46831
47270
46832
47271
46833
47272
46834
47273
46835
47274
46836
47275
46837
47276
46838
47277
46839
47278
46840
47279
46841
47280
46842
47281
46843
47282
46844
47283
46845
47284
46846
47285
46847
47286
46848
47287
46849
47288
46850
47289
46851
47290
46852
47291
46853
47292
46854
47293
46855
47294
46856
47295
46857
47296
46858
47297
46859
47298
46860
47299
46861
47300
46862
47301
46863
47302
46864
47303
46865
47304
46866
47305
46867
47306
46868
47307
46869
47308
46870
47309
46871
47310
46872
47311
46873
47312
46874
47313
46875
47314
46876
47315
46877
47316
46878
47317
46879
47318
47319
46881
47320
46882
47321
46883
47322
46884
47323
46885
47324
46886
47325
46887
47326
46888
47327
46889
47328
46890
47329
46891
47330
46892
47331
46893
47332
46894
47333
46895
47334
46896
47335
46897
47336
46898
47337
46899
47338
46900
47339
46901
47340
46902
47341
46903
47342
46904
47343
46905
47344
46906
47345
46907
47346
46908
47347
46909
47348
46910
47349
46911
47350
46912
47351
46913
47352
46914
47353
46915
47354
46916
47355
46917
47356
46918
47357
46919
47358
46920
47359
46921
47360
46922
47361
46923
47362
46924
47363
46925
47364
46926
47365
46927
47366
46928
47367
46929
47368
46930
47369
46931
47370
46932
47371
46933
47372
46934
47373
46935
47374
46936
47375
46937
47376
46938
47377
46939
47378
46940
47379
46941
47380
46942
47381
46943
47382
46944
47383
46945
47384
46946
47385
46947
47386
46948
47387
46949
47388
46950
47389
46951
47390
46952
47391
46953
47392
46954
47393
46955
47394
46956
47395
46957
47396
46958
47397
46959
47398
46960
47399
46961
47400
46962
47401
46963
47402
46964
47403
46965
47404
46966
47405
46967
47406
46968
47407
46969
47408
46970
47409
46971
47410
46972
47411
46973
47412
46974
47413
46975
47414
46976
47415
46977
47416
46978
47417
46979
47418
46980
47419
46981
47420
46982
47421
46983
47422
46984
47423
46985
47424
46986
47425
46987
47426
46988
47427
46989
47428
46990
47429
46991
47430
46992
47431
46993
47432
46994
47433
46995
47434
46996
47435
46997
47436
46998
47437
46999
47438
47000
47439
47001
47440
47002
47441
47003
47442
47004
47443
47005
47444
47006
47445
47007
47446
47008
47447
47009
47448
47010
47449
47011
47450
47012
47451
47013
47452
47014
47453
47015
47454
47016
47455
47017
47456
47018
47457
47019
47458
47020
47459
47021
47460
47022
47461
47023
47462
47024
47463
47025
47464
47026
47465
47027
47466
47028
47467
47029
47468
47030
47469
47031
47470
47032
47471
47033
47472
47034
47473
47035
47474
47036
47475
47037
47476
47038
47477
47039
47478
47040
47479
47041
47480
47042
47481
47043
47482
47044
47483
47045
47484
47046
47485
47047
47486
47048
47487
47049
47488
47050
47489
47051
47490
47052
47491
47053
47492
47054
47493
47055
47494
47056
47495
47057
47496
47058
47497
47059
47498
47060
47499
47061
47500
47062
47501
47063
47502
47064
47503
47065
47504
47066
47505
47067
47506
47068
47507
47069
47508
47070
47509
47071
47510
47072
47511
47073
47512
47074
47513
47075
47514
47076
47515
47077
47516
47078
47517
47079
47518
47080
47519
47081
47520
47082
47521
47083
47522
47084
47523
47085
47524
47086
47525
47087
47526
47088
47527
47089
47528
47090
47529
47091
47530
47092
47531
47093
47532
47094
47533
47095
47534
47096
47535
47097
47536
47098
47537
47099
47538
47100
47539
47101
47540
47102
47541
47103
47542
47104
47543
47105
47544
47106
47545
47107
47546
47108
47547
47109
47548
47110
47549
47111
47550
47112
47551
47113
47552
47114
47553
47115
47554
47116
47555
47117
47556
47118
47557
47119
47558
47120
47559
47121
47560
47122
47561
47123
47562
47124
47563
47125
47564
47126
47565
47127
47566
47128
47567
47129
47568
47130
47569
47131
47570
47132
47571
47133
47572
47134
47573
47135
47574
47136
47575
47137
47576
47138
47577
47139
47578
47140
47579
47141
47580
47142
47581
47143
47582
47144
47583
47145
47584
47146
47585
47147
47586
47148
47587
47149
47588
47150
47589
47151
47590
47152
47591
47153
47592
47154
47593
47155
47594
47156
47595
47157
47596
47158
47597
47159
47598
47160
47599
47161
47600
47162
47601
47163
47602
47164
47603
47165
47604
47166
47605
47167
47606
47168
47607
47169
47608
47170
47609
47171
47610
47172
47611
47173
47612
47174
47613
47175
47614
47176
47615
47177
47616
47178
47617
47179
47618
47180
47619
47181
47620
47182
47621
47183
47622
47184
47623
47185
47624
47186
47625
47187
47626
47188
47627
47189
47628
47190
47629
47191
47630
47192
47631
47193
47632
47194
47633
47195
47634
47196
47635
47197
47636
47198
47637
47199
47638
47200
47639
47201
47640
47202
47641
47203
47642
47204
47643
47205
47644
47206
47645
47207
47646
47208
47647
47209
47648
47210
47649
47211
47650
47212
47651
47213
47652
47214
47653
47215
47654
47216
47655
47217
47656
47218
47657
47219
47658
47220
47659
47221
47660
47222
47661
47223
47662
47224
47663
47225
47664
47226
47665
47227
47666
47228
47667
47229
47668
47230
47669
47231
47670
47232
47671
47233
47672
47234
47673
47235
47674
47236
47675
47237
47676
47238
47677
47239
47678
47240
47679
47241
47680
47242
47681
47243
47682
47244
47683
47245
47684
47246
47685
47247
47686
47248
47687
47249
47688
47250
47689
47251
47690
47252
47691
47253
47692
47254
47693
47255
47694
47256
47695
47257
47696
47258
47697
47259
47698
47260
47699
47261
47700
47262
47701
47263
47702
47264
47703
47265
47704
47266
47705
47267
47706
47268
47707
47269
47708
47270
47709
47271
47710
47272
47711
47273
47712
47274
47713
47275
47714
47276
47715
47277
47716
47278
47717
47279
47718
47280
47719
47281
47720
47282
47721
47283
47722
47284
47723
47285
47724
47286
47725
47287
47726
47288
47727
47289
47728
47290
47729
47291
47730
47292
47731
47293
47732
47294
47733
47295
47734
47296
47735
47297
47736
47298
47737
47299
47738
47300
47739
47301
47740
47302
47741
47303
47742
47304
47743
47305
47744
47306
47745
47307
47746
47308
47747
47309
47748
47310
47749
47311
47750
47312
47751
47313
47752
47314
47753
47315
47754
47316
47755
47317
47756
47318
47757
47319
47758
47759
47321
47760
47322
47761
47323
47762
47324
47763
47325
47764
47326
47765
47327
47766
47328
47767
47329
47768
47330
47769
47331
47770
47332
47771
47333
47772
47334
47773
47335
47774
47336
47775
47337
47776
47338
47777
47339
47778
47340
47779
47341
47780
47342
47781
47343
47782
47344
47783
47345
47784
47346
47785
47347
47786
47348
47787
47349
47788
47350
47789
47351
47790
47352
47791
47353
47792
47354
47793
47355
47794
47356
47795
47357
47796
47358
47797
47359
47798
47360
47799
47361
47800
47362
47801
47363
47802
47364
47803
47365
47804
47366
47805
47367
47806
47368
47807
47369
47808
47370
47809
47371
47810
47372
47811
47373
47812
47374
47813
47375
47814
47376
47815
47377
47816
47378
47817
47379
47818
47380
47819
47381
47820
47382
47821
47383
47822
47384
47823
47385
47824
47386
47825
47387
47826
47388
47827
47389
47828
47390
47829
47391
47830
47392
47831
47393
47832
47394
47833
47395
47834
47396
47835
47397
47836
47398
47837
47399
47838
47400
47839
47401
47840
47402
47841
47403
47842
47404
47843
47405
47844
47406
47845
47407
47846
47408
47847
47409
47848
47410
47849
47411
47850
47412
47851
47413
47852
47414
47853
47415
47854
47416
47855
47417
47856
47418
47857
47419
47858
47420
47859
47421
47860
47422
47861
47423
47862
47424
47863
47425
47864
47426
47865
47427
47866
47428
47867
47429
47868
47430
47869
47431
47870
47432
47871
47433
47872
47434
47873
47435
47874
47436
47875
47437
47876
47438
47877
47439
47878
47440
47879
47441
47880
47442
47881
47443
47882
47444
47883
47445
47884
47446
47885
47447
47886
47448
47887
47449
47888
47450
47889
47451
47890
47452
47891
47453
47892
47454
47893
47455
47894
47456
47895
47457
47896
47458
47897
47459
47898
47460
47899
47461
47900
47462
47901
47463
47902
47464
47903
47465
47904
47466
47905
47467
47906
47468
47907
47469
47908
47470
47909
47471
47910
47472
47911
47473
47912
47474
47913
47475
47914
47476
47915
47477
47916
47478
47917
47479
47918
47480
47919
47481
47920
47482
47921
47483
47922
47484
47923
47485
47924
47486
47925
47487
47926
47488
47927
47489
47928
47490
47929
47491
47930
47492
47931
47493
47932
47494
47933
47495
47934
47496
47935
47497
47936
47498
47937
47499
47938
47500
47939
47501
47940
47502
47941
47503
47942
47504
47943
47505
47944
47506
47945
47507
47946
47508
47947
47509
47948
47510
47949
47511
47950
47512
47951
47513
47952
47514
47953
47515
47954
47516
47955
47517
47956
47518
47957
47519
47958
47520
47959
47521
47960
47522
47961
47523
47962
47524
47963
47525
47964
47526
47965
47527
47966
47528
47967
47529
47968
47530
47969
47531
47970
47532
47971
47533
47972
47534
47973
47535
47974
47536
47975
47537
47976
47538
47977
47539
47978
47540
47979
47541
47980
47542
47981
47543
47982
47544
47983
47545
47984
47546
47985
47547
47986
47548
47987
47549
47988
47550
47989
47551
47990
47552
47991
47553
47992
47554
47993
47555
47994
47556
47995
47557
47996
47558
47997
47559
47998
47560
47999
47561
48000
47562
48001
47563
48002
47564
48003
47565
48004
47566
48005
47567
48006
47568
48007
47569
48008
47570
48009
47571
48010
47572
48011
47573
48012
47574
48013
47575
48014
47576
48015
47577
48016
47578
48017
47579
48018
47580
48019
47581
48020
47582
48021
47583
48022
47584
48023
47585
48024
47586
48025
47587
48026
47588
48027
47589
48028
47590
48029
47591
48030
47592
48031
47593
48032
47594
48033
47595
48034
47596
48035
47597
48036
47598
48037
47599
48038
47600
48039
47601
48040
47602
48041
47603
48042
47604
48043
47605
48044
47606
48045
47607
48046
47608
48047
47609
48048
47610
48049
47611
48050
47612
48051
47613
48052
47614
48053
47615
48054
47616
48055
47617
48056
47618
48057
47619
48058
47620
48059
47621
48060
47622
48061
47623
48062
47624
48063
47625
48064
47626
48065
47627
48066
47628
48067
47629
48068
47630
48069
47631
48070
47632
48071
47633
48072
47634
48073
47635
48074
47636
48075
47637
48076
47638
48077
47639
48078
47640
48079
47641
48080
47642
48081
47643
48082
47644
48083
47645
48084
47646
48085
47647
48086
47648
48087
47649
48088
47650
48089
47651
48090
47652
48091
47653
48092
47654
48093
47655
48094
47656
48095
47657
48096
47658
48097
47659
48098
47660
48099
47661
48100
47662
48101
47663
48102
47664
48103
47665
48104
47666
48105
47667
48106
47668
48107
47669
48108
47670
48109
47671
48110
47672
48111
47673
48112
47674
48113
47675
48114
47676
48115
47677
48116
47678
48117
47679
48118
47680
48119
47681
48120
47682
48121
47683
48122
47684
48123
47685
48124
47686
48125
47687
48126
47688
48127
47689
48128
47690
48129
47691
48130
47692
48131
47693
48132
47694
48133
47695
48134
47696
48135
47697
48136
47698
48137
47699
48138
47700
48139
47701
48140
47702
48141
47703
48142
47704
48143
47705
48144
47706
48145
47707
48146
47708
48147
47709
48148
47710
48149
47711
48150
47712
48151
47713
48152
47714
48153
47715
48154
47716
48155
47717
48156
47718
48157
47719
48158
47720
48159
47721
48160
47722
48161
47723
48162
47724
48163
47725
48164
47726
48165
47727
48166
47728
48167
47729
48168
47730
48169
47731
48170
47732
48171
47733
48172
47734
48173
47735
48174
47736
48175
47737
48176
47738
48177
47739
48178
47740
48179
47741
48180
47742
48181
47743
48182
47744
48183
47745
48184
47746
48185
47747
48186
47748
48187
47749
48188
47750
48189
47751
48190
47752
48191
47753
48192
47754
48193
47755
48194
47756
48195
47757
48196
47758
48197
47759
48198
48199
47761
48200
47762
48201
47763
48202
47764
48203
47765
48204
47766
48205
47767
48206
47768
48207
47769
48208
47770
48209
47771
48210
47772
48211
47773
48212
47774
48213
47775
48214
47776
48215
47777
48216
47778
48217
47779
48218
47780
48219
47781
48220
47782
48221
47783
48222
47784
48223
47785
48224
47786
48225
47787
48226
47788
48227
47789
48228
47790
48229
47791
48230
47792
48231
47793
48232
47794
48233
47795
48234
47796
48235
47797
48236
47798
48237
47799
48238
47800
48239
47801
48240
47802
48241
47803
48242
47804
48243
47805
48244
47806
48245
47807
48246
47808
48247
47809
48248
47810
48249
47811
48250
47812
48251
47813
48252
47814
48253
47815
48254
47816
48255
47817
48256
47818
48257
47819
48258
47820
48259
47821
48260
47822
48261
47823
48262
47824
48263
47825
48264
47826
48265
47827
48266
47828
48267
47829
48268
47830
48269
47831
48270
47832
48271
47833
48272
47834
48273
47835
48274
47836
48275
47837
48276
47838
48277
47839
48278
47840
48279
47841
48280
47842
48281
47843
48282
47844
48283
47845
48284
47846
48285
47847
48286
47848
48287
47849
48288
47850
48289
47851
48290
47852
48291
47853
48292
47854
48293
47855
48294
47856
48295
47857
48296
47858
48297
47859
48298
47860
48299
47861
48300
47862
48301
47863
48302
47864
48303
47865
48304
47866
48305
47867
48306
47868
48307
47869
48308
47870
48309
47871
48310
47872
48311
47873
48312
47874
48313
47875
48314
47876
48315
47877
48316
47878
48317
47879
48318
47880
48319
47881
48320
47882
48321
47883
48322
47884
48323
47885
48324
47886
48325
47887
48326
47888
48327
47889
48328
47890
48329
47891
48330
47892
48331
47893
48332
47894
48333
47895
48334
47896
48335
47897
48336
47898
48337
47899
48338
47900
48339
47901
48340
47902
48341
47903
48342
47904
48343
47905
48344
47906
48345
47907
48346
47908
48347
47909
48348
47910
48349
47911
48350
47912
48351
47913
48352
47914
48353
47915
48354
47916
48355
47917
48356
47918
48357
47919
48358
47920
48359
47921
48360
47922
48361
47923
48362
47924
48363
47925
48364
47926
48365
47927
48366
47928
48367
47929
48368
47930
48369
47931
48370
47932
48371
47933
48372
47934
48373
47935
48374
47936
48375
47937
48376
47938
48377
47939
48378
47940
48379
47941
48380
47942
48381
47943
48382
47944
48383
47945
48384
47946
48385
47947
48386
47948
48387
47949
48388
47950
48389
47951
48390
47952
48391
47953
48392
47954
48393
47955
48394
47956
48395
47957
48396
47958
48397
47959
48398
47960
48399
47961
48400
47962
48401
47963
48402
47964
48403
47965
48404
47966
48405
47967
48406
47968
48407
47969
48408
47970
48409
47971
48410
47972
48411
47973
48412
47974
48413
47975
48414
47976
48415
47977
48416
47978
48417
47979
48418
47980
48419
47981
48420
47982
48421
47983
48422
47984
48423
47985
48424
47986
48425
47987
48426
47988
48427
47989
48428
47990
48429
47991
48430
47992
48431
47993
48432
47994
48433
47995
48434
47996
48435
47997
48436
47998
48437
47999
48438
48000
48439
48001
48440
48002
48441
48003
48442
48004
48443
48005
48444
48006
48445
48007
48446
48008
48447
48009
48448
48010
48449
48011
48450
48012
48451
48013
48452
48014
48453
48015
48454
48016
48455
48017
48456
48018
48457
48019
48458
48020
48459
48021
48460
48022
48461
48023
48462
48024
48463
48025
48464
48026
48465
48027
48466
48028
48467
48029
48468
48030
48469
48031
48470
48032
48471
48033
48472
48034
48473
48035
48474
48036
48475
48037
48476
48038
48477
48039
48478
48040
48479
48041
48480
48042
48481
48043
48482
48044
48483
48045
48484
48046
48485
48047
48486
48048
48487
48049
48488
48050
48489
48051
48490
48052
48491
48053
48492
48054
48493
48055
48494
48056
48495
48057
48496
48058
48497
48059
48498
48060
48499
48061
48500
48062
48501
48063
48502
48064
48503
48065
48504
48066
48505
48067
48506
48068
48507
48069
48508
48070
48509
48071
48510
48072
48511
48073
48512
48074
48513
48075
48514
48076
48515
48077
48516
48078
48517
48079
48518
48080
48519
48081
48520
48082
48521
48083
48522
48084
48523
48085
48524
48086
48525
48087
48526
48088
48527
48089
48528
48090
48529
48091
48530
48092
48531
48093
48532
48094
48533
48095
48534
48096
48535
48097
48536
48098
48537
48099
48538
48100
48539
48101
48540
48102
48541
48103
48542
48104
48543
48105
48544
48106
48545
48107
48546
48108
48547
48109
48548
48110
48549
48111
48550
48112
48551
48113
48552
48114
48553
48115
48554
48116
48555
48117
48556
48118
48557
48119
48558
48120
48559
48121
48560
48122
48561
48123
48562
48124
48563
48125
48564
48126
48565
48127
48566
48128
48567
48129
48568
48130
48569
48131
48570
48132
48571
48133
48572
48134
48573
48135
48574
48136
48575
48137
48576
48138
48577
48139
48578
48140
48579
48141
48580
48142
48581
48143
48582
48144
48583
48145
48584
48146
48585
48147
48586
48148
48587
48149
48588
48150
48589
48151
48590
48152
48591
48153
48592
48154
48593
48155
48594
48156
48595
48157
48596
48158
48597
48159
48598
48160
48599
48161
48600
48162
48601
48163
48602
48164
48603
48165
48604
48166
48605
48167
48606
48168
48607
48169
48608
48170
48609
48171
48610
48172
48611
48173
48612
48174
48613
48175
48614
48176
48615
48177
48616
48178
48617
48179
48618
48180
48619
48181
48620
48182
48621
48183
48622
48184
48623
48185
48624
48186
48625
48187
48626
48188
48627
48189
48628
48190
48629
48191
48630
48192
48631
48193
48632
48194
48633
48195
48634
48196
48635
48197
48636
48198
48637
48199
48638
48639
48201
48640
48202
48641
48203
48642
48204
48643
48205
48644
48206
48645
48207
48646
48208
48647
48209
48648
48210
48649
48211
48650
48212
48651
48213
48652
48214
48653
48215
48654
48216
48655
48217
48656
48218
48657
48219
48658
48220
48659
48221
48660
48222
48661
48223
48662
48224
48663
48225
48664
48226
48665
48227
48666
48228
48667
48229
48668
48230
48669
48231
48670
48232
48671
48233
48672
48234
48673
48235
48674
48236
48675
48237
48676
48238
48677
48239
48678
48240
48679
48241
48680
48242
48681
48243
48682
48244
48683
48245
48684
48246
48685
48247
48686
48248
48687
48249
48688
48250
48689
48251
48690
48252
48691
48253
48692
48254
48693
48255
48694
48256
48695
48257
48696
48258
48697
48259
48698
48260
48699
48261
48700
48262
48701
48263
48702
48264
48703
48265
48704
48266
48705
48267
48706
48268
48707
48269
48708
48270
48709
48271
48710
48272
48711
48273
48712
48274
48713
48275
48714
48276
48715
48277
48716
48278
48717
48279
48718
48280
48719
48281
48720
48282
48721
48283
48722
48284
48723
48285
48724
48286
48725
48287
48726
48288
48727
48289
48728
48290
48729
48291
48730
48292
48731
48293
48732
48294
48733
48295
48734
48296
48735
48297
48736
48298
48737
48299
48738
48300
48739
48301
48740
48302
48741
48303
48742
48304
48743
48305
48744
48306
48745
48307
48746
48308
48747
48309
48748
48310
48749
48311
48750
48312
48751
48313
48752
48314
48753
48315
48754
48316
48755
48317
48756
48318
48757
48319
48758
48320
48759
48321
48760
48322
48761
48323
48762
48324
48763
48325
48764
48326
48765
48327
48766
48328
48767
48329
48768
48330
48769
48331
48770
48332
48771
48333
48772
48334
48773
48335
48774
48336
48775
48337
48776
48338
48777
48339
48778
48340
48779
48341
48780
48342
48781
48343
48782
48344
48783
48345
48784
48346
48785
48347
48786
48348
48787
48349
48788
48350
48789
48351
48790
48352
48791
48353
48792
48354
48793
48355
48794
48356
48795
48357
48796
48358
48797
48359
48798
48360
48799
48361
48800
48362
48801
48363
48802
48364
48803
48365
48804
48366
48805
48367
48806
48368
48807
48369
48808
48370
48809
48371
48810
48372
48811
48373
48812
48374
48813
48375
48814
48376
48815
48377
48816
48378
48817
48379
48818
48380
48819
48381
48820
48382
48821
48383
48822
48384
48823
48385
48824
48386
48825
48387
48826
48388
48827
48389
48828
48390
48829
48391
48830
48392
48831
48393
48832
48394
48833
48395
48834
48396
48835
48397
48836
48398
48837
48399
48838
48400
48839
48401
48840
48402
48841
48403
48842
48404
48843
48405
48844
48406
48845
48407
48846
48408
48847
48409
48848
48410
48849
48411
48850
48412
48851
48413
48852
48414
48853
48415
48854
48416
48855
48417
48856
48418
48857
48419
48858
48420
48859
48421
48860
48422
48861
48423
48862
48424
48863
48425
48864
48426
48865
48427
48866
48428
48867
48429
48868
48430
48869
48431
48870
48432
48871
48433
48872
48434
48873
48435
48874
48436
48875
48437
48876
48438
48877
48439
48878
48440
48879
48441
48880
48442
48881
48443
48882
48444
48883
48445
48884
48446
48885
48447
48886
48448
48887
48449
48888
48450
48889
48451
48890
48452
48891
48453
48892
48454
48893
48455
48894
48456
48895
48457
48896
48458
48897
48459
48898
48460
48899
48461
48900
48462
48901
48463
48902
48464
48903
48465
48904
48466
48905
48467
48906
48468
48907
48469
48908
48470
48909
48471
48910
48472
48911
48473
48912
48474
48913
48475
48914
48476
48915
48477
48916
48478
48917
48479
48918
48480
48919
48481
48920
48482
48921
48483
48922
48484
48923
48485
48924
48486
48925
48487
48926
48488
48927
48489
48928
48490
48929
48491
48930
48492
48931
48493
48932
48494
48933
48495
48934
48496
48935
48497
48936
48498
48937
48499
48938
48500
48939
48501
48940
48502
48941
48503
48942
48504
48943
48505
48944
48506
48945
48507
48946
48508
48947
48509
48948
48510
48949
48511
48950
48512
48951
48513
48952
48514
48953
48515
48954
48516
48955
48517
48956
48518
48957
48519
48958
48520
48959
48521
48960
48522
48961
48523
48962
48524
48963
48525
48964
48526
48965
48527
48966
48528
48967
48529
48968
48530
48969
48531
48970
48532
48971
48533
48972
48534
48973
48535
48974
48536
48975
48537
48976
48538
48977
48539
48978
48540
48979
48541
48980
48542
48981
48543
48982
48544
48983
48545
48984
48546
48985
48547
48986
48548
48987
48549
48988
48550
48989
48551
48990
48552
48991
48553
48992
48554
48993
48555
48994
48556
48995
48557
48996
48558
48997
48559
48998
48560
48999
48561
49000
48562
49001
48563
49002
48564
49003
48565
49004
48566
49005
48567
49006
48568
49007
48569
49008
48570
49009
48571
49010
48572
49011
48573
49012
48574
49013
48575
49014
48576
49015
48577
49016
48578
49017
48579
49018
48580
49019
48581
49020
48582
49021
48583
49022
48584
49023
48585
49024
48586
49025
48587
49026
48588
49027
48589
49028
48590
49029
48591
49030
48592
49031
48593
49032
48594
49033
48595
49034
48596
49035
48597
49036
48598
49037
48599
49038
48600
49039
48601
49040
48602
49041
48603
49042
48604
49043
48605
49044
48606
49045
48607
49046
48608
49047
48609
49048
48610
49049
48611
49050
48612
49051
48613
49052
48614
49053
48615
49054
48616
49055
48617
49056
48618
49057
48619
49058
48620
49059
48621
49060
48622
49061
48623
49062
48624
49063
48625
49064
48626
49065
48627
49066
48628
49067
48629
49068
48630
49069
48631
49070
48632
49071
48633
49072
48634
49073
48635
49074
48636
49075
48637
49076
48638
49077
48639
49078
49079
48641
49080
48642
49081
48643
49082
48644
49083
48645
49084
48646
49085
48647
49086
48648
49087
48649
49088
48650
49089
48651
49090
48652
49091
48653
49092
48654
49093
48655
49094
48656
49095
48657
49096
48658
49097
48659
49098
48660
49099
48661
49100
48662
49101
48663
49102
48664
49103
48665
49104
48666
49105
48667
49106
48668
49107
48669
49108
48670
49109
48671
49110
48672
49111
48673
49112
48674
49113
48675
49114
48676
49115
48677
49116
48678
49117
48679
49118
48680
49119
48681
49120
48682
49121
48683
49122
48684
49123
48685
49124
48686
49125
48687
49126
48688
49127
48689
49128
48690
49129
48691
49130
48692
49131
48693
49132
48694
49133
48695
49134
48696
49135
48697
49136
48698
49137
48699
49138
48700
49139
48701
49140
48702
49141
48703
49142
48704
49143
48705
49144
48706
49145
48707
49146
48708
49147
48709
49148
48710
49149
48711
49150
48712
49151
48713
49152
48714
49153
48715
49154
48716
49155
48717
49156
48718
49157
48719
49158
48720
49159
48721
49160
48722
49161
48723
49162
48724
49163
48725
49164
48726
49165
48727
49166
48728
49167
48729
49168
48730
49169
48731
49170
48732
49171
48733
49172
48734
49173
48735
49174
48736
49175
48737
49176
48738
49177
48739
49178
48740
49179
48741
49180
48742
49181
48743
49182
48744
49183
48745
49184
48746
49185
48747
49186
48748
49187
48749
49188
48750
49189
48751
49190
48752
49191
48753
49192
48754
49193
48755
49194
48756
49195
48757
49196
48758
49197
48759
49198
48760
49199
48761
49200
48762
49201
48763
49202
48764
49203
48765
49204
48766
49205
48767
49206
48768
49207
48769
49208
48770
49209
48771
49210
48772
49211
48773
49212
48774
49213
48775
49214
48776
49215
48777
49216
48778
49217
48779
49218
48780
49219
48781
49220
48782
49221
48783
49222
48784
49223
48785
49224
48786
49225
48787
49226
48788
49227
48789
49228
48790
49229
48791
49230
48792
49231
48793
49232
48794
49233
48795
49234
48796
49235
48797
49236
48798
49237
48799
49238
48800
49239
48801
49240
48802
49241
48803
49242
48804
49243
48805
49244
48806
49245
48807
49246
48808
49247
48809
49248
48810
49249
48811
49250
48812
49251
48813
49252
48814
49253
48815
49254
48816
49255
48817
49256
48818
49257
48819
49258
48820
49259
48821
49260
48822
49261
48823
49262
48824
49263
48825
49264
48826
49265
48827
49266
48828
49267
48829
49268
48830
49269
48831
49270
48832
49271
48833
49272
48834
49273
48835
49274
48836
49275
48837
49276
48838
49277
48839
49278
48840
49279
48841
49280
48842
49281
48843
49282
48844
49283
48845
49284
48846
49285
48847
49286
48848
49287
48849
49288
48850
49289
48851
49290
48852
49291
48853
49292
48854
49293
48855
49294
48856
49295
48857
49296
48858
49297
48859
49298
48860
49299
48861
49300
48862
49301
48863
49302
48864
49303
48865
49304
48866
49305
48867
49306
48868
49307
48869
49308
48870
49309
48871
49310
48872
49311
48873
49312
48874
49313
48875
49314
48876
49315
48877
49316
48878
49317
48879
49318
48880
49319
48881
49320
48882
49321
48883
49322
48884
49323
48885
49324
48886
49325
48887
49326
48888
49327
48889
49328
48890
49329
48891
49330
48892
49331
48893
49332
48894
49333
48895
49334
48896
49335
48897
49336
48898
49337
48899
49338
48900
49339
48901
49340
48902
49341
48903
49342
48904
49343
48905
49344
48906
49345
48907
49346
48908
49347
48909
49348
48910
49349
48911
49350
48912
49351
48913
49352
48914
49353
48915
49354
48916
49355
48917
49356
48918
49357
48919
49358
48920
49359
48921
49360
48922
49361
48923
49362
48924
49363
48925
49364
48926
49365
48927
49366
48928
49367
48929
49368
48930
49369
48931
49370
48932
49371
48933
49372
48934
49373
48935
49374
48936
49375
48937
49376
48938
49377
48939
49378
48940
49379
48941
49380
48942
49381
48943
49382
48944
49383
48945
49384
48946
49385
48947
49386
48948
49387
48949
49388
48950
49389
48951
49390
48952
49391
48953
49392
48954
49393
48955
49394
48956
49395
48957
49396
48958
49397
48959
49398
48960
49399
48961
49400
48962
49401
48963
49402
48964
49403
48965
49404
48966
49405
48967
49406
48968
49407
48969
49408
48970
49409
48971
49410
48972
49411
48973
49412
48974
49413
48975
49414
48976
49415
48977
49416
48978
49417
48979
49418
48980
49419
48981
49420
48982
49421
48983
49422
48984
49423
48985
49424
48986
49425
48987
49426
48988
49427
48989
49428
48990
49429
48991
49430
48992
49431
48993
49432
48994
49433
48995
49434
48996
49435
48997
49436
48998
49437
48999
49438
49000
49439
49001
49440
49002
49441
49003
49442
49004
49443
49005
49444
49006
49445
49007
49446
49008
49447
49009
49448
49010
49449
49011
49450
49012
49451
49013
49452
49014
49453
49015
49454
49016
49455
49017
49456
49018
49457
49019
49458
49020
49459
49021
49460
49022
49461
49023
49462
49024
49463
49025
49464
49026
49465
49027
49466
49028
49467
49029
49468
49030
49469
49031
49470
49032
49471
49033
49472
49034
49473
49035
49474
49036
49475
49037
49476
49038
49477
49039
49478
49040
49479
49041
49480
49042
49481
49043
49482
49044
49483
49045
49484
49046
49485
49047
49486
49048
49487
49049
49488
49050
49489
49051
49490
49052
49491
49053
49492
49054
49493
49055
49494
49056
49495
49057
49496
49058
49497
49059
49498
49060
49499
49061
49500
49062
49501
49063
49502
49064
49503
49065
49504
49066
49505
49067
49506
49068
49507
49069
49508
49070
49509
49071
49510
49072
49511
49073
49512
49074
49513
49075
49514
49076
49515
49077
49516
49078
49517
49079
49518
49519
49081
49520
49082
49521
49083
49522
49084
49523
49085
49524
49086
49525
49087
49526
49088
49527
49089
49528
49090
49529
49091
49530
49092
49531
49093
49532
49094
49533
49095
49534
49096
49535
49097
49536
49098
49537
49099
49538
49100
49539
49101
49540
49102
49541
49103
49542
49104
49543
49105
49544
49106
49545
49107
49546
49108
49547
49109
49548
49110
49549
49111
49550
49112
49551
49113
49552
49114
49553
49115
49554
49116
49555
49117
49556
49118
49557
49119
49558
49120
49559
49121
49560
49122
49561
49123
49562
49124
49563
49125
49564
49126
49565
49127
49566
49128
49567
49129
49568
49130
49569
49131
49570
49132
49571
49133
49572
49134
49573
49135
49574
49136
49575
49137
49576
49138
49577
49139
49578
49140
49579
49141
49580
49142
49581
49143
49582
49144
49583
49145
49584
49146
49585
49147
49586
49148
49587
49149
49588
49150
49589
49151
49590
49152
49591
49153
49592
49154
49593
49155
49594
49156
49595
49157
49596
49158
49597
49159
49598
49160
49599
49161
49600
49162
49601
49163
49602
49164
49603
49165
49604
49166
49605
49167
49606
49168
49607
49169
49608
49170
49609
49171
49610
49172
49611
49173
49612
49174
49613
49175
49614
49176
49615
49177
49616
49178
49617
49179
49618
49180
49619
49181
49620
49182
49621
49183
49622
49184
49623
49185
49624
49186
49625
49187
49626
49188
49627
49189
49628
49190
49629
49191
49630
49192
49631
49193
49632
49194
49633
49195
49634
49196
49635
49197
49636
49198
49637
49199
49638
49200
49639
49201
49640
49202
49641
49203
49642
49204
49643
49205
49644
49206
49645
49207
49646
49208
49647
49209
49648
49210
49649
49211
49650
49212
49651
49213
49652
49214
49653
49215
49654
49216
49655
49217
49656
49218
49657
49219
49658
49220
49659
49221
49660
49222
49661
49223
49662
49224
49663
49225
49664
49226
49665
49227
49666
49228
49667
49229
49668
49230
49669
49231
49670
49232
49671
49233
49672
49234
49673
49235
49674
49236
49675
49237
49676
49238
49677
49239
49678
49240
49679
49241
49680
49242
49681
49243
49682
49244
49683
49245
49684
49246
49685
49247
49686
49248
49687
49249
49688
49250
49689
49251
49690
49252
49691
49253
49692
49254
49693
49255
49694
49256
49695
49257
49696
49258
49697
49259
49698
49260
49699
49261
49700
49262
49701
49263
49702
49264
49703
49265
49704
49266
49705
49267
49706
49268
49707
49269
49708
49270
49709
49271
49710
49272
49711
49273
49712
49274
49713
49275
49714
49276
49715
49277
49716
49278
49717
49279
49718
49280
49719
49281
49720
49282
49721
49283
49722
49284
49723
49285
49724
49286
49725
49287
49726
49288
49727
49289
49728
49290
49729
49291
49730
49292
49731
49293
49732
49294
49733
49295
49734
49296
49735
49297
49736
49298
49737
49299
49738
49300
49739
49301
49740
49302
49741
49303
49742
49304
49743
49305
49744
49306
49745
49307
49746
49308
49747
49309
49748
49310
49749
49311
49750
49312
49751
49313
49752
49314
49753
49315
49754
49316
49755
49317
49756
49318
49757
49319
49758
49320
49759
49321
49760
49322
49761
49323
49762
49324
49763
49325
49764
49326
49765
49327
49766
49328
49767
49329
49768
49330
49769
49331
49770
49332
49771
49333
49772
49334
49773
49335
49774
49336
49775
49337
49776
49338
49777
49339
49778
49340
49779
49341
49780
49342
49781
49343
49782
49344
49783
49345
49784
49346
49785
49347
49786
49348
49787
49349
49788
49350
49789
49351
49790
49352
49791
49353
49792
49354
49793
49355
49794
49356
49795
49357
49796
49358
49797
49359
49798
49360
49799
49361
49800
49362
49801
49363
49802
49364
49803
49365
49804
49366
49805
49367
49806
49368
49807
49369
49808
49370
49809
49371
49810
49372
49811
49373
49812
49374
49813
49375
49814
49376
49815
49377
49816
49378
49817
49379
49818
49380
49819
49381
49820
49382
49821
49383
49822
49384
49823
49385
49824
49386
49825
49387
49826
49388
49827
49389
49828
49390
49829
49391
49830
49392
49831
49393
49832
49394
49833
49395
49834
49396
49835
49397
49836
49398
49837
49399
49838
49400
49839
49401
49840
49402
49841
49403
49842
49404
49843
49405
49844
49406
49845
49407
49846
49408
49847
49409
49848
49410
49849
49411
49850
49412
49851
49413
49852
49414
49853
49415
49854
49416
49855
49417
49856
49418
49857
49419
49858
49420
49859
49421
49860
49422
49861
49423
49862
49424
49863
49425
49864
49426
49865
49427
49866
49428
49867
49429
49868
49430
49869
49431
49870
49432
49871
49433
49872
49434
49873
49435
49874
49436
49875
49437
49876
49438
49877
49439
49878
49440
49879
49441
49880
49442
49881
49443
49882
49444
49883
49445
49884
49446
49885
49447
49886
49448
49887
49449
49888
49450
49889
49451
49890
49452
49891
49453
49892
49454
49893
49455
49894
49456
49895
49457
49896
49458
49897
49459
49898
49460
49899
49461
49900
49462
49901
49463
49902
49464
49903
49465
49904
49466
49905
49467
49906
49468
49907
49469
49908
49470
49909
49471
49910
49472
49911
49473
49912
49474
49913
49475
49914
49476
49915
49477
49916
49478
49917
49479
49918
49480
49919
49481
49920
49482
49921
49483
49922
49484
49923
49485
49924
49486
49925
49487
49926
49488
49927
49489
49928
49490
49929
49491
49930
49492
49931
49493
49932
49494
49933
49495
49934
49496
49935
49497
49936
49498
49937
49499
49938
49500
49939
49501
49940
49502
49941
49503
49942
49504
49943
49505
49944
49506
49945
49507
49946
49508
49947
49509
49948
49510
49949
49511
49950
49512
49951
49513
49952
49514
49953
49515
49954
49516
49955
49517
49956
49518
49957
49519
49958
49959
49521
49960
49522
49961
49523
49962
49524
49963
49525
49964
49526
49965
49527
49966
49528
49967
49529
49968
49530
49969
49531
49970
49532
49971
49533
49972
49534
49973
49535
49974
49536
49975
49537
49976
49538
49977
49539
49978
49540
49979
49541
49980
49542
49981
49543
49982
49544
49983
49545
49984
49546
49985
49547
49986
49548
49987
49549
49988
49550
49989
49551
49990
49552
49991
49553
49992
49554
49993
49555
49994
49556
49995
49557
49996
49558
49997
49559
49998
49560
49999
49561
50000
49562
50001
49563
50002
49564
50003
49565
50004
49566
50005
49567
50006
49568
50007
49569
50008
49570
50009
49571
50010
49572
50011
49573
50012
49574
50013
49575
50014
49576
50015
49577
50016
49578
50017
49579
50018
49580
50019
49581
50020
49582
50021
49583
50022
49584
50023
49585
50024
49586
50025
49587
50026
49588
50027
49589
50028
49590
50029
49591
50030
49592
50031
49593
50032
49594
50033
49595
50034
49596
50035
49597
50036
49598
50037
49599
50038
49600
50039
49601
50040
49602
50041
49603
50042
49604
50043
49605
50044
49606
50045
49607
50046
49608
50047
49609
50048
49610
50049
49611
50050
49612
50051
49613
50052
49614
50053
49615
50054
49616
50055
49617
50056
49618
50057
49619
50058
49620
50059
49621
50060
49622
50061
49623
50062
49624
50063
49625
50064
49626
50065
49627
50066
49628
50067
49629
50068
49630
50069
49631
50070
49632
50071
49633
50072
49634
50073
49635
50074
49636
50075
49637
50076
49638
50077
49639
50078
49640
50079
49641
50080
49642
50081
49643
50082
49644
50083
49645
50084
49646
50085
49647
50086
49648
50087
49649
50088
49650
50089
49651
50090
49652
50091
49653
50092
49654
50093
49655
50094
49656
50095
49657
50096
49658
50097
49659
50098
49660
50099
49661
50100
49662
50101
49663
50102
49664
50103
49665
50104
49666
50105
49667
50106
49668
50107
49669
50108
49670
50109
49671
50110
49672
50111
49673
50112
49674
50113
49675
50114
49676
50115
49677
50116
49678
50117
49679
50118
49680
50119
49681
50120
49682
50121
49683
50122
49684
50123
49685
50124
49686
50125
49687
50126
49688
50127
49689
50128
49690
50129
49691
50130
49692
50131
49693
50132
49694
50133
49695
50134
49696
50135
49697
50136
49698
50137
49699
50138
49700
50139
49701
50140
49702
50141
49703
50142
49704
50143
49705
50144
49706
50145
49707
50146
49708
50147
49709
50148
49710
50149
49711
50150
49712
50151
49713
50152
49714
50153
49715
50154
49716
50155
49717
50156
49718
50157
49719
50158
49720
50159
49721
50160
49722
50161
49723
50162
49724
50163
49725
50164
49726
50165
49727
50166
49728
50167
49729
50168
49730
50169
49731
50170
49732
50171
49733
50172
49734
50173
49735
50174
49736
50175
49737
50176
49738
50177
49739
50178
49740
50179
49741
50180
49742
50181
49743
50182
49744
50183
49745
50184
49746
50185
49747
50186
49748
50187
49749
50188
49750
50189
49751
50190
49752
50191
49753
50192
49754
50193
49755
50194
49756
50195
49757
50196
49758
50197
49759
50198
49760
50199
49761
50200
49762
50201
49763
50202
49764
50203
49765
50204
49766
50205
49767
50206
49768
50207
49769
50208
49770
50209
49771
50210
49772
50211
49773
50212
49774
50213
49775
50214
49776
50215
49777
50216
49778
50217
49779
50218
49780
50219
49781
50220
49782
50221
49783
50222
49784
50223
49785
50224
49786
50225
49787
50226
49788
50227
49789
50228
49790
50229
49791
50230
49792
50231
49793
50232
49794
50233
49795
50234
49796
50235
49797
50236
49798
50237
49799
50238
49800
50239
49801
50240
49802
50241
49803
50242
49804
50243
49805
50244
49806
50245
49807
50246
49808
50247
49809
50248
49810
50249
49811
50250
49812
50251
49813
50252
49814
50253
49815
50254
49816
50255
49817
50256
49818
50257
49819
50258
49820
50259
49821
50260
49822
50261
49823
50262
49824
50263
49825
50264
49826
50265
49827
50266
49828
50267
49829
50268
49830
50269
49831
50270
49832
50271
49833
50272
49834
50273
49835
50274
49836
50275
49837
50276
49838
50277
49839
50278
49840
50279
49841
50280
49842
50281
49843
50282
49844
50283
49845
50284
49846
50285
49847
50286
49848
50287
49849
50288
49850
50289
49851
50290
49852
50291
49853
50292
49854
50293
49855
50294
49856
50295
49857
50296
49858
50297
49859
50298
49860
50299
49861
50300
49862
50301
49863
50302
49864
50303
49865
50304
49866
50305
49867
50306
49868
50307
49869
50308
49870
50309
49871
50310
49872
50311
49873
50312
49874
50313
49875
50314
49876
50315
49877
50316
49878
50317
49879
50318
49880
50319
49881
50320
49882
50321
49883
50322
49884
50323
49885
50324
49886
50325
49887
50326
49888
50327
49889
50328
49890
50329
49891
50330
49892
50331
49893
50332
49894
50333
49895
50334
49896
50335
49897
50336
49898
50337
49899
50338
49900
50339
49901
50340
49902
50341
49903
50342
49904
50343
49905
50344
49906
50345
49907
50346
49908
50347
49909
50348
49910
50349
49911
50350
49912
50351
49913
50352
49914
50353
49915
50354
49916
50355
49917
50356
49918
50357
49919
50358
49920
50359
49921
50360
49922
50361
49923
50362
49924
50363
49925
50364
49926
50365
49927
50366
49928
50367
49929
50368
49930
50369
49931
50370
49932
50371
49933
50372
49934
50373
49935
50374
49936
50375
49937
50376
49938
50377
49939
50378
49940
50379
49941
50380
49942
50381
49943
50382
49944
50383
49945
50384
49946
50385
49947
50386
49948
50387
49949
50388
49950
50389
49951
50390
49952
50391
49953
50392
49954
50393
49955
50394
49956
50395
49957
50396
49958
50397
49959
50398
50399
49961
49962
49963
49964
49965
49966
49967
49968
49969
49970
49971
49972
49973
49974
49975
49976
49977
49978
49979
49980
49981
49982
49983
49984
49985
49986
49987
49988
49989
49990
49991
49992
49993
49994
49995
49996
49997
49998
49999
50000
50001
50002
50003
50004
50005
50006
50007
50008
50009
50010
50011
50012
50013
50014
50015
50016
50017
50018
50019
50020
50021
50022
50023
50024
50025
50026
50027
50028
50029
50030
50031
50032
50033
50034
50035
50036
50037
50038
50039
50040
50041
50042
50043
50044
50045
50046
50047
50048
50049
50050
50051
50052
50053
50054
50055
50056
50057
50058
50059
50060
50061
50062
50063
50064
50065
50066
50067
50068
50069
50070
50071
50072
50073
50074
50075
50076
50077
50078
50079
50080
50081
50082
50083
50084
50085
50086
50087
50088
50089
50090
50091
50092
50093
50094
50095
50096
50097
50098
50099
50100
50101
50102
50103
50104
50105
50106
50107
50108
50109
50110
50111
50112
50113
50114
50115
50116
50117
50118
50119
50120
50121
50122
50123
50124
50125
50126
50127
50128
50129
50130
50131
50132
50133
50134
50135
50136
50137
50138
50139
50140
50141
50142
50143
50144
50145
50146
50147
50148
50149
50150
50151
50152
50153
50154
50155
50156
50157
50158
50159
50160
50161
50162
50163
50164
50165
50166
50167
50168
50169
50170
50171
50172
50173
50174
50175
50176
50177
50178
50179
50180
50181
50182
50183
50184
50185
50186
50187
50188
50189
50190
50191
50192
50193
50194
50195
50196
50197
50198
50199
50200
50201
50202
50203
50204
50205
50206
50207
50208
50209
50210
50211
50212
50213
50214
50215
50216
50217
50218
50219
50220
50221
50222
50223
50224
50225
50226
50227
50228
50229
50230
50231
50232
50233
50234
50235
50236
50237
50238
50239
50240
50241
50242
50243
50244
50245
50246
50247
50248
50249
50250
50251
50252
50253
50254
50255
50256
50257
50258
50259
50260
50261
50262
50263
50264
50265
50266
50267
50268
50269
50270
50271
50272
50273
50274
50275
50276
50277
50278
50279
50280
50281
50282
50283
50284
50285
50286
50287
50288
50289
50290
50291
50292
50293
50294
50295
50296
50297
50298
50299
50300
50301
50302
50303
50304
50305
50306
50307
50308
50309
50310
50311
50312
50313
50314
50315
50316
50317
50318
50319
50320
50321
50322
50323
50324
50325
50326
50327
50328
50329
50330
50331
50332
50333
50334
50335
50336
50337
50338
50339
50340
50341
50342
50343
50344
50345
50346
50347
50348
50349
50350
50351
50352
50353
50354
50355
50356
50357
50358
50359
50360
50361
50362
50363
50364
50365
50366
50367
50368
50369
50370
50371
50372
50373
50374
50375
50376
50377
50378
50379
50380
50381
50382
50383
50384
50385
50386
50387
50388
50389
50390
50391
50392
50393
50394
50395
50396
50397
50398
50399
)


// ************************************************************************* //
